{"Total_scores": {"Ent_type": {"Correct": 12793, "Incorrect": 273, "Partial": 0, "Missed": 7692, "Spurious": 8235, "Possible": 20758, "Actual": 21301, "Precision": 0.5575269799354134, "Recall": 0.5737937559129612, "F1": 0.5634245177673145}, "Partial": {"Correct": 11384, "Incorrect": 0, "Partial": 1682, "Missed": 7692, "Spurious": 8235, "Possible": 20758, "Actual": 21301, "Precision": 0.5375623042317866, "Recall": 0.5531434428075866, "F1": 0.5432683673796344}, "Strict": {"Correct": 11160, "Incorrect": 1906, "Partial": 0, "Missed": 7692, "Spurious": 8235, "Possible": 20758, "Actual": 21301, "Precision": 0.4920356156435356, "Recall": 0.5015204757399648, "F1": 0.4956033515725604}, "Exact": {"Correct": 11384, "Incorrect": 1682, "Partial": 0, "Missed": 7692, "Spurious": 8235, "Possible": 20758, "Actual": 21301, "Precision": 0.5035551903608397, "Recall": 0.5155989548137135, "F1": 0.5080760795473833}}, "Scores_per_tag": {"Subjects": {"Ent_type": {"Correct": 4549, "Incorrect": 97, "Partial": 0, "Missed": 2190, "Spurious": 2221, "Possible": 6836, "Actual": 6867, "Precision": 0.6098121367752399, "Recall": 0.6140018921475875, "F1": 0.6112267423525701}, "Partial": {"Correct": 4537, "Incorrect": 0, "Partial": 109, "Missed": 2190, "Spurious": 2221, "Possible": 6836, "Actual": 6867, "Precision": 0.6127855115556157, "Recall": 0.619948641708339, "F1": 0.6151867369464342}, "Strict": {"Correct": 4444, "Incorrect": 202, "Partial": 0, "Missed": 2190, "Spurious": 2221, "Possible": 6836, "Actual": 6867, "Precision": 0.6000810920394648, "Recall": 0.6002162454385728, "F1": 0.600135153399108}, "Exact": {"Correct": 4537, "Incorrect": 109, "Partial": 0, "Missed": 2190, "Spurious": 2221, "Possible": 6836, "Actual": 6867, "Precision": 0.6076496823895121, "Recall": 0.6127855115556157, "F1": 0.6093706356714872}}, "Predicates": {"Ent_type": {"Correct": 4330, "Incorrect": 94, "Partial": 0, "Missed": 2623, "Spurious": 3161, "Possible": 7047, "Actual": 7585, "Precision": 0.5457381628147948, "Recall": 0.5714285714285714, "F1": 0.5533012826701162}, "Partial": {"Correct": 3522, "Incorrect": 0, "Partial": 902, "Missed": 2623, "Spurious": 3161, "Possible": 7047, "Actual": 7585, "Precision": 0.5071867819975673, "Recall": 0.5266252196242736, "F1": 0.5131941896910136}, "Strict": {"Correct": 3462, "Incorrect": 962, "Partial": 0, "Missed": 2623, "Spurious": 3161, "Possible": 7047, "Actual": 7585, "Precision": 0.45816101274947063, "Recall": 0.4610082443573456, "F1": 0.45916629660378816}, "Exact": {"Correct": 3522, "Incorrect": 902, "Partial": 0, "Missed": 2623, "Spurious": 3161, "Possible": 7047, "Actual": 7585, "Precision": 0.4622156147227103, "Recall": 0.46911744830382485, "F1": 0.46457243256810765}}, "Objects": {"Ent_type": {"Correct": 3914, "Incorrect": 82, "Partial": 0, "Missed": 2879, "Spurious": 2853, "Possible": 6875, "Actual": 6849, "Precision": 0.5213165264253249, "Recall": 0.5262873361265036, "F1": 0.5225103184422011}, "Partial": {"Correct": 3325, "Incorrect": 0, "Partial": 671, "Missed": 2879, "Spurious": 2853, "Possible": 6875, "Actual": 6849, "Precision": 0.4863419141564837, "Recall": 0.4927017164481687, "F1": 0.48824529302296565}, "Strict": {"Correct": 3254, "Incorrect": 742, "Partial": 0, "Missed": 2879, "Spurious": 2853, "Possible": 6875, "Actual": 6849, "Precision": 0.4379871153759517, "Recall": 0.43843762670631165, "F1": 0.4381673199080957}, "Exact": {"Correct": 3325, "Incorrect": 671, "Partial": 0, "Missed": 2879, "Spurious": 2853, "Possible": 6875, "Actual": 6849, "Precision": 0.4441365950353651, "Recall": 0.4480335180429788, "F1": 0.44546560345992703}}}, "Exact_match": {"Precision": 0.07620151898502414, "Recall": 0.03449648052917604, "F1": 0.04297247835537022}}