{"Total_scores": {"Ent_type": {"Correct": 311, "Incorrect": 5, "Partial": 0, "Missed": 102, "Spurious": 156, "Possible": 418, "Actual": 472, "Precision": 0.6484649122807018, "Recall": 0.6677631578947368, "F1": 0.6557905179615706}, "Partial": {"Correct": 283, "Incorrect": 0, "Partial": 33, "Missed": 102, "Spurious": 156, "Possible": 418, "Actual": 472, "Precision": 0.6302631578947369, "Recall": 0.6469298245614035, "F1": 0.6361189431913116}, "Strict": {"Correct": 278, "Incorrect": 38, "Partial": 0, "Missed": 102, "Spurious": 156, "Possible": 418, "Actual": 472, "Precision": 0.5885964912280701, "Recall": 0.5997807017543859, "F1": 0.5929824561403508}, "Exact": {"Correct": 283, "Incorrect": 33, "Partial": 0, "Missed": 102, "Spurious": 156, "Possible": 418, "Actual": 472, "Precision": 0.600328947368421, "Recall": 0.6129385964912281, "F1": 0.6047149122807017}}, "Scores_per_tag": {"Subjects": {"Ent_type": {"Correct": 116, "Incorrect": 4, "Partial": 0, "Missed": 24, "Spurious": 46, "Possible": 144, "Actual": 166, "Precision": 0.6929824561403509, "Recall": 0.7105263157894737, "F1": 0.7}, "Partial": {"Correct": 111, "Incorrect": 0, "Partial": 9, "Missed": 24, "Spurious": 46, "Possible": 144, "Actual": 166, "Precision": 0.7006578947368421, "Recall": 0.7203947368421053, "F1": 0.7081140350877193}, "Strict": {"Correct": 107, "Incorrect": 13, "Partial": 0, "Missed": 24, "Spurious": 46, "Possible": 144, "Actual": 166, "Precision": 0.668859649122807, "Recall": 0.6776315789473685, "F1": 0.6723684210526316}, "Exact": {"Correct": 111, "Incorrect": 9, "Partial": 0, "Missed": 24, "Spurious": 46, "Possible": 144, "Actual": 166, "Precision": 0.6885964912280702, "Recall": 0.7039473684210527, "F1": 0.6942982456140351}}, "Predicates": {"Ent_type": {"Correct": 108, "Incorrect": 0, "Partial": 0, "Missed": 31, "Spurious": 52, "Possible": 139, "Actual": 160, "Precision": 0.6726973684210527, "Recall": 0.6973684210526315, "F1": 0.6798245614035088}, "Partial": {"Correct": 94, "Incorrect": 0, "Partial": 14, "Missed": 31, "Spurious": 52, "Possible": 139, "Actual": 160, "Precision": 0.6411732456140351, "Recall": 0.6546052631578947, "F1": 0.6451754385964912}, "Strict": {"Correct": 94, "Incorrect": 14, "Partial": 0, "Missed": 31, "Spurious": 52, "Possible": 139, "Actual": 160, "Precision": 0.6096491228070176, "Recall": 0.6118421052631579, "F1": 0.6105263157894737}, "Exact": {"Correct": 94, "Incorrect": 14, "Partial": 0, "Missed": 31, "Spurious": 52, "Possible": 139, "Actual": 160, "Precision": 0.6096491228070176, "Recall": 0.6118421052631579, "F1": 0.6105263157894737}}, "Objects": {"Ent_type": {"Correct": 87, "Incorrect": 1, "Partial": 0, "Missed": 47, "Spurious": 58, "Possible": 135, "Actual": 146, "Precision": 0.5723684210526315, "Recall": 0.5723684210526315, "F1": 0.5723684210526315}, "Partial": {"Correct": 78, "Incorrect": 0, "Partial": 10, "Missed": 47, "Spurious": 58, "Possible": 135, "Actual": 146, "Precision": 0.5427631578947368, "Recall": 0.5460526315789473, "F1": 0.543859649122807}, "Strict": {"Correct": 77, "Incorrect": 11, "Partial": 0, "Missed": 47, "Spurious": 58, "Possible": 135, "Actual": 146, "Precision": 0.506578947368421, "Recall": 0.506578947368421, "F1": 0.506578947368421}, "Exact": {"Correct": 78, "Incorrect": 10, "Partial": 0, "Missed": 47, "Spurious": 58, "Possible": 135, "Actual": 146, "Precision": 0.5098684210526315, "Recall": 0.5131578947368421, "F1": 0.5109649122807017}}}, "Exact_match": {"Precision": 0.22330097087378642, "Recall": 0.21035598705501615, "F1": 0.21440129449838186}}