{"Total_scores": {"Ent_type": {"Correct": 291, "Incorrect": 3, "Partial": 0, "Missed": 118, "Spurious": 171, "Possible": 412, "Actual": 465, "Precision": 0.6187363834422658, "Recall": 0.6296296296296297, "F1": 0.6230366220562299}, "Partial": {"Correct": 267, "Incorrect": 0, "Partial": 27, "Missed": 118, "Spurious": 171, "Possible": 412, "Actual": 465, "Precision": 0.5985838779956427, "Recall": 0.6105664488017429, "F1": 0.603275754746343}, "Strict": {"Correct": 264, "Incorrect": 30, "Partial": 0, "Missed": 118, "Spurious": 171, "Possible": 412, "Actual": 465, "Precision": 0.5664488017429193, "Recall": 0.5718954248366013, "F1": 0.5687000726216412}, "Exact": {"Correct": 267, "Incorrect": 27, "Partial": 0, "Missed": 118, "Spurious": 171, "Possible": 412, "Actual": 465, "Precision": 0.5724400871459695, "Recall": 0.5816993464052288, "F1": 0.5761074800290487}}, "Scores_per_tag": {"Subjects": {"Ent_type": {"Correct": 102, "Incorrect": 2, "Partial": 0, "Missed": 36, "Spurious": 55, "Possible": 140, "Actual": 159, "Precision": 0.6318082788671024, "Recall": 0.6405228758169934, "F1": 0.6352941176470588}, "Partial": {"Correct": 99, "Incorrect": 0, "Partial": 5, "Missed": 36, "Spurious": 55, "Possible": 140, "Actual": 159, "Precision": 0.630718954248366, "Recall": 0.6437908496732027, "F1": 0.6355119825708061}, "Strict": {"Correct": 97, "Incorrect": 7, "Partial": 0, "Missed": 36, "Spurious": 55, "Possible": 140, "Actual": 159, "Precision": 0.616557734204793, "Recall": 0.6209150326797386, "F1": 0.6183006535947713}, "Exact": {"Correct": 99, "Incorrect": 5, "Partial": 0, "Missed": 36, "Spurious": 55, "Possible": 140, "Actual": 159, "Precision": 0.6230936819172114, "Recall": 0.6339869281045751, "F1": 0.6270152505446623}}, "Predicates": {"Ent_type": {"Correct": 103, "Incorrect": 0, "Partial": 0, "Missed": 34, "Spurious": 54, "Possible": 137, "Actual": 157, "Precision": 0.6574074074074074, "Recall": 0.673202614379085, "F1": 0.6616557734204793}, "Partial": {"Correct": 93, "Incorrect": 0, "Partial": 10, "Missed": 34, "Spurious": 54, "Possible": 137, "Actual": 157, "Precision": 0.6326252723311547, "Recall": 0.6405228758169934, "F1": 0.6347494553376907}, "Strict": {"Correct": 93, "Incorrect": 10, "Partial": 0, "Missed": 34, "Spurious": 54, "Possible": 137, "Actual": 157, "Precision": 0.6078431372549019, "Recall": 0.6078431372549019, "F1": 0.6078431372549019}, "Exact": {"Correct": 93, "Incorrect": 10, "Partial": 0, "Missed": 34, "Spurious": 54, "Possible": 137, "Actual": 157, "Precision": 0.6078431372549019, "Recall": 0.6078431372549019, "F1": 0.6078431372549019}}, "Objects": {"Ent_type": {"Correct": 86, "Incorrect": 1, "Partial": 0, "Missed": 48, "Spurious": 62, "Possible": 135, "Actual": 149, "Precision": 0.5620915032679739, "Recall": 0.5620915032679739, "F1": 0.5620915032679739}, "Partial": {"Correct": 75, "Incorrect": 0, "Partial": 12, "Missed": 48, "Spurious": 62, "Possible": 135, "Actual": 149, "Precision": 0.5261437908496732, "Recall": 0.5294117647058824, "F1": 0.5272331154684096}, "Strict": {"Correct": 74, "Incorrect": 13, "Partial": 0, "Missed": 48, "Spurious": 62, "Possible": 135, "Actual": 149, "Precision": 0.48366013071895425, "Recall": 0.48366013071895425, "F1": 0.48366013071895425}, "Exact": {"Correct": 75, "Incorrect": 12, "Partial": 0, "Missed": 48, "Spurious": 62, "Possible": 135, "Actual": 149, "Precision": 0.4869281045751634, "Recall": 0.49019607843137253, "F1": 0.4880174291938998}}}, "Exact_match": {"Precision": 0.19617224880382775, "Recall": 0.18979266347687399, "F1": 0.19202551834130782}}