{"Total_scores": {"Ent_type": {"Correct": 15495, "Incorrect": 49, "Partial": 0, "Missed": 5642, "Spurious": 22917, "Possible": 21186, "Actual": 38461, "Precision": 0.3807088936811859, "Recall": 0.38664860188789657, "F1": 0.3822701041844619}, "Partial": {"Correct": 14454, "Incorrect": 0, "Partial": 1090, "Missed": 5642, "Spurious": 22917, "Possible": 21186, "Actual": 38461, "Precision": 0.3698700613688019, "Recall": 0.3757047808055365, "F1": 0.3717712691264328}, "Strict": {"Correct": 14413, "Incorrect": 1131, "Partial": 0, "Missed": 5642, "Spurious": 22917, "Possible": 21186, "Actual": 38461, "Precision": 0.35662047160787713, "Recall": 0.36164414930158, "F1": 0.3586368664454307}, "Exact": {"Correct": 14454, "Incorrect": 1090, "Partial": 0, "Missed": 5642, "Spurious": 22917, "Possible": 21186, "Actual": 38461, "Precision": 0.3577005418315242, "Recall": 0.3630689769228812, "F1": 0.3598305230547044}}, "Scores_per_tag": {"Subjects": {"Ent_type": {"Correct": 5623, "Incorrect": 27, "Partial": 0, "Missed": 1522, "Spurious": 7398, "Possible": 7172, "Actual": 13048, "Precision": 0.4025519680431519, "Recall": 0.41073200519044345, "F1": 0.40568913314505256}, "Partial": {"Correct": 5251, "Incorrect": 0, "Partial": 399, "Missed": 1522, "Spurious": 7398, "Possible": 7172, "Actual": 13048, "Precision": 0.3957522326539959, "Recall": 0.40218303946263645, "F1": 0.3982036994631453}, "Strict": {"Correct": 5225, "Incorrect": 425, "Partial": 0, "Missed": 1522, "Spurious": 7398, "Possible": 7172, "Actual": 13048, "Precision": 0.38650993562832353, "Recall": 0.3895885810243493, "F1": 0.38774139378673383}, "Exact": {"Correct": 5251, "Incorrect": 399, "Partial": 0, "Missed": 1522, "Spurious": 7398, "Possible": 7172, "Actual": 13048, "Precision": 0.3876930514210111, "Recall": 0.3915731623540188, "F1": 0.3891916647584154}}, "Predicates": {"Ent_type": {"Correct": 4945, "Incorrect": 5, "Partial": 0, "Missed": 2071, "Spurious": 7766, "Possible": 7021, "Actual": 12716, "Precision": 0.36489580948019235, "Recall": 0.37165101900618275, "F1": 0.3671958883545785}, "Partial": {"Correct": 4612, "Incorrect": 0, "Partial": 338, "Missed": 2071, "Spurious": 7766, "Possible": 7021, "Actual": 12716, "Precision": 0.35662672060656947, "Recall": 0.3605831615907183, "F1": 0.3580019336946289}, "Strict": {"Correct": 4612, "Incorrect": 338, "Partial": 0, "Missed": 2071, "Spurious": 7766, "Possible": 7021, "Actual": 12716, "Precision": 0.34816680660509375, "Recall": 0.34913365391954815, "F1": 0.34855354553087553}, "Exact": {"Correct": 4612, "Incorrect": 338, "Partial": 0, "Missed": 2071, "Spurious": 7766, "Possible": 7021, "Actual": 12716, "Precision": 0.34816680660509375, "Recall": 0.34913365391954815, "F1": 0.34855354553087553}}, "Objects": {"Ent_type": {"Correct": 4927, "Incorrect": 17, "Partial": 0, "Missed": 2049, "Spurious": 7753, "Possible": 6993, "Actual": 12697, "Precision": 0.3663513470474771, "Recall": 0.37088771849477137, "F1": 0.36773026479919085}, "Partial": {"Correct": 4591, "Incorrect": 0, "Partial": 353, "Missed": 2049, "Spurious": 7753, "Possible": 6993, "Actual": 12697, "Precision": 0.35681699861342636, "Recall": 0.36001068620715976, "F1": 0.35783149629039257}, "Strict": {"Correct": 4576, "Incorrect": 368, "Partial": 0, "Missed": 2049, "Spurious": 7753, "Possible": 6993, "Actual": 12697, "Precision": 0.3456415540798412, "Recall": 0.34669109228303185, "F1": 0.34602447650306595}, "Exact": {"Correct": 4591, "Incorrect": 353, "Partial": 0, "Missed": 2049, "Spurious": 7753, "Possible": 6993, "Actual": 12697, "Precision": 0.3464048545912526, "Recall": 0.34783604305014887, "F1": 0.34691499376637913}}}, "Exact_match": {"Precision": 0.15004501157055, "Recall": 0.09251117418973309, "F1": 0.10568623908505823}}