{"Total_scores": {"Ent_type": {"Correct": 15211, "Incorrect": 114, "Partial": 0, "Missed": 5758, "Spurious": 6969, "Possible": 21083, "Actual": 22294, "Precision": 0.6347880037808002, "Recall": 0.6414394134293799, "F1": 0.6352888285998654}, "Partial": {"Correct": 14149, "Incorrect": 0, "Partial": 1176, "Missed": 5758, "Spurious": 6969, "Possible": 21083, "Actual": 22294, "Precision": 0.6165165819944569, "Recall": 0.6243664780036018, "F1": 0.6184288699965957}, "Strict": {"Correct": 14088, "Incorrect": 1237, "Partial": 0, "Missed": 5758, "Spurious": 6969, "Possible": 21083, "Actual": 22294, "Precision": 0.5889363530732196, "Recall": 0.5970457079152731, "F1": 0.5921896618802973}, "Exact": {"Correct": 14149, "Incorrect": 1176, "Partial": 0, "Missed": 5758, "Spurious": 6969, "Possible": 21083, "Actual": 22294, "Precision": 0.5919292353303158, "Recall": 0.6005831403824715, "F1": 0.595279938381945}}, "Scores_per_tag": {"Subjects": {"Ent_type": {"Correct": 5441, "Incorrect": 40, "Partial": 0, "Missed": 1626, "Spurious": 2200, "Possible": 7107, "Actual": 7681, "Precision": 0.6590987050853272, "Recall": 0.671983534859789, "F1": 0.6639996569762456}, "Partial": {"Correct": 5107, "Incorrect": 0, "Partial": 374, "Missed": 1626, "Spurious": 2200, "Possible": 7107, "Actual": 7681, "Precision": 0.6492260526541463, "Recall": 0.6600527399022382, "F1": 0.6532930280421919}, "Strict": {"Correct": 5067, "Incorrect": 414, "Partial": 0, "Missed": 1626, "Spurious": 2200, "Possible": 7107, "Actual": 7681, "Precision": 0.6331789726438556, "Recall": 0.6378312323128377, "F1": 0.6350398765114484}, "Exact": {"Correct": 5107, "Incorrect": 374, "Partial": 0, "Missed": 1626, "Spurious": 2200, "Possible": 7107, "Actual": 7681, "Precision": 0.6362661864334105, "Recall": 0.6429765886287625, "F1": 0.6388131378097933}}, "Predicates": {"Ent_type": {"Correct": 4913, "Incorrect": 53, "Partial": 0, "Missed": 2066, "Spurious": 2436, "Possible": 7032, "Actual": 7402, "Precision": 0.6092316267901552, "Recall": 0.6207872395163365, "F1": 0.6132021267472773}, "Partial": {"Correct": 4560, "Incorrect": 0, "Partial": 406, "Missed": 2066, "Spurious": 2436, "Possible": 7032, "Actual": 7402, "Precision": 0.5960198524997856, "Recall": 0.6042899408284024, "F1": 0.5988958922905411}, "Strict": {"Correct": 4557, "Incorrect": 409, "Partial": 0, "Missed": 2066, "Spurious": 2436, "Possible": 7032, "Actual": 7402, "Precision": 0.5786917931566761, "Recall": 0.5805891432981733, "F1": 0.5794443015178801}, "Exact": {"Correct": 4560, "Incorrect": 406, "Partial": 0, "Missed": 2066, "Spurious": 2436, "Possible": 7032, "Actual": 7402, "Precision": 0.5790133779264214, "Recall": 0.5809750450218678, "F1": 0.5797873252722751}}, "Objects": {"Ent_type": {"Correct": 4857, "Incorrect": 21, "Partial": 0, "Missed": 2066, "Spurious": 2333, "Possible": 6944, "Actual": 7211, "Precision": 0.6135809221222136, "Recall": 0.6210445073321328, "F1": 0.6157006872725936}, "Partial": {"Correct": 4482, "Incorrect": 0, "Partial": 396, "Missed": 2066, "Spurious": 2333, "Possible": 6944, "Actual": 7211, "Precision": 0.5941639710516736, "Recall": 0.5992089014664266, "F1": 0.5956730003552746}, "Strict": {"Correct": 4464, "Incorrect": 414, "Partial": 0, "Missed": 2066, "Spurious": 2333, "Possible": 6944, "Actual": 7211, "Precision": 0.5715954892376297, "Recall": 0.5723565731926936, "F1": 0.5718720521396107}, "Exact": {"Correct": 4482, "Incorrect": 396, "Partial": 0, "Missed": 2066, "Spurious": 2333, "Possible": 6944, "Actual": 7211, "Precision": 0.5730747791784581, "Recall": 0.5746719835348598, "F1": 0.573630048880885}}}, "Exact_match": {"Precision": 0.1475245450339214, "Recall": 0.09268826249803067, "F1": 0.10592795938760817}}