{"Total_scores": {"Ent_type": {"Correct": 15280, "Incorrect": 61, "Partial": 0, "Missed": 5665, "Spurious": 16227, "Possible": 21006, "Actual": 31568, "Precision": 0.4535702708022183, "Recall": 0.4595702650133722, "F1": 0.45585462181468744}, "Partial": {"Correct": 14458, "Incorrect": 0, "Partial": 883, "Missed": 5665, "Spurious": 16227, "Possible": 21006, "Actual": 31568, "Precision": 0.44399968016625563, "Recall": 0.4491756321419888, "F1": 0.44595754026142426}, "Strict": {"Correct": 14409, "Incorrect": 932, "Partial": 0, "Missed": 5665, "Spurious": 16227, "Possible": 21006, "Actual": 31568, "Precision": 0.4308366040313524, "Recall": 0.4346325674690007, "F1": 0.4323243374665694}, "Exact": {"Correct": 14458, "Incorrect": 883, "Partial": 0, "Missed": 5665, "Spurious": 16227, "Possible": 21006, "Actual": 31568, "Precision": 0.43244735044516225, "Recall": 0.4364484561147581, "F1": 0.4339856639227536}}, "Scores_per_tag": {"Subjects": {"Ent_type": {"Correct": 5352, "Incorrect": 29, "Partial": 0, "Missed": 1633, "Spurious": 5189, "Possible": 7014, "Actual": 10570, "Precision": 0.47480549477267203, "Recall": 0.4799416484318016, "F1": 0.47669584245076585}, "Partial": {"Correct": 5219, "Incorrect": 0, "Partial": 162, "Missed": 1633, "Spurious": 5189, "Possible": 7014, "Actual": 10570, "Precision": 0.4732403355215171, "Recall": 0.4772064186725018, "F1": 0.47469608558230003}, "Strict": {"Correct": 5190, "Incorrect": 191, "Partial": 0, "Missed": 1633, "Spurious": 5189, "Possible": 7014, "Actual": 10570, "Precision": 0.46784585460734257, "Recall": 0.46918307804522247, "F1": 0.4683807439824945}, "Exact": {"Correct": 5219, "Incorrect": 162, "Partial": 0, "Missed": 1633, "Spurious": 5189, "Possible": 7014, "Actual": 10570, "Precision": 0.46976051543885244, "Recall": 0.47182713347921224, "F1": 0.47053853634816434}}, "Predicates": {"Ent_type": {"Correct": 5074, "Incorrect": 7, "Partial": 0, "Missed": 1928, "Spurious": 5478, "Possible": 7009, "Actual": 10559, "Precision": 0.4498829929491855, "Recall": 0.45678336980306344, "F1": 0.4522159702684867}, "Partial": {"Correct": 4673, "Incorrect": 0, "Partial": 408, "Missed": 1928, "Spurious": 5478, "Possible": 7009, "Actual": 10559, "Precision": 0.43621672137126183, "Recall": 0.44028081692195475, "F1": 0.43761809245944916}, "Strict": {"Correct": 4673, "Incorrect": 408, "Partial": 0, "Missed": 1928, "Spurious": 5478, "Possible": 7009, "Actual": 10559, "Precision": 0.4221401653294432, "Recall": 0.42314004376367614, "F1": 0.4225339515820916}, "Exact": {"Correct": 4673, "Incorrect": 408, "Partial": 0, "Missed": 1928, "Spurious": 5478, "Possible": 7009, "Actual": 10559, "Precision": 0.4221401653294432, "Recall": 0.42314004376367614, "F1": 0.4225339515820916}}, "Objects": {"Ent_type": {"Correct": 4854, "Incorrect": 25, "Partial": 0, "Missed": 2104, "Spurious": 5560, "Possible": 6983, "Actual": 10439, "Precision": 0.4352017557570074, "Recall": 0.43800145878920493, "F1": 0.4361339046924386}, "Partial": {"Correct": 4566, "Incorrect": 0, "Partial": 313, "Missed": 2104, "Spurious": 5560, "Possible": 6983, "Actual": 10439, "Precision": 0.4246995588899309, "Recall": 0.42715171407731584, "F1": 0.4255310904449307}, "Strict": {"Correct": 4546, "Incorrect": 333, "Partial": 0, "Missed": 2104, "Spurious": 5560, "Possible": 6983, "Actual": 10439, "Precision": 0.4112797836129346, "Recall": 0.412199124726477, "F1": 0.41161560904449307}, "Exact": {"Correct": 4566, "Incorrect": 313, "Partial": 0, "Missed": 2104, "Spurious": 5560, "Possible": 6983, "Actual": 10439, "Precision": 0.4125562241672745, "Recall": 0.41402261123267686, "F1": 0.41307439824945297}}}, "Exact_match": {"Precision": 0.1853715831364317, "Recall": 0.12344764956077513, "F1": 0.13820426826678953}}