{"Total_scores": {"Ent_type": {"Correct": 15855, "Incorrect": 44, "Partial": 0, "Missed": 5322, "Spurious": 8751, "Possible": 21221, "Actual": 24650, "Precision": 0.6094716148094038, "Recall": 0.6234124116891457, "F1": 0.6145943671774596}, "Partial": {"Correct": 14774, "Incorrect": 0, "Partial": 1125, "Missed": 5322, "Spurious": 8751, "Possible": 21221, "Actual": 24650, "Precision": 0.5932202341252196, "Recall": 0.6052274004495826, "F1": 0.5977635846945818}, "Strict": {"Correct": 14740, "Incorrect": 1159, "Partial": 0, "Missed": 5322, "Spurious": 8751, "Possible": 21221, "Actual": 24650, "Precision": 0.5734875994269057, "Recall": 0.5830884714193962, "F1": 0.5773886123777742}, "Exact": {"Correct": 14774, "Incorrect": 1125, "Partial": 0, "Missed": 5322, "Spurious": 8751, "Possible": 21221, "Actual": 24650, "Precision": 0.5750109616619732, "Recall": 0.5848145472061657, "F1": 0.578942654032972}}, "Scores_per_tag": {"Subjects": {"Ent_type": {"Correct": 5729, "Incorrect": 22, "Partial": 0, "Missed": 1417, "Spurious": 2618, "Possible": 7168, "Actual": 8369, "Precision": 0.6481013166345536, "Recall": 0.661849710982659, "F1": 0.6532875722543353}, "Partial": {"Correct": 5350, "Incorrect": 0, "Partial": 401, "Missed": 1417, "Spurious": 2618, "Possible": 7168, "Actual": 8369, "Precision": 0.637493978805395, "Recall": 0.6473687379576107, "F1": 0.6412431759794477}, "Strict": {"Correct": 5331, "Incorrect": 420, "Partial": 0, "Missed": 1417, "Spurious": 2618, "Possible": 7168, "Actual": 8369, "Precision": 0.6232739242132306, "Recall": 0.6279503853564548, "F1": 0.6251445086705202}, "Exact": {"Correct": 5350, "Incorrect": 401, "Partial": 0, "Missed": 1417, "Spurious": 2618, "Possible": 7168, "Actual": 8369, "Precision": 0.6248996467565832, "Recall": 0.6302384393063584, "F1": 0.6269910083493898}}, "Predicates": {"Ent_type": {"Correct": 5051, "Incorrect": 4, "Partial": 0, "Missed": 2004, "Spurious": 3103, "Possible": 7059, "Actual": 8158, "Precision": 0.5823197655748233, "Recall": 0.5945327552986512, "F1": 0.5865968208092486}, "Partial": {"Correct": 4675, "Incorrect": 0, "Partial": 380, "Missed": 2004, "Spurious": 3103, "Possible": 7059, "Actual": 8158, "Precision": 0.5681699582530507, "Recall": 0.5755659922928709, "F1": 0.5708112556197816}, "Strict": {"Correct": 4675, "Incorrect": 380, "Partial": 0, "Missed": 2004, "Spurious": 3103, "Possible": 7059, "Actual": 8158, "Precision": 0.5537793031470777, "Recall": 0.5561175337186898, "F1": 0.5547045600513809}, "Exact": {"Correct": 4675, "Incorrect": 380, "Partial": 0, "Missed": 2004, "Spurious": 3103, "Possible": 7059, "Actual": 8158, "Precision": 0.5537793031470777, "Recall": 0.5561175337186898, "F1": 0.5547045600513809}}, "Objects": {"Ent_type": {"Correct": 5075, "Incorrect": 18, "Partial": 0, "Missed": 1901, "Spurious": 3030, "Possible": 6994, "Actual": 8123, "Precision": 0.595600380472129, "Recall": 0.6036849710982659, "F1": 0.5978966133951683}, "Partial": {"Correct": 4749, "Incorrect": 0, "Partial": 344, "Missed": 1901, "Spurious": 3030, "Possible": 6994, "Actual": 8123, "Precision": 0.5817496924839771, "Recall": 0.5870062620423893, "F1": 0.5833293278921892}, "Strict": {"Correct": 4734, "Incorrect": 359, "Partial": 0, "Missed": 1901, "Spurious": 3030, "Possible": 6994, "Actual": 8123, "Precision": 0.5648884071933205, "Recall": 0.5663535645472062, "F1": 0.5654303147077714}, "Exact": {"Correct": 4749, "Incorrect": 344, "Partial": 0, "Missed": 1901, "Spurious": 3030, "Possible": 6994, "Actual": 8123, "Precision": 0.5662732819524727, "Recall": 0.5681599229287091, "F1": 0.5669556840077071}}}, "Exact_match": {"Precision": 0.1547143341102938, "Recall": 0.09685840221427697, "F1": 0.11001836555695126}}