{"Total_scores": {"Ent_type": {"Correct": 15845, "Incorrect": 58, "Partial": 0, "Missed": 5229, "Spurious": 17113, "Possible": 21132, "Actual": 33016, "Precision": 0.45883646037616865, "Recall": 0.4683099225643796, "F1": 0.4625475640872723}, "Partial": {"Correct": 14837, "Incorrect": 0, "Partial": 1066, "Missed": 5229, "Spurious": 17113, "Possible": 21132, "Actual": 33016, "Precision": 0.4477878862738398, "Recall": 0.45569737079056366, "F1": 0.45082621285011887}, "Strict": {"Correct": 14782, "Incorrect": 1121, "Partial": 0, "Missed": 5229, "Spurious": 17113, "Possible": 21132, "Actual": 33016, "Precision": 0.43291105117145096, "Recall": 0.43882285851491687, "F1": 0.4352603074037434}, "Exact": {"Correct": 14837, "Incorrect": 1066, "Partial": 0, "Missed": 5229, "Spurious": 17113, "Possible": 21132, "Actual": 33016, "Precision": 0.4347899154490186, "Recall": 0.4409088180563059, "F1": 0.43714345936793264}}, "Scores_per_tag": {"Subjects": {"Ent_type": {"Correct": 5529, "Incorrect": 32, "Partial": 0, "Missed": 1563, "Spurious": 5554, "Possible": 7124, "Actual": 11115, "Precision": 0.47241731196350323, "Recall": 0.48046101206555014, "F1": 0.4754847229725674}, "Partial": {"Correct": 5288, "Incorrect": 0, "Partial": 273, "Missed": 1563, "Spurious": 5554, "Possible": 7124, "Actual": 11115, "Precision": 0.469250855393481, "Recall": 0.4753961822438322, "F1": 0.4715889309082178}, "Strict": {"Correct": 5256, "Incorrect": 305, "Partial": 0, "Missed": 1563, "Spurious": 5554, "Possible": 7124, "Actual": 11115, "Precision": 0.4616723692898733, "Recall": 0.4645687016027373, "F1": 0.46283090221501894}, "Exact": {"Correct": 5288, "Incorrect": 273, "Partial": 0, "Missed": 1563, "Spurious": 5554, "Possible": 7124, "Actual": 11115, "Precision": 0.4638783840566661, "Recall": 0.4674500270124257, "F1": 0.46526202052944354}}, "Predicates": {"Ent_type": {"Correct": 5172, "Incorrect": 1, "Partial": 0, "Missed": 1872, "Spurious": 5829, "Possible": 7045, "Actual": 11002, "Precision": 0.44781349420733535, "Recall": 0.4566900774356204, "F1": 0.4507923644876643}, "Partial": {"Correct": 4787, "Incorrect": 0, "Partial": 386, "Missed": 1872, "Spurious": 5829, "Possible": 7045, "Actual": 11002, "Precision": 0.43642700642295457, "Recall": 0.44165316045380876, "F1": 0.43822708445885106}, "Strict": {"Correct": 4787, "Incorrect": 386, "Partial": 0, "Missed": 1872, "Spurious": 5829, "Possible": 7045, "Actual": 11002, "Precision": 0.42499549792904734, "Recall": 0.42652620205294434, "F1": 0.42560177681733596}, "Exact": {"Correct": 4787, "Incorrect": 386, "Partial": 0, "Missed": 1872, "Spurious": 5829, "Possible": 7045, "Actual": 11002, "Precision": 0.42499549792904734, "Recall": 0.42652620205294434, "F1": 0.42560177681733596}}, "Objects": {"Ent_type": {"Correct": 5144, "Incorrect": 25, "Partial": 0, "Missed": 1794, "Spurious": 5730, "Possible": 6963, "Actual": 10899, "Precision": 0.4556545036690904, "Recall": 0.4602016927786782, "F1": 0.45682285929449623}, "Partial": {"Correct": 4762, "Incorrect": 0, "Partial": 407, "Missed": 1794, "Spurious": 5730, "Possible": 6963, "Actual": 10899, "Precision": 0.44156307031104436, "Recall": 0.44487214118494506, "F1": 0.44249991034837066}, "Strict": {"Correct": 4739, "Incorrect": 430, "Partial": 0, "Missed": 1794, "Spurious": 5730, "Possible": 6963, "Actual": 10899, "Precision": 0.4245903115433099, "Recall": 0.4252206014766793, "F1": 0.42481541509094184}, "Exact": {"Correct": 4762, "Incorrect": 407, "Partial": 0, "Missed": 1794, "Spurious": 5730, "Possible": 6963, "Actual": 10899, "Precision": 0.4259409328291014, "Recall": 0.42729155411489284, "F1": 0.4264061468275407}}}, "Exact_match": {"Precision": 0.20061684605075342, "Recall": 0.14589143009003142, "F1": 0.15921203484754146}}