{"Total_scores": {"Ent_type": {"Correct": 15158, "Incorrect": 92, "Partial": 0, "Missed": 5781, "Spurious": 20148, "Possible": 21031, "Actual": 35398, "Precision": 0.39952620538453104, "Recall": 0.4076069493233124, "F1": 0.402738531698584}, "Partial": {"Correct": 14224, "Incorrect": 0, "Partial": 1026, "Missed": 5781, "Spurious": 20148, "Possible": 21031, "Actual": 35398, "Precision": 0.3909182900892296, "Recall": 0.39763635868529257, "F1": 0.39346923080278196}, "Strict": {"Correct": 14146, "Incorrect": 1104, "Partial": 0, "Missed": 5781, "Spurious": 20148, "Possible": 21031, "Actual": 35398, "Precision": 0.3768124579570684, "Recall": 0.3817430493151431, "F1": 0.3787350791517118}, "Exact": {"Correct": 14224, "Incorrect": 1026, "Partial": 0, "Missed": 5781, "Spurious": 20148, "Possible": 21031, "Actual": 35398, "Precision": 0.3793708001404412, "Recall": 0.3844525229420254, "F1": 0.38125432555626165}}, "Scores_per_tag": {"Subjects": {"Ent_type": {"Correct": 5348, "Incorrect": 52, "Partial": 0, "Missed": 1659, "Spurious": 6479, "Possible": 7059, "Actual": 11879, "Precision": 0.41977779593170494, "Recall": 0.4261089780246712, "F1": 0.42212782180105113}, "Partial": {"Correct": 5101, "Incorrect": 0, "Partial": 299, "Missed": 1659, "Spurious": 6479, "Possible": 7059, "Actual": 11879, "Precision": 0.4157340086594232, "Recall": 0.4208398006698799, "F1": 0.41761566320834353}, "Strict": {"Correct": 5051, "Incorrect": 349, "Partial": 0, "Missed": 1659, "Spurious": 6479, "Possible": 7059, "Actual": 11879, "Precision": 0.4054407319663426, "Recall": 0.40723797075402335, "F1": 0.40615962748141493}, "Exact": {"Correct": 5101, "Incorrect": 299, "Partial": 0, "Missed": 1659, "Spurious": 6479, "Possible": 7059, "Actual": 11879, "Precision": 0.4085042071726166, "Recall": 0.4113226043623887, "F1": 0.40956348882171933}}, "Predicates": {"Ent_type": {"Correct": 5070, "Incorrect": 12, "Partial": 0, "Missed": 1929, "Spurious": 6728, "Possible": 7011, "Actual": 11810, "Precision": 0.4005990795958936, "Recall": 0.4087901315252022, "F1": 0.40333889621529523}, "Partial": {"Correct": 4642, "Incorrect": 0, "Partial": 440, "Missed": 1929, "Spurious": 6728, "Possible": 7011, "Actual": 11810, "Precision": 0.38830637475151814, "Recall": 0.393145984805163, "F1": 0.3899527738552328}, "Strict": {"Correct": 4640, "Incorrect": 442, "Partial": 0, "Missed": 1929, "Spurious": 6728, "Possible": 7011, "Actual": 11810, "Precision": 0.3754418212019715, "Recall": 0.37635814067478146, "F1": 0.3758041865549422}, "Exact": {"Correct": 4642, "Incorrect": 440, "Partial": 0, "Missed": 1929, "Spurious": 6728, "Possible": 7011, "Actual": 11810, "Precision": 0.37552351387413885, "Recall": 0.3765215260191161, "F1": 0.37591311011783196}}, "Objects": {"Ent_type": {"Correct": 4740, "Incorrect": 28, "Partial": 0, "Missed": 2193, "Spurious": 6941, "Possible": 6961, "Actual": 11709, "Precision": 0.37968381045744004, "Recall": 0.3831386324646679, "F1": 0.3806952170178214}, "Partial": {"Correct": 4481, "Incorrect": 0, "Partial": 287, "Missed": 2193, "Spurious": 6941, "Possible": 6961, "Actual": 11709, "Precision": 0.37186679426284036, "Recall": 0.37472428723143536, "F1": 0.3727618992803618}, "Strict": {"Correct": 4455, "Incorrect": 313, "Partial": 0, "Missed": 2193, "Spurious": 6941, "Possible": 6961, "Actual": 11709, "Precision": 0.36106799553413393, "Recall": 0.3618985377011682, "F1": 0.36137025842115295}, "Exact": {"Correct": 4481, "Incorrect": 287, "Partial": 0, "Missed": 2193, "Spurious": 6941, "Possible": 6961, "Actual": 11709, "Precision": 0.3624976172970618, "Recall": 0.3640225471775182, "F1": 0.36303134275522153}}}, "Exact_match": {"Precision": 0.182734171286448, "Recall": 0.1248084576944359, "F1": 0.13773745280118832}}