{"Total_scores": {"Ent_type": {"Correct": 16601, "Incorrect": 40, "Partial": 0, "Missed": 4480, "Spurious": 20134, "Possible": 21121, "Actual": 36775, "Precision": 0.4379753369160843, "Recall": 0.4466535540621756, "F1": 0.4412946198022415}, "Partial": {"Correct": 15718, "Incorrect": 0, "Partial": 923, "Missed": 4480, "Spurious": 20134, "Possible": 21121, "Actual": 36775, "Precision": 0.4292302659004839, "Recall": 0.4366306070043162, "F1": 0.4320384995725104}, "Strict": {"Correct": 15683, "Incorrect": 958, "Partial": 0, "Missed": 4480, "Spurious": 20134, "Possible": 21121, "Actual": 36775, "Precision": 0.4184022030256254, "Recall": 0.42379391356608204, "F1": 0.4204314766804523}, "Exact": {"Correct": 15718, "Incorrect": 923, "Partial": 0, "Missed": 4480, "Spurious": 20134, "Possible": 21121, "Actual": 36775, "Precision": 0.4193788188809497, "Recall": 0.42513249194121183, "F1": 0.42154058447698833}}, "Scores_per_tag": {"Subjects": {"Ent_type": {"Correct": 5954, "Incorrect": 22, "Partial": 0, "Missed": 1115, "Spurious": 6315, "Possible": 7091, "Actual": 12291, "Precision": 0.46900781292684257, "Recall": 0.47500409768890345, "F1": 0.4712943233349724}, "Partial": {"Correct": 5764, "Incorrect": 0, "Partial": 212, "Missed": 1115, "Spurious": 6315, "Possible": 7091, "Actual": 12291, "Precision": 0.46654237010326177, "Recall": 0.47135715456482546, "F1": 0.46836310987269847}, "Strict": {"Correct": 5742, "Incorrect": 234, "Partial": 0, "Missed": 1115, "Spurious": 6315, "Possible": 7091, "Actual": 12291, "Precision": 0.4619461290498825, "Recall": 0.464104245205704, "F1": 0.46280937551221113}, "Exact": {"Correct": 5764, "Incorrect": 212, "Partial": 0, "Missed": 1115, "Spurious": 6315, "Possible": 7091, "Actual": 12291, "Precision": 0.46301152816478175, "Recall": 0.4659072283232257, "F1": 0.4641206359613178}}, "Predicates": {"Ent_type": {"Correct": 5385, "Incorrect": 4, "Partial": 0, "Missed": 1634, "Spurious": 6833, "Possible": 7023, "Actual": 12222, "Precision": 0.4278923829817126, "Recall": 0.43492870021307983, "F1": 0.4301904059443807}, "Partial": {"Correct": 5013, "Incorrect": 0, "Partial": 376, "Missed": 1634, "Spurious": 6833, "Possible": 7023, "Actual": 12222, "Precision": 0.41731449176949914, "Recall": 0.42144730372070155, "F1": 0.41870390099983607}, "Strict": {"Correct": 5013, "Incorrect": 376, "Partial": 0, "Missed": 1634, "Spurious": 6833, "Possible": 7023, "Actual": 12222, "Precision": 0.40657269300114735, "Recall": 0.40763809211604657, "F1": 0.40699885264710706}, "Exact": {"Correct": 5013, "Incorrect": 376, "Partial": 0, "Missed": 1634, "Spurious": 6833, "Possible": 7023, "Actual": 12222, "Precision": 0.40657269300114735, "Recall": 0.40763809211604657, "F1": 0.40699885264710706}}, "Objects": {"Ent_type": {"Correct": 5262, "Incorrect": 14, "Partial": 0, "Missed": 1731, "Spurious": 6986, "Possible": 7007, "Actual": 12262, "Precision": 0.4191652989964742, "Recall": 0.424848385510572, "F1": 0.42075947736904956}, "Partial": {"Correct": 4941, "Incorrect": 0, "Partial": 335, "Missed": 1731, "Spurious": 6986, "Possible": 7007, "Actual": 12262, "Precision": 0.4098845125807919, "Recall": 0.41386657924930337, "F1": 0.41108180938331734}, "Strict": {"Correct": 4928, "Incorrect": 348, "Partial": 0, "Missed": 1731, "Spurious": 6986, "Possible": 7007, "Actual": 12262, "Precision": 0.399374419494072, "Recall": 0.4006720209801672, "F1": 0.3998470196142709}, "Exact": {"Correct": 4941, "Incorrect": 335, "Partial": 0, "Missed": 1731, "Spurious": 6986, "Possible": 7007, "Actual": 12262, "Precision": 0.3999480959405562, "Recall": 0.40173742009506636, "F1": 0.4005846036168934}}}, "Exact_match": {"Precision": 0.20994260038975532, "Recall": 0.16115117725896766, "F1": 0.1718063149260499}}