{"Total_scores": {"Ent_type": {"Correct": 15957, "Incorrect": 179, "Partial": 0, "Missed": 5848, "Spurious": 20368, "Possible": 21984, "Actual": 36504, "Precision": 0.4174551676955523, "Recall": 0.42304754273504275, "F1": 0.41950435423781013}, "Partial": {"Correct": 15199, "Incorrect": 0, "Partial": 937, "Missed": 5848, "Spurious": 20368, "Possible": 21984, "Actual": 36504, "Precision": 0.4120175711041096, "Recall": 0.4166346153846154, "F1": 0.41354886994133316}, "Strict": {"Correct": 15030, "Incorrect": 1106, "Partial": 0, "Missed": 5848, "Spurious": 20368, "Possible": 21984, "Actual": 36504, "Precision": 0.3961072181024104, "Recall": 0.3993108974358974, "F1": 0.397252268428739}, "Exact": {"Correct": 15199, "Incorrect": 937, "Partial": 0, "Missed": 5848, "Spurious": 20368, "Possible": 21984, "Actual": 36504, "Precision": 0.4011299210938634, "Recall": 0.40459935897435895, "F1": 0.40224788045560106}}, "Scores_per_tag": {"Subjects": {"Ent_type": {"Correct": 5567, "Incorrect": 84, "Partial": 0, "Missed": 1649, "Spurious": 6449, "Possible": 7300, "Actual": 12100, "Precision": 0.43982371794871794, "Recall": 0.44318910256410254, "F1": 0.44100961538461536}, "Partial": {"Correct": 5522, "Incorrect": 0, "Partial": 129, "Missed": 1649, "Spurious": 6449, "Possible": 7300, "Actual": 12100, "Precision": 0.4418669871794872, "Recall": 0.4454727564102564, "F1": 0.44311698717948717}, "Strict": {"Correct": 5439, "Incorrect": 212, "Partial": 0, "Missed": 1649, "Spurious": 6449, "Possible": 7300, "Actual": 12100, "Precision": 0.4338942307692308, "Recall": 0.434375, "F1": 0.43408653846153844}, "Exact": {"Correct": 5522, "Incorrect": 129, "Partial": 0, "Missed": 1649, "Spurious": 6449, "Possible": 7300, "Actual": 12100, "Precision": 0.4388621794871795, "Recall": 0.441025641025641, "F1": 0.43961538461538463}}, "Predicates": {"Ent_type": {"Correct": 5253, "Incorrect": 8, "Partial": 0, "Missed": 2138, "Spurious": 7041, "Possible": 7399, "Actual": 12302, "Precision": 0.4040625, "Recall": 0.4127403846153846, "F1": 0.4069684829059829}, "Partial": {"Correct": 4793, "Incorrect": 0, "Partial": 468, "Missed": 2138, "Spurious": 7041, "Possible": 7399, "Actual": 12302, "Precision": 0.3914309561965812, "Recall": 0.3966746794871795, "F1": 0.3932278311965812}, "Strict": {"Correct": 4790, "Incorrect": 471, "Partial": 0, "Missed": 2138, "Spurious": 7041, "Possible": 7399, "Actual": 12302, "Precision": 0.37831864316239316, "Recall": 0.3797275641025641, "F1": 0.37887286324786323}, "Exact": {"Correct": 4793, "Incorrect": 468, "Partial": 0, "Missed": 2138, "Spurious": 7041, "Possible": 7399, "Actual": 12302, "Precision": 0.37843883547008544, "Recall": 0.3799679487179487, "F1": 0.37903311965811964}}, "Objects": {"Ent_type": {"Correct": 5137, "Incorrect": 87, "Partial": 0, "Missed": 2061, "Spurious": 6878, "Possible": 7285, "Actual": 12102, "Precision": 0.40701587185962185, "Recall": 0.41009615384615383, "F1": 0.4078771015309477}, "Partial": {"Correct": 4884, "Incorrect": 0, "Partial": 340, "Missed": 2061, "Spurious": 6878, "Possible": 7285, "Actual": 12102, "Precision": 0.40063533977596477, "Recall": 0.4038261217948718, "F1": 0.40162055625997933}, "Strict": {"Correct": 4801, "Incorrect": 423, "Partial": 0, "Missed": 2061, "Spurious": 6878, "Possible": 7285, "Actual": 12102, "Precision": 0.3836378205128205, "Recall": 0.38393429487179487, "F1": 0.38374542124542127}, "Exact": {"Correct": 4884, "Incorrect": 340, "Partial": 0, "Missed": 2061, "Spurious": 6878, "Possible": 7285, "Actual": 12102, "Precision": 0.38884615384615384, "Recall": 0.39058493589743587, "F1": 0.3894345238095238}}}, "Exact_match": {"Precision": 0.14465357887392277, "Recall": 0.10298107058222374, "F1": 0.1113799581207698}}