{"Total_scores": {"Ent_type": {"Correct": 16222, "Incorrect": 33, "Partial": 0, "Missed": 4927, "Spurious": 17336, "Possible": 21182, "Actual": 33591, "Precision": 0.4650597707554346, "Recall": 0.47578988233888786, "F1": 0.469310790346447}, "Partial": {"Correct": 15185, "Incorrect": 0, "Partial": 1070, "Missed": 4927, "Spurious": 17336, "Possible": 21182, "Actual": 33591, "Precision": 0.4534953621206085, "Recall": 0.46251866451651436, "F1": 0.45707686878512}, "Strict": {"Correct": 15157, "Incorrect": 1098, "Partial": 0, "Missed": 4927, "Spurious": 17336, "Possible": 21182, "Actual": 33591, "Precision": 0.4400570360277402, "Recall": 0.44676879890103327, "F1": 0.44279347665613566}, "Exact": {"Correct": 15185, "Incorrect": 1070, "Partial": 0, "Missed": 4927, "Spurious": 17336, "Possible": 21182, "Actual": 33591, "Precision": 0.4409230695940067, "Recall": 0.44793346473152956, "F1": 0.4437456869615085}}, "Scores_per_tag": {"Subjects": {"Ent_type": {"Correct": 5829, "Incorrect": 20, "Partial": 0, "Missed": 1312, "Spurious": 5497, "Possible": 7161, "Actual": 11346, "Precision": 0.4921758346771785, "Recall": 0.5022397419817237, "F1": 0.49597443707818195}, "Partial": {"Correct": 5502, "Incorrect": 0, "Partial": 347, "Missed": 1312, "Spurious": 5497, "Possible": 7161, "Actual": 11346, "Precision": 0.486113599713313, "Recall": 0.49348235083318404, "F1": 0.4889028250612196}, "Strict": {"Correct": 5482, "Incorrect": 367, "Partial": 0, "Missed": 1312, "Spurious": 5497, "Possible": 7161, "Actual": 11346, "Precision": 0.4778116227677238, "Recall": 0.4811413725138864, "F1": 0.47914352266618887}, "Exact": {"Correct": 5502, "Incorrect": 347, "Partial": 0, "Missed": 1312, "Spurious": 5497, "Possible": 7161, "Actual": 11346, "Precision": 0.4789314937585857, "Recall": 0.48293316609926534, "F1": 0.48048736785522306}}, "Predicates": {"Ent_type": {"Correct": 5249, "Incorrect": 4, "Partial": 0, "Missed": 1777, "Spurious": 5862, "Possible": 7030, "Actual": 11115, "Precision": 0.45424953711999044, "Recall": 0.46264110374484857, "F1": 0.4571193931792391}, "Partial": {"Correct": 4856, "Incorrect": 0, "Partial": 397, "Missed": 1777, "Spurious": 5862, "Possible": 7030, "Actual": 11115, "Precision": 0.44219225945171114, "Recall": 0.4471196918115033, "F1": 0.443912381293675}, "Strict": {"Correct": 4856, "Incorrect": 397, "Partial": 0, "Missed": 1777, "Spurious": 5862, "Possible": 7030, "Actual": 11115, "Precision": 0.429955802424894, "Recall": 0.43123992116108223, "F1": 0.43046646359672697}, "Exact": {"Correct": 4856, "Incorrect": 397, "Partial": 0, "Missed": 1777, "Spurious": 5862, "Possible": 7030, "Actual": 11115, "Precision": 0.429955802424894, "Recall": 0.43123992116108223, "F1": 0.43046646359672697}}, "Objects": {"Ent_type": {"Correct": 5144, "Incorrect": 9, "Partial": 0, "Missed": 1838, "Spurious": 5977, "Possible": 6991, "Actual": 11130, "Precision": 0.44929187309137136, "Recall": 0.4553843397240638, "F1": 0.45097809823217455}, "Partial": {"Correct": 4827, "Incorrect": 0, "Partial": 326, "Missed": 1838, "Spurious": 5977, "Possible": 6991, "Actual": 11130, "Precision": 0.43901910742306727, "Recall": 0.4429537717254972, "F1": 0.4401727975482679}, "Strict": {"Correct": 4819, "Incorrect": 334, "Partial": 0, "Missed": 1838, "Spurious": 5977, "Possible": 6991, "Actual": 11130, "Precision": 0.4278504449620737, "Recall": 0.42900017917935857, "F1": 0.4282625574867109}, "Exact": {"Correct": 4827, "Incorrect": 326, "Partial": 0, "Missed": 1838, "Spurious": 5977, "Possible": 6991, "Actual": 11130, "Precision": 0.428253598518784, "Recall": 0.42971689661351015, "F1": 0.42877023233590156}}}, "Exact_match": {"Precision": 0.20087063135584668, "Recall": 0.14480083872804453, "F1": 0.15689625742598787}}