{"Total_scores": {"Ent_type": {"Correct": 16179, "Incorrect": 53, "Partial": 0, "Missed": 4922, "Spurious": 10888, "Possible": 21154, "Actual": 27120, "Precision": 0.5739911622833183, "Recall": 0.5873402762390132, "F1": 0.5793728011654004}, "Partial": {"Correct": 15224, "Incorrect": 0, "Partial": 1008, "Missed": 4922, "Spurious": 10888, "Possible": 21154, "Actual": 27120, "Precision": 0.5615394744175488, "Recall": 0.5729115887436295, "F1": 0.5661046159259654}, "Strict": {"Correct": 15175, "Incorrect": 1057, "Partial": 0, "Missed": 4922, "Spurious": 10888, "Possible": 21154, "Actual": 27120, "Precision": 0.5450697645412912, "Recall": 0.5535526996085383, "F1": 0.5485577859248366}, "Exact": {"Correct": 15224, "Incorrect": 1008, "Partial": 0, "Missed": 4922, "Spurious": 10888, "Possible": 21154, "Actual": 27120, "Precision": 0.5470049148478131, "Recall": 0.5559347071423295, "F1": 0.5506195545720252}}, "Scores_per_tag": {"Subjects": {"Ent_type": {"Correct": 5902, "Incorrect": 27, "Partial": 0, "Missed": 1222, "Spurious": 3258, "Possible": 7151, "Actual": 9187, "Precision": 0.6172353940468277, "Recall": 0.6291823620651451, "F1": 0.6217667479134352}, "Partial": {"Correct": 5602, "Incorrect": 0, "Partial": 327, "Missed": 1222, "Spurious": 3258, "Possible": 7151, "Actual": 9187, "Precision": 0.6112896077996898, "Recall": 0.6202359849324175, "F1": 0.6146835069059753}, "Strict": {"Correct": 5576, "Incorrect": 353, "Partial": 0, "Missed": 1222, "Spurious": 3258, "Possible": 7151, "Actual": 9187, "Precision": 0.6012999482975109, "Recall": 0.6054176822512741, "F1": 0.6029470418790162}, "Exact": {"Correct": 5602, "Incorrect": 327, "Partial": 0, "Missed": 1222, "Spurious": 3258, "Possible": 7151, "Actual": 9187, "Precision": 0.6032941871630105, "Recall": 0.6082982495014403, "F1": 0.6052367235394047}}, "Predicates": {"Ent_type": {"Correct": 5167, "Incorrect": 4, "Partial": 0, "Missed": 1854, "Spurious": 3778, "Possible": 7025, "Actual": 8949, "Precision": 0.5537890538444493, "Recall": 0.5635940615998227, "F1": 0.5572088041952877}, "Partial": {"Correct": 4807, "Incorrect": 0, "Partial": 364, "Missed": 1854, "Spurious": 3778, "Possible": 7025, "Actual": 8949, "Precision": 0.5403048600339759, "Recall": 0.546089076002659, "F1": 0.5423572641997193}, "Strict": {"Correct": 4806, "Incorrect": 365, "Partial": 0, "Missed": 1854, "Spurious": 3778, "Possible": 7025, "Actual": 8949, "Precision": 0.5265436886032941, "Recall": 0.5280301351650787, "F1": 0.5271364207105399}, "Exact": {"Correct": 4807, "Incorrect": 364, "Partial": 0, "Missed": 1854, "Spurious": 3778, "Possible": 7025, "Actual": 8949, "Precision": 0.5265990841273358, "Recall": 0.528140926213162, "F1": 0.5272102814092622}}, "Objects": {"Ent_type": {"Correct": 5110, "Incorrect": 22, "Partial": 0, "Missed": 1846, "Spurious": 3852, "Possible": 6978, "Actual": 8984, "Precision": 0.5531166337171212, "Recall": 0.5608242853977399, "F1": 0.5552150209639685}, "Partial": {"Correct": 4815, "Incorrect": 0, "Partial": 317, "Missed": 1846, "Spurious": 3852, "Possible": 6978, "Actual": 8984, "Precision": 0.5417274578586344, "Recall": 0.5470307999113672, "F1": 0.543273364680965}, "Strict": {"Correct": 4793, "Incorrect": 339, "Partial": 0, "Missed": 1846, "Spurious": 3852, "Possible": 6978, "Actual": 8984, "Precision": 0.5272361326538149, "Recall": 0.5283625083093286, "F1": 0.527638673461851}, "Exact": {"Correct": 4815, "Incorrect": 317, "Partial": 0, "Missed": 1846, "Spurious": 3852, "Possible": 6978, "Actual": 8984, "Precision": 0.5287872073269814, "Recall": 0.5307999113671615, "F1": 0.5294851909299062}}}, "Exact_match": {"Precision": 0.18811266780233427, "Recall": 0.1302949351298195, "F1": 0.14180966223599323}}