{"Total_scores": {"Ent_type": {"Correct": 15723, "Incorrect": 50, "Partial": 0, "Missed": 5303, "Spurious": 24015, "Possible": 21076, "Actual": 39788, "Precision": 0.37866388222813924, "Recall": 0.3846013684367098, "F1": 0.3810423834185548}, "Partial": {"Correct": 14863, "Incorrect": 0, "Partial": 910, "Missed": 5303, "Spurious": 24015, "Possible": 21076, "Actual": 39788, "Precision": 0.37063118049006044, "Recall": 0.37582800337151073, "F1": 0.37268311260111797}, "Strict": {"Correct": 14821, "Incorrect": 952, "Partial": 0, "Missed": 5303, "Spurious": 24015, "Possible": 21076, "Actual": 39788, "Precision": 0.3604627754449263, "Recall": 0.3639310327730676, "F1": 0.36183540479055876}, "Exact": {"Correct": 14863, "Incorrect": 910, "Partial": 0, "Missed": 5303, "Spurious": 24015, "Possible": 21076, "Actual": 39788, "Precision": 0.3614457195670939, "Recall": 0.3653812781992166, "F1": 0.3629839141719998}}, "Scores_per_tag": {"Subjects": {"Ent_type": {"Correct": 5484, "Incorrect": 22, "Partial": 0, "Missed": 1554, "Spurious": 7809, "Possible": 7060, "Actual": 13315, "Precision": 0.39357429718875503, "Recall": 0.39825970548862116, "F1": 0.39534929842828104}, "Partial": {"Correct": 5322, "Incorrect": 0, "Partial": 184, "Missed": 1554, "Spurious": 7809, "Possible": 7060, "Actual": 13315, "Precision": 0.3916406366205563, "Recall": 0.39545217908671726, "F1": 0.3930710496306212}, "Strict": {"Correct": 5300, "Incorrect": 206, "Partial": 0, "Missed": 1554, "Spurious": 7809, "Possible": 7060, "Actual": 13315, "Precision": 0.38777331548415883, "Recall": 0.3893723040309386, "F1": 0.3884129109028707}, "Exact": {"Correct": 5322, "Incorrect": 184, "Partial": 0, "Missed": 1554, "Spurious": 7809, "Possible": 7060, "Actual": 13315, "Precision": 0.3887401457682582, "Recall": 0.39100847835787594, "F1": 0.3896028558679161}}, "Predicates": {"Ent_type": {"Correct": 5277, "Incorrect": 8, "Partial": 0, "Missed": 1775, "Spurious": 8076, "Possible": 7060, "Actual": 13361, "Precision": 0.37696836729634586, "Recall": 0.3839059943477614, "F1": 0.37936260031306884}, "Partial": {"Correct": 4801, "Incorrect": 0, "Partial": 484, "Missed": 1775, "Spurious": 8076, "Possible": 7060, "Actual": 13361, "Precision": 0.3642638455054787, "Recall": 0.3686412315930388, "F1": 0.36580944589646064}, "Strict": {"Correct": 4799, "Incorrect": 486, "Partial": 0, "Missed": 1775, "Spurious": 8076, "Possible": 7060, "Actual": 13361, "Precision": 0.35118746591303485, "Recall": 0.35263275323516285, "F1": 0.35176048107775015}, "Exact": {"Correct": 4801, "Incorrect": 484, "Partial": 0, "Missed": 1775, "Spurious": 8076, "Possible": 7060, "Actual": 13361, "Precision": 0.3512618374733502, "Recall": 0.35278149635579353, "F1": 0.3518596431581706}}, "Objects": {"Ent_type": {"Correct": 4962, "Incorrect": 20, "Partial": 0, "Missed": 1974, "Spurious": 8130, "Possible": 6956, "Actual": 13112, "Precision": 0.36414054486343644, "Recall": 0.3666517923546036, "F1": 0.3648769681902212}, "Partial": {"Correct": 4740, "Incorrect": 0, "Partial": 242, "Missed": 1974, "Spurious": 8130, "Possible": 6956, "Actual": 13112, "Precision": 0.3577637872316587, "Recall": 0.3597352372452774, "F1": 0.35837928433309957}, "Strict": {"Correct": 4722, "Incorrect": 260, "Partial": 0, "Missed": 1974, "Spurious": 8130, "Possible": 6956, "Actual": 13112, "Precision": 0.3495277405919976, "Recall": 0.34999256284396846, "F1": 0.34970003470672817}, "Exact": {"Correct": 4740, "Incorrect": 242, "Partial": 0, "Missed": 1974, "Spurious": 8130, "Possible": 6956, "Actual": 13112, "Precision": 0.35038301353562396, "Recall": 0.3513312509296445, "F1": 0.35071644603103774}}}, "Exact_match": {"Precision": 0.1895426530144792, "Recall": 0.1408154240214145, "F1": 0.15248015843662083}}