{"Total_scores": {"Ent_type": {"Correct": 15828, "Incorrect": 123, "Partial": 0, "Missed": 6083, "Spurious": 24991, "Possible": 22034, "Actual": 40942, "Precision": 0.3746828243282273, "Recall": 0.38021894093686354, "F1": 0.37688423051748626}, "Partial": {"Correct": 15066, "Incorrect": 0, "Partial": 885, "Missed": 6083, "Spurious": 24991, "Possible": 22034, "Actual": 40942, "Precision": 0.3689811258593991, "Recall": 0.3736482882358646, "F1": 0.37074740846471277}, "Strict": {"Correct": 14955, "Incorrect": 996, "Partial": 0, "Missed": 6083, "Spurious": 24991, "Possible": 22034, "Actual": 40942, "Precision": 0.35688819472642574, "Recall": 0.3601554165454369, "F1": 0.3581770965190372}, "Exact": {"Correct": 15066, "Incorrect": 885, "Partial": 0, "Missed": 6083, "Spurious": 24991, "Possible": 22034, "Actual": 40942, "Precision": 0.3599019664265518, "Recall": 0.36346498884686257, "F1": 0.36123139359428275}}, "Scores_per_tag": {"Subjects": {"Ent_type": {"Correct": 5662, "Incorrect": 82, "Partial": 0, "Missed": 1607, "Spurious": 7891, "Possible": 7351, "Actual": 13635, "Precision": 0.4040587721850451, "Recall": 0.40682281059063136, "F1": 0.405091649694501}, "Partial": {"Correct": 5615, "Incorrect": 0, "Partial": 129, "Missed": 1607, "Spurious": 7891, "Possible": 7351, "Actual": 13635, "Precision": 0.40567718940936864, "Recall": 0.40935045097468725, "F1": 0.40698525846183686}, "Strict": {"Correct": 5537, "Incorrect": 207, "Partial": 0, "Missed": 1607, "Spurious": 7891, "Possible": 7351, "Actual": 13635, "Precision": 0.3994035496072156, "Recall": 0.4002400349141693, "F1": 0.3997381437299971}, "Exact": {"Correct": 5615, "Incorrect": 129, "Partial": 0, "Missed": 1607, "Spurious": 7891, "Possible": 7351, "Actual": 13635, "Precision": 0.40322228687809136, "Recall": 0.40591358743089906, "F1": 0.40417515274949084}}, "Predicates": {"Ent_type": {"Correct": 5250, "Incorrect": 3, "Partial": 0, "Missed": 2164, "Spurious": 8554, "Possible": 7417, "Actual": 13807, "Precision": 0.3648773154883134, "Recall": 0.37314518475414604, "F1": 0.36770439336630784}, "Partial": {"Correct": 4711, "Incorrect": 0, "Partial": 542, "Missed": 2164, "Spurious": 8554, "Possible": 7417, "Actual": 13807, "Precision": 0.3508692173407041, "Recall": 0.3558335757928426, "F1": 0.3526015905343808}, "Strict": {"Correct": 4711, "Incorrect": 542, "Partial": 0, "Missed": 2164, "Spurious": 8554, "Possible": 7417, "Actual": 13807, "Precision": 0.3367520124139269, "Recall": 0.3383037532732034, "F1": 0.3373533119968965}, "Exact": {"Correct": 4711, "Incorrect": 542, "Partial": 0, "Missed": 2164, "Spurious": 8554, "Possible": 7417, "Actual": 13807, "Precision": 0.3367520124139269, "Recall": 0.3383037532732034, "F1": 0.3373533119968965}}, "Objects": {"Ent_type": {"Correct": 4916, "Incorrect": 38, "Partial": 0, "Missed": 2312, "Spurious": 8546, "Possible": 7266, "Actual": 13500, "Precision": 0.3552216961585597, "Recall": 0.35707011929007854, "F1": 0.3556738988874572}, "Partial": {"Correct": 4740, "Incorrect": 0, "Partial": 214, "Missed": 2312, "Spurious": 8546, "Possible": 7266, "Actual": 13500, "Precision": 0.3504650814223116, "Recall": 0.35217849869071866, "F1": 0.35095338542749077}, "Strict": {"Correct": 4707, "Incorrect": 247, "Partial": 0, "Missed": 2312, "Spurious": 8546, "Possible": 7266, "Actual": 13500, "Precision": 0.34199883619435556, "Recall": 0.3421224905440791, "F1": 0.3420383224572925}, "Exact": {"Correct": 4740, "Incorrect": 214, "Partial": 0, "Missed": 2312, "Spurious": 8546, "Possible": 7266, "Actual": 13500, "Precision": 0.3437081757346523, "Recall": 0.34452283968577246, "F1": 0.3439779985313881}}}, "Exact_match": {"Precision": 0.1425111331513796, "Recall": 0.104115359457046, "F1": 0.11161177988238973}}