{"Total_scores": {"Ent_type": {"Correct": 16114, "Incorrect": 54, "Partial": 0, "Missed": 5021, "Spurious": 12403, "Possible": 21189, "Actual": 28571, "Precision": 0.5412104825946782, "Recall": 0.5533249379088396, "F1": 0.5460383050684792}, "Partial": {"Correct": 15255, "Incorrect": 0, "Partial": 913, "Missed": 5021, "Spurious": 12403, "Possible": 21189, "Actual": 28571, "Precision": 0.531398218099341, "Recall": 0.541472522475251, "F1": 0.5353364118872505}, "Strict": {"Correct": 15209, "Incorrect": 959, "Partial": 0, "Missed": 5021, "Spurious": 12403, "Possible": 21189, "Actual": 28571, "Precision": 0.517500180350427, "Recall": 0.5250376045055445, "F1": 0.5205187617935391}, "Exact": {"Correct": 15255, "Incorrect": 913, "Partial": 0, "Missed": 5021, "Spurious": 12403, "Possible": 21189, "Actual": 28571, "Precision": 0.519333181364874, "Recall": 0.5271539510966523, "F1": 0.5223947393857513}}, "Scores_per_tag": {"Subjects": {"Ent_type": {"Correct": 5846, "Incorrect": 34, "Partial": 0, "Missed": 1284, "Spurious": 3810, "Possible": 7164, "Actual": 9690, "Precision": 0.5776576765662714, "Recall": 0.5892538566481268, "F1": 0.5820617763318991}, "Partial": {"Correct": 5565, "Incorrect": 0, "Partial": 315, "Missed": 1284, "Spurious": 3810, "Possible": 7164, "Actual": 9690, "Precision": 0.5735124357225312, "Recall": 0.5823538671424073, "F1": 0.5768636093329136}, "Strict": {"Correct": 5533, "Incorrect": 347, "Partial": 0, "Missed": 1284, "Spurious": 3810, "Possible": 7164, "Actual": 9690, "Precision": 0.5644873543918565, "Recall": 0.5685276524294259, "F1": 0.5661034736068843}, "Exact": {"Correct": 5565, "Incorrect": 315, "Partial": 0, "Missed": 1284, "Spurious": 3810, "Possible": 7164, "Actual": 9690, "Precision": 0.5668485675306958, "Recall": 0.5718858222268863, "F1": 0.5687970056319306}}, "Predicates": {"Ent_type": {"Correct": 5143, "Incorrect": 8, "Partial": 0, "Missed": 1907, "Spurious": 4287, "Possible": 7058, "Actual": 9438, "Precision": 0.5197292475600798, "Recall": 0.5278623150383042, "F1": 0.5226466575716234}, "Partial": {"Correct": 4841, "Incorrect": 0, "Partial": 310, "Missed": 1907, "Spurious": 4287, "Possible": 7058, "Actual": 9438, "Precision": 0.5101007450939238, "Recall": 0.515400356805541, "F1": 0.5120351908210026}, "Strict": {"Correct": 4839, "Incorrect": 312, "Partial": 0, "Missed": 1907, "Spurious": 4287, "Possible": 7058, "Actual": 9438, "Precision": 0.4998950571938294, "Recall": 0.5018889705110715, "F1": 0.5006891244271872}, "Exact": {"Correct": 4841, "Incorrect": 310, "Partial": 0, "Missed": 1907, "Spurious": 4287, "Possible": 7058, "Actual": 9438, "Precision": 0.5, "Recall": 0.5020988561234128, "F1": 0.5008290481687481}}, "Objects": {"Ent_type": {"Correct": 5125, "Incorrect": 12, "Partial": 0, "Missed": 1830, "Spurious": 4306, "Possible": 6967, "Actual": 9443, "Precision": 0.5261622503148372, "Recall": 0.5333193409591772, "F1": 0.5280492987964915}, "Partial": {"Correct": 4849, "Incorrect": 0, "Partial": 288, "Missed": 1830, "Spurious": 4306, "Possible": 6967, "Actual": 9443, "Precision": 0.5160894856009768, "Recall": 0.5205950257109875, "F1": 0.5173565834941635}, "Strict": {"Correct": 4837, "Incorrect": 300, "Partial": 0, "Missed": 1830, "Spurious": 4306, "Possible": 6967, "Actual": 9443, "Precision": 0.504442578794557, "Recall": 0.5053520831147025, "F1": 0.504774897680764}, "Exact": {"Correct": 4849, "Incorrect": 288, "Partial": 0, "Missed": 1830, "Spurious": 4306, "Possible": 6967, "Actual": 9443, "Precision": 0.5052296498408367, "Recall": 0.5066113967887501, "F1": 0.5057193829362997}}}, "Exact_match": {"Precision": 0.18781314081174727, "Recall": 0.13334117002284826, "F1": 0.1447967698080751}}