{"Total_scores": {"Ent_type": {"Correct": 16364, "Incorrect": 65, "Partial": 0, "Missed": 4827, "Spurious": 16111, "Possible": 21256, "Actual": 32540, "Precision": 0.4899703160323999, "Recall": 0.5006783581856263, "F1": 0.4942437162075163}, "Partial": {"Correct": 15350, "Incorrect": 0, "Partial": 1079, "Missed": 4827, "Spurious": 16111, "Possible": 21256, "Actual": 32540, "Precision": 0.4794436062442252, "Recall": 0.4880279158460721, "F1": 0.4827552807108279}, "Strict": {"Correct": 15293, "Incorrect": 1136, "Partial": 0, "Missed": 4827, "Spurious": 16111, "Possible": 21256, "Actual": 32540, "Precision": 0.46429968428936824, "Recall": 0.4708759260995967, "F1": 0.4668849818057358}, "Exact": {"Correct": 15350, "Incorrect": 1079, "Partial": 0, "Missed": 4827, "Spurious": 16111, "Possible": 21256, "Actual": 32540, "Precision": 0.4664832473891838, "Recall": 0.472986026446591, "F1": 0.46894729786973993}}, "Scores_per_tag": {"Subjects": {"Ent_type": {"Correct": 6023, "Incorrect": 48, "Partial": 0, "Missed": 1159, "Spurious": 5011, "Possible": 7230, "Actual": 11082, "Precision": 0.5268686110850604, "Recall": 0.537466003938854, "F1": 0.5310044077651693}, "Partial": {"Correct": 5719, "Incorrect": 0, "Partial": 352, "Missed": 1159, "Spurious": 5011, "Possible": 7230, "Actual": 11082, "Precision": 0.5239066554127981, "Recall": 0.5323079808684236, "F1": 0.5271608990590515}, "Strict": {"Correct": 5674, "Incorrect": 397, "Partial": 0, "Missed": 1159, "Spurious": 5011, "Possible": 7230, "Actual": 11082, "Precision": 0.5138641407983995, "Recall": 0.5184282096970834, "F1": 0.5156897683578731}, "Exact": {"Correct": 5719, "Incorrect": 352, "Partial": 0, "Missed": 1159, "Spurious": 5011, "Possible": 7230, "Actual": 11082, "Precision": 0.5172871924724124, "Recall": 0.5226484103910719, "F1": 0.5193785363718778}}, "Predicates": {"Ent_type": {"Correct": 5277, "Incorrect": 6, "Partial": 0, "Missed": 1762, "Spurious": 5494, "Possible": 7045, "Actual": 10777, "Precision": 0.4762355809809622, "Recall": 0.4855106442839726, "F1": 0.4793777325241266}, "Partial": {"Correct": 4840, "Incorrect": 0, "Partial": 443, "Missed": 1762, "Spurious": 5494, "Possible": 7045, "Actual": 10777, "Precision": 0.46203616868298475, "Recall": 0.4676451280127544, "F1": 0.4639793589760766}, "Strict": {"Correct": 4839, "Incorrect": 444, "Partial": 0, "Missed": 1762, "Spurious": 5494, "Possible": 7045, "Actual": 10777, "Precision": 0.4475085185532527, "Recall": 0.44912313607802684, "F1": 0.44814333498568704}, "Exact": {"Correct": 4840, "Incorrect": 443, "Partial": 0, "Missed": 1762, "Spurious": 5494, "Possible": 7045, "Actual": 10777, "Precision": 0.4475554096720748, "Recall": 0.449216918315671, "F1": 0.4482058564774498}}, "Objects": {"Ent_type": {"Correct": 5064, "Incorrect": 11, "Partial": 0, "Missed": 1906, "Spurious": 5606, "Possible": 6981, "Actual": 10681, "Precision": 0.4655200062683885, "Recall": 0.47003657507268126, "F1": 0.4667933538842289}, "Partial": {"Correct": 4791, "Incorrect": 0, "Partial": 284, "Missed": 1906, "Spurious": 5606, "Possible": 6981, "Actual": 10681, "Precision": 0.4557350883197268, "Recall": 0.4589702710306668, "F1": 0.45670468907128386}, "Strict": {"Correct": 4780, "Incorrect": 295, "Partial": 0, "Missed": 1906, "Spurious": 5606, "Possible": 6981, "Actual": 10681, "Precision": 0.4447310012816906, "Recall": 0.44584075776048016, "F1": 0.44511550845603176}, "Exact": {"Correct": 4791, "Incorrect": 284, "Partial": 0, "Missed": 1906, "Spurious": 5606, "Possible": 6981, "Actual": 10681, "Precision": 0.4453405858263778, "Recall": 0.44687236237456623, "F1": 0.4458657663571853}}}, "Exact_match": {"Precision": 0.17717869674584263, "Recall": 0.13507232110269285, "F1": 0.14379769990002847}}