{"Total_scores": {"Ent_type": {"Correct": 15593, "Incorrect": 74, "Partial": 0, "Missed": 5438, "Spurious": 15090, "Possible": 21105, "Actual": 30757, "Precision": 0.48437608975776547, "Recall": 0.4949174406604747, "F1": 0.4885190918472652}, "Partial": {"Correct": 14675, "Incorrect": 0, "Partial": 992, "Missed": 5438, "Spurious": 15090, "Possible": 21105, "Actual": 30757, "Precision": 0.47421468186633625, "Recall": 0.48328092750257995, "F1": 0.47769202976246317}, "Strict": {"Correct": 14613, "Incorrect": 1054, "Partial": 0, "Missed": 5438, "Spurious": 15090, "Possible": 21105, "Actual": 30757, "Precision": 0.45944156086861193, "Recall": 0.46585558565531476, "F1": 0.46192407684764497}, "Exact": {"Correct": 14675, "Incorrect": 992, "Partial": 0, "Missed": 5438, "Spurious": 15090, "Possible": 21105, "Actual": 30757, "Precision": 0.4615781062762487, "Recall": 0.468516189370485, "F1": 0.46420367289659087}}, "Scores_per_tag": {"Subjects": {"Ent_type": {"Correct": 5689, "Incorrect": 37, "Partial": 0, "Missed": 1386, "Spurious": 4625, "Possible": 7112, "Actual": 10351, "Precision": 0.5240421826625387, "Recall": 0.5323142414860681, "F1": 0.5271800825593396}, "Partial": {"Correct": 5477, "Incorrect": 0, "Partial": 249, "Missed": 1386, "Spurious": 4625, "Possible": 7112, "Actual": 10351, "Precision": 0.5216395768833849, "Recall": 0.5283717105263158, "F1": 0.5241744066047471}, "Strict": {"Correct": 5444, "Incorrect": 282, "Partial": 0, "Missed": 1386, "Spurious": 4625, "Possible": 7112, "Actual": 10351, "Precision": 0.514641382868937, "Recall": 0.5176567337461301, "F1": 0.5158475232198142}, "Exact": {"Correct": 5477, "Incorrect": 249, "Partial": 0, "Missed": 1386, "Spurious": 4625, "Possible": 7112, "Actual": 10351, "Precision": 0.5168182404540763, "Recall": 0.5208494582043344, "F1": 0.5183630030959753}}, "Predicates": {"Ent_type": {"Correct": 5011, "Incorrect": 8, "Partial": 0, "Missed": 2018, "Spurious": 5237, "Possible": 7037, "Actual": 10256, "Precision": 0.46629418214654283, "Recall": 0.47590944272445823, "F1": 0.46952076883384936}, "Partial": {"Correct": 4594, "Incorrect": 0, "Partial": 425, "Missed": 2018, "Spurious": 5237, "Possible": 7037, "Actual": 10256, "Precision": 0.45254611713106296, "Recall": 0.45834945820433437, "F1": 0.4545359262125903}, "Strict": {"Correct": 4593, "Incorrect": 426, "Partial": 0, "Missed": 2018, "Spurious": 5237, "Possible": 7037, "Actual": 10256, "Precision": 0.4383626805985552, "Recall": 0.4399187306501548, "F1": 0.4389705882352941}, "Exact": {"Correct": 4594, "Incorrect": 425, "Partial": 0, "Missed": 2018, "Spurious": 5237, "Possible": 7037, "Actual": 10256, "Precision": 0.4384110552115583, "Recall": 0.44001547987616096, "F1": 0.4390350877192982}}, "Objects": {"Ent_type": {"Correct": 4893, "Incorrect": 29, "Partial": 0, "Missed": 2034, "Spurious": 5228, "Possible": 6956, "Actual": 10150, "Precision": 0.46455669588409526, "Recall": 0.4698142414860681, "F1": 0.4660040182340879}, "Partial": {"Correct": 4604, "Incorrect": 0, "Partial": 318, "Missed": 2034, "Spurious": 5228, "Possible": 6956, "Actual": 10150, "Precision": 0.45408401099674317, "Recall": 0.45813177244582043, "F1": 0.45529303078887057}, "Strict": {"Correct": 4576, "Incorrect": 346, "Partial": 0, "Missed": 2034, "Spurious": 5228, "Possible": 6956, "Actual": 10150, "Precision": 0.4402251031991744, "Recall": 0.44093459752321984, "F1": 0.44048632610939115}, "Exact": {"Correct": 4604, "Incorrect": 318, "Partial": 0, "Missed": 2034, "Spurious": 5228, "Possible": 6956, "Actual": 10150, "Precision": 0.44186984004127966, "Recall": 0.4436435758513932, "F1": 0.4424858101135191}}}, "Exact_match": {"Precision": 0.15726446016444492, "Recall": 0.1082502956227077, "F1": 0.11881543387407394}}