{"Total_scores": {"Ent_type": {"Correct": 14375, "Incorrect": 148, "Partial": 0, "Missed": 6515, "Spurious": 33661, "Possible": 21038, "Actual": 48184, "Precision": 0.28437457167214253, "Recall": 0.2894542591911013, "F1": 0.28574709005331017}, "Partial": {"Correct": 13592, "Incorrect": 0, "Partial": 931, "Missed": 6515, "Spurious": 33661, "Possible": 21038, "Actual": 48184, "Precision": 0.28016861587205716, "Recall": 0.284573978652926, "F1": 0.28127006344709693}, "Strict": {"Correct": 13465, "Incorrect": 1058, "Partial": 0, "Missed": 6515, "Spurious": 33661, "Possible": 21038, "Actual": 48184, "Precision": 0.26967508799492607, "Recall": 0.27234286181654604, "F1": 0.2702289868557811}, "Exact": {"Correct": 13592, "Incorrect": 931, "Partial": 0, "Missed": 6515, "Spurious": 33661, "Possible": 21038, "Actual": 48184, "Precision": 0.27258270669201845, "Recall": 0.27574735206314155, "F1": 0.27326396357496835}}, "Scores_per_tag": {"Subjects": {"Ent_type": {"Correct": 5485, "Incorrect": 106, "Partial": 0, "Missed": 1504, "Spurious": 10632, "Possible": 7095, "Actual": 16223, "Precision": 0.320860426123584, "Recall": 0.3257269046742731, "F1": 0.3227211385106122}, "Partial": {"Correct": 5343, "Incorrect": 0, "Partial": 248, "Missed": 1504, "Spurious": 10632, "Possible": 7095, "Actual": 16223, "Precision": 0.32181634155318367, "Recall": 0.3273064654643602, "F1": 0.32382529750950806}, "Strict": {"Correct": 5249, "Incorrect": 342, "Partial": 0, "Missed": 1504, "Spurious": 10632, "Possible": 7095, "Actual": 16223, "Precision": 0.31482844640739377, "Recall": 0.31661759293338243, "F1": 0.31554410501778923}, "Exact": {"Correct": 5343, "Incorrect": 248, "Partial": 0, "Missed": 1504, "Spurious": 10632, "Possible": 7095, "Actual": 16223, "Precision": 0.3185703185703186, "Recall": 0.3223837565942829, "F1": 0.3199607410133726}}, "Predicates": {"Ent_type": {"Correct": 4554, "Incorrect": 8, "Partial": 0, "Missed": 2467, "Spurious": 11504, "Possible": 7029, "Actual": 16066, "Precision": 0.26778513883777044, "Recall": 0.2741994847258005, "F1": 0.2698833330412278}, "Partial": {"Correct": 4164, "Incorrect": 0, "Partial": 398, "Missed": 2467, "Spurious": 11504, "Possible": 7029, "Actual": 16066, "Precision": 0.2599798593219646, "Recall": 0.26377131640289536, "F1": 0.2612478165109744}, "Strict": {"Correct": 4164, "Incorrect": 398, "Partial": 0, "Missed": 2467, "Spurious": 11504, "Possible": 7029, "Actual": 16066, "Precision": 0.25192921113973743, "Recall": 0.2528524107471476, "F1": 0.252285141758826}, "Exact": {"Correct": 4164, "Incorrect": 398, "Partial": 0, "Missed": 2467, "Spurious": 11504, "Possible": 7029, "Actual": 16066, "Precision": 0.25192921113973743, "Recall": 0.2528524107471476, "F1": 0.252285141758826}}, "Objects": {"Ent_type": {"Correct": 4336, "Incorrect": 34, "Partial": 0, "Missed": 2544, "Spurious": 11525, "Possible": 6914, "Actual": 15895, "Precision": 0.2599949890619747, "Recall": 0.26383265856950067, "F1": 0.26098477545845966}, "Partial": {"Correct": 4085, "Incorrect": 0, "Partial": 285, "Missed": 2544, "Spurious": 11525, "Possible": 6914, "Actual": 15895, "Precision": 0.2549105931282965, "Recall": 0.2577137774506196, "F1": 0.2557081076817919}, "Strict": {"Correct": 4052, "Incorrect": 318, "Partial": 0, "Missed": 2544, "Spurious": 11525, "Possible": 6914, "Actual": 15895, "Precision": 0.24706579969737866, "Recall": 0.2474849711691817, "F1": 0.2472211998527788}, "Exact": {"Correct": 4085, "Incorrect": 285, "Partial": 0, "Missed": 2544, "Spurious": 11525, "Possible": 6914, "Actual": 15895, "Precision": 0.24841532736269578, "Recall": 0.2495092626671574, "F1": 0.2487956487956488}}}, "Exact_match": {"Precision": 0.16393661605697743, "Recall": 0.10510815976140685, "F1": 0.11858792096919435}}