{"Total_scores": {"Ent_type": {"Correct": 13922, "Incorrect": 125, "Partial": 0, "Missed": 7007, "Spurious": 22469, "Possible": 21054, "Actual": 36516, "Precision": 0.3541884050664307, "Recall": 0.36119416758951645, "F1": 0.35643699121985783}, "Partial": {"Correct": 13013, "Incorrect": 0, "Partial": 1034, "Missed": 7007, "Spurious": 22469, "Possible": 21054, "Actual": 36516, "Precision": 0.3461082928216293, "Recall": 0.35278173284817804, "F1": 0.34838755974553315}, "Strict": {"Correct": 12907, "Incorrect": 1140, "Partial": 0, "Missed": 7007, "Spurious": 22469, "Possible": 21054, "Actual": 36516, "Precision": 0.33153922840681266, "Recall": 0.3364130148183304, "F1": 0.3334016253570122}, "Exact": {"Correct": 13013, "Incorrect": 1034, "Partial": 0, "Missed": 7007, "Spurious": 22469, "Possible": 21054, "Actual": 36516, "Precision": 0.3345503553382054, "Recall": 0.3400582713705637, "F1": 0.3365971966826262}}, "Scores_per_tag": {"Subjects": {"Ent_type": {"Correct": 5104, "Incorrect": 76, "Partial": 0, "Missed": 1913, "Spurious": 7123, "Possible": 7093, "Actual": 12303, "Precision": 0.3842219058165902, "Recall": 0.39028634709697835, "F1": 0.3865422137847387}, "Partial": {"Correct": 4912, "Incorrect": 0, "Partial": 268, "Missed": 1913, "Spurious": 7123, "Possible": 7093, "Actual": 12303, "Precision": 0.3827321626324949, "Recall": 0.3890602752728999, "F1": 0.3850656541686442}, "Strict": {"Correct": 4846, "Incorrect": 334, "Partial": 0, "Missed": 1913, "Spurious": 7123, "Possible": 7093, "Actual": 12303, "Precision": 0.37436059695195906, "Recall": 0.37660180351210254, "F1": 0.37525707957601645}, "Exact": {"Correct": 4912, "Incorrect": 268, "Partial": 0, "Missed": 1913, "Spurious": 7123, "Possible": 7093, "Actual": 12303, "Precision": 0.37760375468016666, "Recall": 0.38182249644043664, "F1": 0.3791594157042662}}, "Predicates": {"Ent_type": {"Correct": 4405, "Incorrect": 13, "Partial": 0, "Missed": 2611, "Spurious": 7787, "Possible": 7029, "Actual": 12205, "Precision": 0.33299583399251176, "Recall": 0.34187628539788006, "F1": 0.33590186905326913}, "Partial": {"Correct": 3956, "Incorrect": 0, "Partial": 462, "Missed": 2611, "Spurious": 7787, "Possible": 7029, "Actual": 12205, "Precision": 0.3208854084269367, "Recall": 0.3262142066128777, "F1": 0.3226687685040794}, "Strict": {"Correct": 3951, "Incorrect": 467, "Partial": 0, "Missed": 2611, "Spurious": 7787, "Possible": 7029, "Actual": 12205, "Precision": 0.3081026208933186, "Recall": 0.3092469545957918, "F1": 0.3085497321852329}, "Exact": {"Correct": 3956, "Incorrect": 462, "Partial": 0, "Missed": 2611, "Spurious": 7787, "Possible": 7029, "Actual": 12205, "Precision": 0.3082871908453304, "Recall": 0.3096029109318146, "F1": 0.3087923098364484}}, "Objects": {"Ent_type": {"Correct": 4413, "Incorrect": 36, "Partial": 0, "Missed": 2483, "Spurious": 7559, "Possible": 6932, "Actual": 12008, "Precision": 0.3408361361256473, "Recall": 0.34535674735010286, "F1": 0.34222564994990246}, "Partial": {"Correct": 4145, "Incorrect": 0, "Partial": 304, "Missed": 2483, "Spurious": 7559, "Possible": 6932, "Actual": 12008, "Precision": 0.3336537111572707, "Recall": 0.3371104255655751, "F1": 0.33476309128302484}, "Strict": {"Correct": 4110, "Incorrect": 339, "Partial": 0, "Missed": 2483, "Spurious": 7559, "Possible": 6932, "Actual": 12008, "Precision": 0.32255576649264356, "Recall": 0.32324790381268786, "F1": 0.32281811949586037}, "Exact": {"Correct": 4145, "Incorrect": 304, "Partial": 0, "Missed": 2483, "Spurious": 7559, "Possible": 6932, "Actual": 12008, "Precision": 0.3244937509887676, "Recall": 0.32601645309286503, "F1": 0.3250329589200021}}}, "Exact_match": {"Precision": 0.12930126983827983, "Recall": 0.08320292908058707, "F1": 0.09388358206660204}}