{"Total_scores": {"Ent_type": {"Correct": 15734, "Incorrect": 54, "Partial": 0, "Missed": 5281, "Spurious": 20270, "Possible": 21069, "Actual": 36058, "Precision": 0.41792958792340745, "Recall": 0.4264427963191869, "F1": 0.4212898720562503}, "Partial": {"Correct": 14808, "Incorrect": 0, "Partial": 980, "Missed": 5281, "Spurious": 20270, "Possible": 21069, "Actual": 36058, "Precision": 0.40860259378491764, "Recall": 0.4158068946573273, "F1": 0.4114112548166936}, "Strict": {"Correct": 14759, "Incorrect": 1029, "Partial": 0, "Missed": 5281, "Spurious": 20270, "Possible": 21069, "Actual": 36058, "Precision": 0.39616888353600344, "Recall": 0.4015039142974866, "F1": 0.3983093754663594}, "Exact": {"Correct": 14808, "Incorrect": 980, "Partial": 0, "Missed": 5281, "Spurious": 20270, "Possible": 21069, "Actual": 36058, "Precision": 0.39764670251691264, "Recall": 0.40324818019502817, "F1": 0.3998413471343014}}, "Scores_per_tag": {"Subjects": {"Ent_type": {"Correct": 5667, "Incorrect": 32, "Partial": 0, "Missed": 1373, "Spurious": 6359, "Possible": 7072, "Actual": 12058, "Precision": 0.4497321796456531, "Recall": 0.4553770086526576, "F1": 0.4518719956049993}, "Partial": {"Correct": 5495, "Incorrect": 0, "Partial": 204, "Missed": 1373, "Spurious": 6359, "Possible": 7072, "Actual": 12058, "Precision": 0.4480634528224145, "Recall": 0.45251339101771737, "F1": 0.44974042027194067}, "Strict": {"Correct": 5466, "Incorrect": 233, "Partial": 0, "Missed": 1373, "Spurious": 6359, "Possible": 7072, "Actual": 12058, "Precision": 0.4426864441697569, "Recall": 0.4446229913473424, "F1": 0.4434610630407911}, "Exact": {"Correct": 5495, "Incorrect": 204, "Partial": 0, "Missed": 1373, "Spurious": 6359, "Possible": 7072, "Actual": 12058, "Precision": 0.44445817882159044, "Recall": 0.44701277297074576, "F1": 0.4454388133498146}}, "Predicates": {"Ent_type": {"Correct": 5082, "Incorrect": 3, "Partial": 0, "Missed": 1950, "Spurious": 6977, "Possible": 7035, "Actual": 12062, "Precision": 0.4026301332234583, "Recall": 0.41137206427688505, "F1": 0.40553770086526575}, "Partial": {"Correct": 4669, "Incorrect": 0, "Partial": 416, "Missed": 1950, "Spurious": 6977, "Possible": 7035, "Actual": 12062, "Precision": 0.39124433456942725, "Recall": 0.39633292130201897, "F1": 0.3929762395275374}, "Strict": {"Correct": 4668, "Incorrect": 417, "Partial": 0, "Missed": 1950, "Spurious": 6977, "Possible": 7035, "Actual": 12062, "Precision": 0.3796937233896443, "Recall": 0.380964153275649, "F1": 0.3801950281554731}, "Exact": {"Correct": 4669, "Incorrect": 416, "Partial": 0, "Missed": 1950, "Spurious": 6977, "Possible": 7035, "Actual": 12062, "Precision": 0.37973492652108226, "Recall": 0.38104655953852495, "F1": 0.3802499656640571}}, "Objects": {"Ent_type": {"Correct": 4985, "Incorrect": 19, "Partial": 0, "Missed": 1958, "Spurious": 6934, "Possible": 6962, "Actual": 11938, "Precision": 0.4037570121130072, "Recall": 0.4079110012360939, "F1": 0.40486066741938187}, "Partial": {"Correct": 4644, "Incorrect": 0, "Partial": 360, "Missed": 1958, "Spurious": 6934, "Possible": 6962, "Actual": 11938, "Precision": 0.39236401628861456, "Recall": 0.3953646477132262, "F1": 0.3932310478973025}, "Strict": {"Correct": 4625, "Incorrect": 379, "Partial": 0, "Missed": 1958, "Spurious": 6934, "Possible": 6962, "Actual": 11938, "Precision": 0.37907567641807444, "Recall": 0.3796868562010713, "F1": 0.37929405301469576}, "Exact": {"Correct": 4644, "Incorrect": 360, "Partial": 0, "Missed": 1958, "Spurious": 6934, "Possible": 6962, "Actual": 11938, "Precision": 0.3800233484411482, "Recall": 0.38125257519571487, "F1": 0.38044774069495946}}}, "Exact_match": {"Precision": 0.19594449116051235, "Recall": 0.14105611326298173, "F1": 0.1535382857736696}}