{"Total_scores": {"Ent_type": {"Correct": 16118, "Incorrect": 36, "Partial": 0, "Missed": 4970, "Spurious": 16149, "Possible": 21124, "Actual": 32303, "Precision": 0.48164264772168774, "Recall": 0.4902335063009637, "F1": 0.48508001758557723}, "Partial": {"Correct": 15305, "Incorrect": 0, "Partial": 849, "Missed": 4970, "Spurious": 16149, "Possible": 21124, "Actual": 32303, "Precision": 0.4725321975148235, "Recall": 0.4798639424264888, "F1": 0.4754421431566539}, "Strict": {"Correct": 15274, "Incorrect": 880, "Partial": 0, "Missed": 4970, "Spurious": 16149, "Possible": 21124, "Actual": 32303, "Precision": 0.4611669906981249, "Recall": 0.4666527674820855, "F1": 0.4633641896568138}, "Exact": {"Correct": 15305, "Incorrect": 849, "Partial": 0, "Missed": 4970, "Spurious": 16149, "Possible": 21124, "Actual": 32303, "Precision": 0.46221715131092445, "Recall": 0.4679809117865085, "F1": 0.46450083408478515}}, "Scores_per_tag": {"Subjects": {"Ent_type": {"Correct": 5585, "Incorrect": 20, "Partial": 0, "Missed": 1477, "Spurious": 5217, "Possible": 7082, "Actual": 10822, "Precision": 0.49715838893007164, "Recall": 0.5039844329132691, "F1": 0.4997343711391154}, "Partial": {"Correct": 5387, "Incorrect": 0, "Partial": 218, "Missed": 1477, "Spurious": 5217, "Possible": 7082, "Actual": 10822, "Precision": 0.49388435878428466, "Recall": 0.49911971830985913, "F1": 0.4958549542871263}, "Strict": {"Correct": 5367, "Incorrect": 238, "Partial": 0, "Missed": 1477, "Spurious": 5217, "Possible": 7082, "Actual": 10822, "Precision": 0.4882937978749691, "Recall": 0.49054855448480356, "F1": 0.4891957005189029}, "Exact": {"Correct": 5387, "Incorrect": 218, "Partial": 0, "Missed": 1477, "Spurious": 5217, "Possible": 7082, "Actual": 10822, "Precision": 0.4894520632567334, "Recall": 0.4924017790956264, "F1": 0.49058561897702}}, "Predicates": {"Ent_type": {"Correct": 5383, "Incorrect": 5, "Partial": 0, "Missed": 1666, "Spurious": 5417, "Possible": 7054, "Actual": 10805, "Precision": 0.48083456881640724, "Recall": 0.48869532987398073, "F1": 0.4834970348406227}, "Partial": {"Correct": 5050, "Incorrect": 0, "Partial": 338, "Missed": 1666, "Spurious": 5417, "Possible": 7054, "Actual": 10805, "Precision": 0.47113216580182854, "Recall": 0.4760239065974796, "F1": 0.47283944897454905}, "Strict": {"Correct": 5050, "Incorrect": 338, "Partial": 0, "Missed": 1666, "Spurious": 5417, "Possible": 7054, "Actual": 10805, "Precision": 0.461198109710897, "Recall": 0.46288917716827277, "F1": 0.46187299234000495}, "Exact": {"Correct": 5050, "Incorrect": 338, "Partial": 0, "Missed": 1666, "Spurious": 5417, "Possible": 7054, "Actual": 10805, "Precision": 0.461198109710897, "Recall": 0.46288917716827277, "F1": 0.46187299234000495}}, "Objects": {"Ent_type": {"Correct": 5150, "Incorrect": 11, "Partial": 0, "Missed": 1827, "Spurious": 5515, "Possible": 6988, "Actual": 10676, "Precision": 0.4676418960332971, "Recall": 0.47164566345441067, "F1": 0.46881045042182923}, "Partial": {"Correct": 4868, "Incorrect": 0, "Partial": 293, "Missed": 1827, "Spurious": 5515, "Possible": 6988, "Actual": 10676, "Precision": 0.45747813235072315, "Recall": 0.46047998517420313, "F1": 0.4584106613364397}, "Strict": {"Correct": 4857, "Incorrect": 304, "Partial": 0, "Missed": 1827, "Spurious": 5515, "Possible": 6988, "Actual": 10676, "Precision": 0.4461097726711144, "Recall": 0.44727575982209045, "F1": 0.4465282925623919}, "Exact": {"Correct": 4868, "Incorrect": 293, "Partial": 0, "Missed": 1827, "Spurious": 5515, "Possible": 6988, "Actual": 10676, "Precision": 0.4467120706696318, "Recall": 0.448295033358043, "F1": 0.44726958240672104}}}, "Exact_match": {"Precision": 0.20050346709630384, "Recall": 0.15124293087798063, "F1": 0.16224044299587634}}