{"Total_scores": {"Ent_type": {"Correct": 15501, "Incorrect": 107, "Partial": 0, "Missed": 5527, "Spurious": 28044, "Possible": 21135, "Actual": 43652, "Precision": 0.34000592031050975, "Recall": 0.34769499897098166, "F1": 0.34303910437888624}, "Partial": {"Correct": 14595, "Incorrect": 0, "Partial": 1013, "Missed": 5527, "Spurious": 28044, "Possible": 21135, "Actual": 43652, "Precision": 0.3335080842644127, "Recall": 0.3406330749354005, "F1": 0.3362823011027374}, "Strict": {"Correct": 14493, "Incorrect": 1115, "Partial": 0, "Missed": 5527, "Spurious": 28044, "Possible": 21135, "Actual": 43652, "Precision": 0.3223224981096971, "Recall": 0.32687109830554983, "F1": 0.3240881977093132}, "Exact": {"Correct": 14595, "Incorrect": 1013, "Partial": 0, "Missed": 5527, "Spurious": 28044, "Possible": 21135, "Actual": 43652, "Precision": 0.3246137788944951, "Recall": 0.33016395691843314, "F1": 0.326752538467912}}, "Scores_per_tag": {"Subjects": {"Ent_type": {"Correct": 5645, "Incorrect": 69, "Partial": 0, "Missed": 1410, "Spurious": 8969, "Possible": 7124, "Actual": 14683, "Precision": 0.3673366719260936, "Recall": 0.3733964464567469, "F1": 0.3696645400288125}, "Partial": {"Correct": 5453, "Incorrect": 0, "Partial": 261, "Missed": 1410, "Spurious": 8969, "Possible": 7124, "Actual": 14683, "Precision": 0.3662619194621664, "Recall": 0.37264183302462783, "F1": 0.3686195147606961}, "Strict": {"Correct": 5384, "Incorrect": 330, "Partial": 0, "Missed": 1410, "Spurious": 8969, "Possible": 7124, "Actual": 14683, "Precision": 0.3601106766367108, "Recall": 0.3624202510804692, "F1": 0.3610345064142142}, "Exact": {"Correct": 5453, "Incorrect": 261, "Partial": 0, "Missed": 1410, "Spurious": 8969, "Possible": 7124, "Actual": 14683, "Precision": 0.36264892181747505, "Recall": 0.367153735336489, "F1": 0.3643044979533969}}, "Predicates": {"Ent_type": {"Correct": 4976, "Incorrect": 8, "Partial": 0, "Missed": 2058, "Spurious": 9574, "Possible": 7042, "Actual": 14558, "Precision": 0.3272701287416249, "Recall": 0.334705357755368, "F1": 0.329761496421303}, "Partial": {"Correct": 4547, "Incorrect": 0, "Partial": 437, "Missed": 2058, "Spurious": 9574, "Possible": 7042, "Actual": 14558, "Precision": 0.31745615238617914, "Recall": 0.3219283803251698, "F1": 0.3189888180009604}, "Strict": {"Correct": 4544, "Incorrect": 440, "Partial": 0, "Missed": 2058, "Spurious": 9574, "Possible": 7042, "Actual": 14558, "Precision": 0.3072648693146738, "Recall": 0.3083967894628524, "F1": 0.3077130639592051}, "Exact": {"Correct": 4547, "Incorrect": 437, "Partial": 0, "Missed": 2058, "Spurious": 9574, "Possible": 7042, "Actual": 14558, "Precision": 0.3073677711463264, "Recall": 0.3086025931261576, "F1": 0.3078502664014086}}, "Objects": {"Ent_type": {"Correct": 4880, "Incorrect": 30, "Partial": 0, "Missed": 2059, "Spurious": 9501, "Possible": 6969, "Actual": 14411, "Precision": 0.3245230656014768, "Recall": 0.32887425396172054, "F1": 0.3259315882489375}, "Partial": {"Correct": 4595, "Incorrect": 0, "Partial": 315, "Missed": 2059, "Spurious": 9501, "Possible": 6969, "Actual": 14411, "Precision": 0.31805490592277996, "Recall": 0.32160252452493654, "F1": 0.3192370890868524}, "Strict": {"Correct": 4565, "Incorrect": 345, "Partial": 0, "Missed": 2059, "Spurious": 9501, "Possible": 6969, "Actual": 14411, "Precision": 0.30904850106331894, "Recall": 0.31021472182204846, "F1": 0.3094784020488898}, "Exact": {"Correct": 4595, "Incorrect": 315, "Partial": 0, "Missed": 2059, "Spurious": 9501, "Possible": 6969, "Actual": 14411, "Precision": 0.310317623653701, "Recall": 0.3122727584551005, "F1": 0.31101049598682856}}}, "Exact_match": {"Precision": 0.1784828048233914, "Recall": 0.13004558131549465, "F1": 0.14176312742994526}}