{"Total_scores": {"Ent_type": {"Correct": 16167, "Incorrect": 50, "Partial": 0, "Missed": 4954, "Spurious": 17360, "Possible": 21171, "Actual": 33577, "Precision": 0.4624042372464735, "Recall": 0.47105146209225845, "F1": 0.46576512694191124}, "Partial": {"Correct": 15211, "Incorrect": 0, "Partial": 1006, "Missed": 4954, "Spurious": 17360, "Possible": 21171, "Actual": 33577, "Precision": 0.45210374733750436, "Recall": 0.45928361923384586, "F1": 0.4548312894504344}, "Strict": {"Correct": 15172, "Incorrect": 1045, "Partial": 0, "Missed": 4954, "Spurious": 17360, "Possible": 21171, "Actual": 33577, "Precision": 0.4388538899649023, "Recall": 0.44422717980623944, "F1": 0.44094469855291113}, "Exact": {"Correct": 15211, "Incorrect": 1006, "Partial": 0, "Missed": 4954, "Spurious": 17360, "Possible": 21171, "Actual": 33577, "Precision": 0.440139701596461, "Recall": 0.4456937161141232, "F1": 0.44224913286774453}}, "Scores_per_tag": {"Subjects": {"Ent_type": {"Correct": 5848, "Incorrect": 25, "Partial": 0, "Missed": 1270, "Spurious": 5476, "Possible": 7143, "Actual": 11349, "Precision": 0.49217847302462003, "Recall": 0.5011110123544574, "F1": 0.49557076408022993}, "Partial": {"Correct": 5581, "Incorrect": 0, "Partial": 292, "Missed": 1270, "Spurious": 5476, "Possible": 7143, "Actual": 11349, "Precision": 0.4885121322549107, "Recall": 0.49502266465203093, "F1": 0.4909933931798655}, "Strict": {"Correct": 5556, "Incorrect": 317, "Partial": 0, "Missed": 1270, "Spurious": 5476, "Possible": 7143, "Actual": 11349, "Precision": 0.4813794329392943, "Recall": 0.48449026753177493, "F1": 0.48262376677628654}, "Exact": {"Correct": 5581, "Incorrect": 292, "Partial": 0, "Missed": 1270, "Spurious": 5476, "Possible": 7143, "Actual": 11349, "Precision": 0.4831126122122478, "Recall": 0.48671229224068974, "F1": 0.4845198945278938}}, "Predicates": {"Ent_type": {"Correct": 5199, "Incorrect": 10, "Partial": 0, "Missed": 1846, "Spurious": 5949, "Possible": 7055, "Actual": 11158, "Precision": 0.44493822771309216, "Recall": 0.4523153497466892, "F1": 0.4475602168696116}, "Partial": {"Correct": 4881, "Incorrect": 0, "Partial": 328, "Missed": 1846, "Spurious": 5949, "Possible": 7055, "Actual": 11158, "Precision": 0.43635010221313664, "Recall": 0.44107190471958047, "F1": 0.43805735786448613}, "Strict": {"Correct": 4881, "Incorrect": 328, "Partial": 0, "Missed": 1846, "Spurious": 5949, "Possible": 7055, "Actual": 11158, "Precision": 0.4272731312772198, "Recall": 0.42893964980890587, "F1": 0.4279323319408645}, "Exact": {"Correct": 4881, "Incorrect": 328, "Partial": 0, "Missed": 1846, "Spurious": 5949, "Possible": 7055, "Actual": 11158, "Precision": 0.4272731312772198, "Recall": 0.42893964980890587, "F1": 0.4279323319408645}}, "Objects": {"Ent_type": {"Correct": 5120, "Incorrect": 15, "Partial": 0, "Missed": 1838, "Spurious": 5935, "Possible": 6973, "Actual": 11070, "Precision": 0.4466891543262532, "Recall": 0.4515154208514799, "F1": 0.4480465933892296}, "Partial": {"Correct": 4749, "Incorrect": 0, "Partial": 386, "Missed": 1838, "Spurious": 5935, "Possible": 6973, "Actual": 11070, "Precision": 0.4332370311672151, "Recall": 0.4365834148075727, "F1": 0.43423275955717516}, "Strict": {"Correct": 4735, "Incorrect": 400, "Partial": 0, "Missed": 1838, "Spurious": 5935, "Possible": 6973, "Actual": 11070, "Precision": 0.418273931206115, "Recall": 0.4190738601013243, "F1": 0.41855242496963235}, "Exact": {"Correct": 4749, "Incorrect": 386, "Partial": 0, "Missed": 1838, "Spurious": 5935, "Possible": 6973, "Actual": 11070, "Precision": 0.4189849791129677, "Recall": 0.4203181939383166, "F1": 0.41944123485319823}}}, "Exact_match": {"Precision": 0.22697786226877675, "Recall": 0.16439845261967378, "F1": 0.17913501161158568}}