{"Total_scores": {"Ent_type": {"Correct": 16444, "Incorrect": 54, "Partial": 0, "Missed": 4651, "Spurious": 13596, "Possible": 21149, "Actual": 30094, "Precision": 0.5239594399981112, "Recall": 0.5345050404891754, "F1": 0.528375239039592}, "Partial": {"Correct": 15573, "Incorrect": 0, "Partial": 925, "Missed": 4651, "Spurious": 13596, "Possible": 21149, "Actual": 30094, "Precision": 0.5141779792399525, "Recall": 0.5228970418112708, "F1": 0.5177615270203272}, "Strict": {"Correct": 15523, "Incorrect": 975, "Partial": 0, "Missed": 4651, "Spurious": 13596, "Possible": 21149, "Actual": 30094, "Precision": 0.5004252740593841, "Recall": 0.5070087588828293, "F1": 0.5031853058526335}, "Exact": {"Correct": 15573, "Incorrect": 925, "Partial": 0, "Missed": 4651, "Spurious": 13596, "Possible": 21149, "Actual": 30094, "Precision": 0.5023323968490057, "Recall": 0.509074533135019, "F1": 0.5050929008192271}}, "Scores_per_tag": {"Subjects": {"Ent_type": {"Correct": 5874, "Incorrect": 36, "Partial": 0, "Missed": 1232, "Spurious": 4278, "Possible": 7142, "Actual": 10188, "Precision": 0.5524376136175839, "Recall": 0.5617253346554288, "F1": 0.5559940505701537}, "Partial": {"Correct": 5634, "Incorrect": 0, "Partial": 276, "Missed": 1232, "Spurious": 4278, "Possible": 7142, "Actual": 10188, "Precision": 0.5496033713435796, "Recall": 0.5567922657411998, "F1": 0.5523450669310858}, "Strict": {"Correct": 5601, "Incorrect": 309, "Partial": 0, "Missed": 1232, "Spurious": 4278, "Possible": 7142, "Actual": 10188, "Precision": 0.5415633779540572, "Recall": 0.5450173525037184, "F1": 0.5429449677739216}, "Exact": {"Correct": 5634, "Incorrect": 276, "Partial": 0, "Missed": 1232, "Spurious": 4278, "Possible": 7142, "Actual": 10188, "Precision": 0.5440423070566849, "Recall": 0.5482895389191869, "F1": 0.5456883159808296}}, "Predicates": {"Ent_type": {"Correct": 5332, "Incorrect": 0, "Partial": 0, "Missed": 1688, "Spurious": 4677, "Possible": 7020, "Actual": 10009, "Precision": 0.5116542720211535, "Recall": 0.5212692117005454, "F1": 0.514873574615766}, "Partial": {"Correct": 4910, "Incorrect": 0, "Partial": 422, "Missed": 1688, "Spurious": 4677, "Possible": 7020, "Actual": 10009, "Precision": 0.4967790447859858, "Recall": 0.5022062469013386, "F1": 0.4986365889935548}, "Strict": {"Correct": 4910, "Incorrect": 422, "Partial": 0, "Missed": 1688, "Spurious": 4677, "Possible": 7020, "Actual": 10009, "Precision": 0.48190381755081807, "Recall": 0.48314328210213187, "F1": 0.4823996033713436}, "Exact": {"Correct": 4910, "Incorrect": 422, "Partial": 0, "Missed": 1688, "Spurious": 4677, "Possible": 7020, "Actual": 10009, "Precision": 0.48190381755081807, "Recall": 0.48314328210213187, "F1": 0.4823996033713436}}, "Objects": {"Ent_type": {"Correct": 5238, "Incorrect": 18, "Partial": 0, "Missed": 1731, "Spurious": 4641, "Possible": 6987, "Actual": 9897, "Precision": 0.5094225275633307, "Recall": 0.5138324243926624, "F1": 0.5108560568501074}, "Partial": {"Correct": 5029, "Incorrect": 0, "Partial": 227, "Missed": 1731, "Spurious": 4641, "Possible": 6987, "Actual": 9897, "Precision": 0.5023521495856647, "Recall": 0.5057511155180962, "F1": 0.5034862006279953}, "Strict": {"Correct": 5012, "Incorrect": 244, "Partial": 0, "Missed": 1731, "Spurious": 4641, "Possible": 6987, "Actual": 9897, "Precision": 0.49310031399768633, "Recall": 0.4941993058998513, "F1": 0.4935052057511155}, "Exact": {"Correct": 5029, "Incorrect": 227, "Partial": 0, "Missed": 1731, "Spurious": 4641, "Possible": 6987, "Actual": 9897, "Precision": 0.49414146422078997, "Recall": 0.4958849776896381, "F1": 0.49476119649644684}}}, "Exact_match": {"Precision": 0.21266093536918212, "Recall": 0.15616280682909034, "F1": 0.1701399968834763}}