{"Total_scores": {"Ent_type": {"Correct": 16828, "Incorrect": 33, "Partial": 0, "Missed": 4256, "Spurious": 10312, "Possible": 21117, "Actual": 27173, "Precision": 0.6005243372801088, "Recall": 0.6103980264369085, "F1": 0.6046756402770983}, "Partial": {"Correct": 16068, "Incorrect": 0, "Partial": 793, "Missed": 4256, "Spurious": 10312, "Possible": 21117, "Actual": 27173, "Precision": 0.5904721139532804, "Recall": 0.598779410140285, "F1": 0.5939248850245205}, "Strict": {"Correct": 16038, "Incorrect": 823, "Partial": 0, "Missed": 4256, "Spurious": 10312, "Possible": 21117, "Actual": 27173, "Precision": 0.5778792963483121, "Recall": 0.5841415368754372, "F1": 0.5805164998360623}, "Exact": {"Correct": 16068, "Incorrect": 793, "Partial": 0, "Missed": 4256, "Spurious": 10312, "Possible": 21117, "Actual": 27173, "Precision": 0.5791164553011454, "Recall": 0.5855775249456902, "F1": 0.5817999470490357}}, "Scores_per_tag": {"Subjects": {"Ent_type": {"Correct": 5828, "Incorrect": 20, "Partial": 0, "Missed": 1187, "Spurious": 3209, "Possible": 7035, "Actual": 9057, "Precision": 0.6254648551124857, "Recall": 0.632939357119187, "F1": 0.6281969144666593}, "Partial": {"Correct": 5666, "Incorrect": 0, "Partial": 182, "Missed": 1187, "Spurious": 3209, "Possible": 7035, "Actual": 9057, "Precision": 0.6225008284546559, "Recall": 0.627802938252513, "F1": 0.6244486174012298}, "Strict": {"Correct": 5646, "Incorrect": 202, "Partial": 0, "Missed": 1187, "Spurious": 3209, "Possible": 7035, "Actual": 9057, "Precision": 0.6164439044147428, "Recall": 0.6182480945542914, "F1": 0.6171655804705622}, "Exact": {"Correct": 5666, "Incorrect": 182, "Partial": 0, "Missed": 1187, "Spurious": 3209, "Possible": 7035, "Actual": 9057, "Precision": 0.6179903531057844, "Recall": 0.6204573069700652, "F1": 0.6189329504031813}}, "Predicates": {"Ent_type": {"Correct": 5645, "Incorrect": 0, "Partial": 0, "Missed": 1413, "Spurious": 3477, "Possible": 7058, "Actual": 9122, "Precision": 0.6016590133236549, "Recall": 0.6110681542030266, "F1": 0.6049044515630178}, "Partial": {"Correct": 5285, "Incorrect": 0, "Partial": 360, "Missed": 1413, "Spurious": 3477, "Possible": 7058, "Actual": 9122, "Precision": 0.5885564111870308, "Recall": 0.594305754998343, "F1": 0.5905961191501896}, "Strict": {"Correct": 5285, "Incorrect": 360, "Partial": 0, "Missed": 1413, "Spurious": 3477, "Possible": 7058, "Actual": 9122, "Precision": 0.5754538090504069, "Recall": 0.5775433557936596, "F1": 0.5762877867373615}, "Exact": {"Correct": 5285, "Incorrect": 360, "Partial": 0, "Missed": 1413, "Spurious": 3477, "Possible": 7058, "Actual": 9122, "Precision": 0.5754538090504069, "Recall": 0.5775433557936596, "F1": 0.5762877867373615}}, "Objects": {"Ent_type": {"Correct": 5355, "Incorrect": 13, "Partial": 0, "Missed": 1656, "Spurious": 3626, "Possible": 7024, "Actual": 8994, "Precision": 0.577248794138223, "Recall": 0.581464707831658, "F1": 0.5787841967671858}, "Partial": {"Correct": 5117, "Incorrect": 0, "Partial": 251, "Missed": 1656, "Spurious": 3626, "Possible": 7024, "Actual": 8994, "Precision": 0.5680437424058323, "Recall": 0.5715508671158732, "F1": 0.5693103575242093}, "Strict": {"Correct": 5107, "Incorrect": 261, "Partial": 0, "Missed": 1656, "Spurious": 3626, "Possible": 7024, "Actual": 8994, "Precision": 0.5570713207408226, "Recall": 0.5590964321219485, "F1": 0.5578114069001068}, "Exact": {"Correct": 5117, "Incorrect": 251, "Partial": 0, "Missed": 1656, "Spurious": 3626, "Possible": 7024, "Actual": 8994, "Precision": 0.5578445450863434, "Recall": 0.5602010383298354, "F1": 0.5586950918664163}}}, "Exact_match": {"Precision": 0.22039030520514893, "Recall": 0.1737895085812618, "F1": 0.1829753963777453}}