{"Total_scores": {"Ent_type": {"Correct": 14896, "Incorrect": 96, "Partial": 0, "Missed": 6025, "Spurious": 18578, "Possible": 21017, "Actual": 33570, "Precision": 0.41691627868225634, "Recall": 0.4241330104644123, "F1": 0.4195402644766997}, "Partial": {"Correct": 13980, "Incorrect": 0, "Partial": 1012, "Missed": 6025, "Spurious": 18578, "Possible": 21017, "Actual": 33570, "Precision": 0.4073819043247392, "Recall": 0.4139244429069734, "F1": 0.40978614844177413}, "Strict": {"Correct": 13893, "Incorrect": 1099, "Partial": 0, "Missed": 6025, "Spurious": 18578, "Possible": 21017, "Actual": 33570, "Precision": 0.39212957903176704, "Recall": 0.3969702211075557, "F1": 0.394030953431628}, "Exact": {"Correct": 13980, "Incorrect": 1012, "Partial": 0, "Missed": 6025, "Spurious": 18578, "Possible": 21017, "Actual": 33570, "Precision": 0.3948768476183507, "Recall": 0.40018449652627636, "F1": 0.39690135697659695}}, "Scores_per_tag": {"Subjects": {"Ent_type": {"Correct": 5452, "Incorrect": 55, "Partial": 0, "Missed": 1563, "Spurious": 5765, "Possible": 7070, "Actual": 11272, "Precision": 0.45365966156418464, "Recall": 0.45922338493470555, "F1": 0.45578713713280866}, "Partial": {"Correct": 5301, "Incorrect": 0, "Partial": 206, "Missed": 1563, "Spurious": 5765, "Possible": 7070, "Actual": 11272, "Precision": 0.45286690305284094, "Recall": 0.45814235060105507, "F1": 0.4548300614027502}, "Strict": {"Correct": 5248, "Incorrect": 259, "Partial": 0, "Missed": 1563, "Spurious": 5765, "Possible": 7070, "Actual": 11272, "Precision": 0.4456744212862867, "Recall": 0.4477211796246649, "F1": 0.446493124621638}, "Exact": {"Correct": 5301, "Incorrect": 206, "Partial": 0, "Missed": 1563, "Spurious": 5765, "Possible": 7070, "Actual": 11272, "Precision": 0.448831041540546, "Recall": 0.4523047651993427, "F1": 0.45012539998270346}}, "Predicates": {"Ent_type": {"Correct": 4701, "Incorrect": 12, "Partial": 0, "Missed": 2301, "Spurious": 6511, "Possible": 7014, "Actual": 11224, "Precision": 0.391903773530514, "Recall": 0.40058808267750584, "F1": 0.3948052696820318}, "Partial": {"Correct": 4196, "Incorrect": 0, "Partial": 517, "Missed": 2301, "Spurious": 6511, "Possible": 7014, "Actual": 11224, "Precision": 0.37549367234570036, "Recall": 0.3807619129983568, "F1": 0.37728098244400243}, "Strict": {"Correct": 4190, "Incorrect": 523, "Partial": 0, "Missed": 2301, "Spurious": 6511, "Possible": 7014, "Actual": 11224, "Precision": 0.35830522644065843, "Recall": 0.3593790538787512, "F1": 0.35871890224566866}, "Exact": {"Correct": 4196, "Incorrect": 517, "Partial": 0, "Missed": 2301, "Spurious": 6511, "Possible": 7014, "Actual": 11224, "Precision": 0.35856467468073455, "Recall": 0.3598979503589034, "F1": 0.3590648332324368}}, "Objects": {"Ent_type": {"Correct": 4743, "Incorrect": 29, "Partial": 0, "Missed": 2161, "Spurious": 6302, "Possible": 6933, "Actual": 11074, "Precision": 0.4045810707209133, "Recall": 0.40811208163971285, "F1": 0.40555370235384075}, "Partial": {"Correct": 4483, "Incorrect": 0, "Partial": 289, "Missed": 2161, "Spurious": 6302, "Possible": 6933, "Actual": 11074, "Precision": 0.39583892245723085, "Recall": 0.39864222087693507, "F1": 0.39667693477690885}, "Strict": {"Correct": 4455, "Incorrect": 317, "Partial": 0, "Missed": 2161, "Spurious": 6302, "Possible": 6933, "Actual": 11074, "Precision": 0.38381042981925106, "Recall": 0.3842428435527112, "F1": 0.38396609876329674}, "Exact": {"Correct": 4483, "Incorrect": 289, "Partial": 0, "Missed": 2161, "Spurious": 6302, "Possible": 6933, "Actual": 11074, "Precision": 0.38541036063305373, "Recall": 0.38666436046008823, "F1": 0.3858398916082908}}}, "Exact_match": {"Precision": 0.16732949622028023, "Recall": 0.11003253131680998, "F1": 0.12292919353984295}}