{"Total_scores": {"Ent_type": {"Correct": 16167, "Incorrect": 313, "Partial": 0, "Missed": 4629, "Spurious": 18817, "Possible": 21109, "Actual": 35297, "Precision": 0.43285755055192054, "Recall": 0.45956499178413907, "F1": 0.4422932027221317}, "Partial": {"Correct": 14234, "Incorrect": 0, "Partial": 2246, "Missed": 4629, "Spurious": 18817, "Possible": 21109, "Actual": 35297, "Precision": 0.41546107723462217, "Recall": 0.4371083052264407, "F1": 0.4232712967177232}, "Strict": {"Correct": 14033, "Incorrect": 2447, "Partial": 0, "Missed": 4629, "Spurious": 18817, "Possible": 21109, "Actual": 35297, "Precision": 0.38520956135545775, "Recall": 0.4002810689267491, "F1": 0.39084662408906573}, "Exact": {"Correct": 14234, "Incorrect": 2246, "Partial": 0, "Missed": 4629, "Spurious": 18817, "Possible": 21109, "Actual": 35297, "Precision": 0.39040501236298175, "Recall": 0.4059168612528467, "F1": 0.396211437142195}}, "Scores_per_tag": {"Subjects": {"Ent_type": {"Correct": 5951, "Incorrect": 159, "Partial": 0, "Missed": 909, "Spurious": 6123, "Possible": 7019, "Actual": 12233, "Precision": 0.47907776446218026, "Recall": 0.5092968952693937, "F1": 0.4868910688032023}, "Partial": {"Correct": 5277, "Incorrect": 0, "Partial": 833, "Missed": 909, "Spurious": 6123, "Possible": 7019, "Actual": 12233, "Precision": 0.46873720776038513, "Recall": 0.487589725849693, "F1": 0.47382836469362455}, "Strict": {"Correct": 5167, "Incorrect": 943, "Partial": 0, "Missed": 909, "Spurious": 6123, "Possible": 7019, "Actual": 12233, "Precision": 0.44300272214740777, "Recall": 0.44417538701029147, "F1": 0.4433941595318401}, "Exact": {"Correct": 5277, "Incorrect": 833, "Partial": 0, "Missed": 909, "Spurious": 6123, "Possible": 7019, "Actual": 12233, "Precision": 0.4493592040292724, "Recall": 0.45316959266626305, "F1": 0.45056357923260976}}, "Predicates": {"Ent_type": {"Correct": 4705, "Incorrect": 12, "Partial": 0, "Missed": 2297, "Spurious": 6496, "Possible": 7014, "Actual": 11213, "Precision": 0.3922208769350515, "Recall": 0.400934013664274, "F1": 0.39513678687768455}, "Partial": {"Correct": 4186, "Incorrect": 0, "Partial": 531, "Missed": 2297, "Spurious": 6496, "Possible": 7014, "Actual": 11213, "Precision": 0.37528467237452795, "Recall": 0.3805024647582807, "F1": 0.37705756868171464}, "Strict": {"Correct": 4183, "Incorrect": 534, "Partial": 0, "Missed": 2297, "Spurious": 6496, "Possible": 7014, "Actual": 11213, "Precision": 0.3576998472138142, "Recall": 0.35877367465190696, "F1": 0.35811352301882443}, "Exact": {"Correct": 4186, "Incorrect": 531, "Partial": 0, "Missed": 2297, "Spurious": 6496, "Possible": 7014, "Actual": 11213, "Precision": 0.35782957133385224, "Recall": 0.359033122891983, "F1": 0.35828648851220846}}, "Objects": {"Ent_type": {"Correct": 5511, "Incorrect": 142, "Partial": 0, "Missed": 1423, "Spurious": 6198, "Possible": 7076, "Actual": 11851, "Precision": 0.4461016685179965, "Recall": 0.46553662544322405, "F1": 0.45147217605057266}, "Partial": {"Correct": 4771, "Incorrect": 0, "Partial": 882, "Missed": 1423, "Spurious": 6198, "Possible": 7076, "Actual": 11851, "Precision": 0.4290369004284078, "Recall": 0.4416025252962034, "F1": 0.43270000296723465}, "Strict": {"Correct": 4683, "Incorrect": 970, "Partial": 0, "Missed": 1423, "Spurious": 6198, "Possible": 7076, "Actual": 11851, "Precision": 0.3971187205944622, "Recall": 0.39946380697050937, "F1": 0.3979458182952086}, "Exact": {"Correct": 4771, "Incorrect": 882, "Partial": 0, "Missed": 1423, "Spurious": 6198, "Possible": 7076, "Actual": 11851, "Precision": 0.4029635128917322, "Recall": 0.40651215082591025, "F1": 0.40419563812281967}}}, "Exact_match": {"Precision": 0.16732949622028023, "Recall": 0.11003253131681, "F1": 0.12292919353984295}}