{"Total_scores": {"Ent_type": {"Correct": 15351, "Incorrect": 60, "Partial": 0, "Missed": 5629, "Spurious": 13976, "Possible": 21040, "Actual": 29387, "Precision": 0.49428449462344387, "Recall": 0.5040457913800551, "F1": 0.4979487888973746}, "Partial": {"Correct": 14381, "Incorrect": 0, "Partial": 1030, "Missed": 5629, "Spurious": 13976, "Possible": 21040, "Actual": 29387, "Precision": 0.4822716771232622, "Recall": 0.49036736118034097, "F1": 0.4852688569495416}, "Strict": {"Correct": 14327, "Incorrect": 1084, "Partial": 0, "Missed": 5629, "Spurious": 13976, "Possible": 21040, "Actual": 29387, "Precision": 0.46595719478408143, "Recall": 0.4720200711128834, "F1": 0.46826779668995117}, "Exact": {"Correct": 14381, "Incorrect": 1030, "Partial": 0, "Missed": 5629, "Spurious": 13976, "Possible": 21040, "Actual": 29387, "Precision": 0.46802079761530463, "Recall": 0.4742465025088891, "F1": 0.47033662142849975}}, "Scores_per_tag": {"Subjects": {"Ent_type": {"Correct": 5632, "Incorrect": 33, "Partial": 0, "Missed": 1419, "Spurious": 4236, "Possible": 7084, "Actual": 9901, "Precision": 0.5379490246901273, "Recall": 0.5465058319210447, "F1": 0.5410726747084039}, "Partial": {"Correct": 5429, "Incorrect": 0, "Partial": 236, "Missed": 1419, "Spurious": 4236, "Possible": 7084, "Actual": 9901, "Precision": 0.5354982886385539, "Recall": 0.5417705114146147, "F1": 0.5378077958329179}, "Strict": {"Correct": 5397, "Incorrect": 268, "Partial": 0, "Missed": 1419, "Spurious": 4236, "Possible": 7084, "Actual": 9901, "Precision": 0.5280630046854751, "Recall": 0.5305552786362276, "F1": 0.5290599142657761}, "Exact": {"Correct": 5429, "Incorrect": 236, "Partial": 0, "Missed": 1419, "Spurious": 4236, "Possible": 7084, "Actual": 9901, "Precision": 0.5305054331572127, "Recall": 0.5337453892931912, "F1": 0.531751570132589}}, "Predicates": {"Ent_type": {"Correct": 4848, "Incorrect": 7, "Partial": 0, "Missed": 2149, "Spurious": 4907, "Possible": 7004, "Actual": 9762, "Precision": 0.46826006047918123, "Recall": 0.47741999800618085, "F1": 0.471305619247001}, "Partial": {"Correct": 4379, "Incorrect": 0, "Partial": 476, "Missed": 2149, "Spurious": 4907, "Possible": 7004, "Actual": 9762, "Precision": 0.45051340843385507, "Recall": 0.45586182833217026, "F1": 0.4523211378061343}, "Strict": {"Correct": 4376, "Incorrect": 479, "Partial": 0, "Missed": 2149, "Spurious": 4907, "Possible": 7004, "Actual": 9762, "Precision": 0.43226830159837837, "Recall": 0.43330674907785866, "F1": 0.4326720499784003}, "Exact": {"Correct": 4379, "Incorrect": 476, "Partial": 0, "Missed": 2149, "Spurious": 4907, "Possible": 7004, "Actual": 9762, "Precision": 0.4324178380354235, "Recall": 0.43360582195194897, "F1": 0.4328714318944605}}, "Objects": {"Ent_type": {"Correct": 4871, "Incorrect": 20, "Partial": 0, "Missed": 2061, "Spurious": 4833, "Possible": 6952, "Actual": 9724, "Precision": 0.47814043780298393, "Recall": 0.48330176452995716, "F1": 0.47946169184330883}, "Partial": {"Correct": 4573, "Incorrect": 0, "Partial": 318, "Missed": 2061, "Spurious": 4833, "Possible": 6952, "Actual": 9724, "Precision": 0.46644037142865774, "Recall": 0.47001794437244543, "F1": 0.4674354378770688}, "Strict": {"Correct": 4554, "Incorrect": 337, "Partial": 0, "Missed": 2061, "Spurious": 4833, "Possible": 6952, "Actual": 9724, "Precision": 0.452347722061609, "Recall": 0.45284617685175954, "F1": 0.4525181461279557}, "Exact": {"Correct": 4573, "Incorrect": 318, "Partial": 0, "Missed": 2061, "Spurious": 4833, "Possible": 6952, "Actual": 9724, "Precision": 0.45349416807895526, "Recall": 0.45474030505433155, "F1": 0.45391381954037724}}}, "Exact_match": {"Precision": 0.18347068691077512, "Recall": 0.12612514970716698, "F1": 0.1392131276020494}}