{"Total_scores": {"Ent_type": {"Correct": 16000, "Incorrect": 70, "Partial": 0, "Missed": 5090, "Spurious": 15740, "Possible": 21160, "Actual": 31810, "Precision": 0.48439280806474927, "Recall": 0.4933141816583467, "F1": 0.4879234289095832}, "Partial": {"Correct": 15070, "Incorrect": 0, "Partial": 1000, "Missed": 5090, "Spurious": 15740, "Possible": 21160, "Actual": 31810, "Precision": 0.47424196174196176, "Recall": 0.48168974286521615, "F1": 0.4771050209980699}, "Strict": {"Correct": 15012, "Incorrect": 1058, "Partial": 0, "Missed": 5090, "Spurious": 15740, "Possible": 21160, "Actual": 31810, "Precision": 0.4594601776150236, "Recall": 0.46521459294841605, "F1": 0.4617011997557349}, "Exact": {"Correct": 15070, "Incorrect": 1000, "Partial": 0, "Missed": 5090, "Spurious": 15740, "Possible": 21160, "Actual": 31810, "Precision": 0.46158255995780717, "Recall": 0.4673966280493548, "F1": 0.4637843368628901}}, "Scores_per_tag": {"Subjects": {"Ent_type": {"Correct": 5755, "Incorrect": 50, "Partial": 0, "Missed": 1351, "Spurious": 4961, "Possible": 7156, "Actual": 10766, "Precision": 0.5137672286584408, "Recall": 0.5213337100875953, "F1": 0.5167498665661988}, "Partial": {"Correct": 5548, "Incorrect": 0, "Partial": 257, "Missed": 1351, "Spurious": 4961, "Possible": 7156, "Actual": 10766, "Precision": 0.5125270792125836, "Recall": 0.5191202787981539, "F1": 0.5150701704813035}, "Strict": {"Correct": 5506, "Incorrect": 299, "Partial": 0, "Missed": 1351, "Spurious": 4961, "Possible": 7156, "Actual": 10766, "Precision": 0.5047879187466642, "Recall": 0.5082414994819628, "F1": 0.5061693510407836}, "Exact": {"Correct": 5548, "Incorrect": 257, "Partial": 0, "Missed": 1351, "Spurious": 4961, "Possible": 7156, "Actual": 10766, "Precision": 0.5078019528429248, "Recall": 0.5121974192333051, "F1": 0.5094973470220715}}, "Predicates": {"Ent_type": {"Correct": 5230, "Incorrect": 5, "Partial": 0, "Missed": 1798, "Spurious": 5330, "Possible": 7033, "Actual": 10565, "Precision": 0.47662239804087786, "Recall": 0.4844117924084016, "F1": 0.479304529572967}, "Partial": {"Correct": 4757, "Incorrect": 0, "Partial": 478, "Missed": 1798, "Spurious": 5330, "Possible": 7033, "Actual": 10565, "Precision": 0.459641769489184, "Recall": 0.46434962795516627, "F1": 0.4612985912081702}, "Strict": {"Correct": 4754, "Incorrect": 481, "Partial": 0, "Missed": 1798, "Spurious": 5330, "Possible": 7033, "Actual": 10565, "Precision": 0.4422843866754576, "Recall": 0.4436752378261279, "F1": 0.44283426849123375}, "Exact": {"Correct": 4757, "Incorrect": 478, "Partial": 0, "Missed": 1798, "Spurious": 5330, "Possible": 7033, "Actual": 10565, "Precision": 0.4424099714294685, "Recall": 0.4439107092398983, "F1": 0.44299752867144787}}, "Objects": {"Ent_type": {"Correct": 5015, "Incorrect": 15, "Partial": 0, "Missed": 1941, "Spurious": 5449, "Possible": 6971, "Actual": 10479, "Precision": 0.46386131528827207, "Recall": 0.4678346048789677, "F1": 0.4649746363648596}, "Partial": {"Correct": 4765, "Incorrect": 0, "Partial": 265, "Missed": 1941, "Spurious": 5449, "Possible": 6971, "Actual": 10479, "Precision": 0.4550005769559316, "Recall": 0.45789771121785816, "F1": 0.4558711993792525}, "Strict": {"Correct": 4752, "Incorrect": 278, "Partial": 0, "Missed": 1941, "Spurious": 5449, "Possible": 6971, "Actual": 10479, "Precision": 0.4443502558789363, "Recall": 0.4453235377225205, "F1": 0.44469561395246615}, "Exact": {"Correct": 4765, "Incorrect": 265, "Partial": 0, "Missed": 1941, "Spurious": 5449, "Possible": 6971, "Actual": 10479, "Precision": 0.44515085868575555, "Recall": 0.4465479890741264, "F1": 0.44563749960754767}}}, "Exact_match": {"Precision": 0.18022275850152872, "Recall": 0.13692853429744198, "F1": 0.14754806125917516}}