{"Total_scores": {"Ent_type": {"Correct": 16683, "Incorrect": 41, "Partial": 0, "Missed": 4434, "Spurious": 10914, "Possible": 21158, "Actual": 27638, "Precision": 0.5842379386620196, "Recall": 0.5946233050540207, "F1": 0.5885288918897794}, "Partial": {"Correct": 15737, "Incorrect": 0, "Partial": 987, "Missed": 4434, "Spurious": 10914, "Possible": 21158, "Actual": 27638, "Precision": 0.5714683778081102, "Recall": 0.5803078094409397, "F1": 0.575064249584317}, "Strict": {"Correct": 15697, "Incorrect": 1027, "Partial": 0, "Missed": 4434, "Spurious": 10914, "Possible": 21158, "Actual": 27638, "Precision": 0.5554412576764111, "Recall": 0.562149227757233, "F1": 0.5582047086044258}, "Exact": {"Correct": 15737, "Incorrect": 987, "Partial": 0, "Missed": 4434, "Spurious": 10914, "Possible": 21158, "Actual": 27638, "Precision": 0.5570564414919429, "Recall": 0.5640526430280618, "F1": 0.5598866198577968}}, "Scores_per_tag": {"Subjects": {"Ent_type": {"Correct": 5911, "Incorrect": 25, "Partial": 0, "Missed": 1190, "Spurious": 3376, "Possible": 7126, "Actual": 9312, "Precision": 0.6139511275469509, "Recall": 0.6219273439199478, "F1": 0.617076354144007}, "Partial": {"Correct": 5716, "Incorrect": 0, "Partial": 220, "Missed": 1190, "Spurious": 3376, "Possible": 7126, "Actual": 9312, "Precision": 0.6114313682836633, "Recall": 0.6179301718512074, "F1": 0.6139475019940541}, "Strict": {"Correct": 5691, "Incorrect": 245, "Partial": 0, "Missed": 1190, "Spurious": 3376, "Possible": 7126, "Actual": 9312, "Precision": 0.6049960118918135, "Recall": 0.6084946704372417, "F1": 0.6063954753099847}, "Exact": {"Correct": 5716, "Incorrect": 220, "Partial": 0, "Missed": 1190, "Spurious": 3376, "Possible": 7126, "Actual": 9312, "Precision": 0.6069538104560945, "Recall": 0.6112138351098543, "F1": 0.608607062577043}}, "Predicates": {"Ent_type": {"Correct": 5498, "Incorrect": 0, "Partial": 0, "Missed": 1532, "Spurious": 3684, "Possible": 7030, "Actual": 9182, "Precision": 0.5801609745486187, "Recall": 0.5887535349140745, "F1": 0.5830904212892466}, "Partial": {"Correct": 5127, "Incorrect": 0, "Partial": 371, "Missed": 1532, "Spurious": 3684, "Possible": 7030, "Actual": 9182, "Precision": 0.5658173809005873, "Recall": 0.5708886230150098, "F1": 0.5675911826553549}, "Strict": {"Correct": 5127, "Incorrect": 371, "Partial": 0, "Missed": 1532, "Spurious": 3684, "Possible": 7030, "Actual": 9182, "Precision": 0.551473787252556, "Recall": 0.5530237111159452, "F1": 0.5520919440214632}, "Exact": {"Correct": 5127, "Incorrect": 371, "Partial": 0, "Missed": 1532, "Spurious": 3684, "Possible": 7030, "Actual": 9182, "Precision": 0.551473787252556, "Recall": 0.5530237111159452, "F1": 0.5520919440214632}}, "Objects": {"Ent_type": {"Correct": 5274, "Incorrect": 16, "Partial": 0, "Missed": 1712, "Spurious": 3854, "Possible": 7002, "Actual": 9144, "Precision": 0.5608720443503998, "Recall": 0.5659125516641288, "F1": 0.5624309850109285}, "Partial": {"Correct": 4894, "Incorrect": 0, "Partial": 396, "Missed": 1712, "Spurious": 3854, "Possible": 7002, "Actual": 9144, "Precision": 0.5440653819025584, "Recall": 0.5480476397650642, "F1": 0.545352559122409}, "Strict": {"Correct": 4879, "Incorrect": 411, "Partial": 0, "Missed": 1712, "Spurious": 3854, "Possible": 7002, "Actual": 9144, "Precision": 0.5251921543035313, "Recall": 0.52681096367196, "F1": 0.525772501735086}, "Exact": {"Correct": 4894, "Incorrect": 396, "Partial": 0, "Missed": 1712, "Spurious": 3854, "Possible": 7002, "Actual": 9144, "Precision": 0.5261710535856718, "Recall": 0.5284424624755275, "F1": 0.5269689341910355}}}, "Exact_match": {"Precision": 0.20894456130969968, "Recall": 0.165368349815087, "F1": 0.17557991781182133}}