{"Total_scores": {"Ent_type": {"Correct": 14800, "Incorrect": 113, "Partial": 0, "Missed": 6044, "Spurious": 25840, "Possible": 20957, "Actual": 40753, "Precision": 0.34742508953035267, "Recall": 0.35427843023536804, "F1": 0.349920657935012}, "Partial": {"Correct": 13781, "Incorrect": 0, "Partial": 1132, "Missed": 6044, "Spurious": 25840, "Possible": 20957, "Actual": 40753, "Precision": 0.3386180472902961, "Recall": 0.34466374269005845, "F1": 0.3407602741932885}, "Strict": {"Correct": 13677, "Incorrect": 1236, "Partial": 0, "Missed": 6044, "Spurious": 25840, "Possible": 20957, "Actual": 40753, "Precision": 0.32414429005338097, "Recall": 0.32824658063892515, "F1": 0.32564089286577325}, "Exact": {"Correct": 13781, "Incorrect": 1132, "Partial": 0, "Missed": 6044, "Spurious": 25840, "Possible": 20957, "Actual": 40753, "Precision": 0.3268628633461169, "Recall": 0.33152095113817603, "F1": 0.32850181008075746}}, "Scores_per_tag": {"Subjects": {"Ent_type": {"Correct": 5314, "Incorrect": 60, "Partial": 0, "Missed": 1616, "Spurious": 8142, "Possible": 6990, "Actual": 13516, "Precision": 0.3761538833309168, "Recall": 0.37951283166594174, "F1": 0.37740080228118505}, "Partial": {"Correct": 5235, "Incorrect": 0, "Partial": 139, "Missed": 1616, "Spurious": 8142, "Possible": 6990, "Actual": 13516, "Precision": 0.37672176308539945, "Recall": 0.3802559083659562, "F1": 0.3779952636411967}, "Strict": {"Correct": 5176, "Incorrect": 198, "Partial": 0, "Missed": 1616, "Spurious": 8142, "Possible": 6990, "Actual": 13516, "Precision": 0.3714175245275724, "Recall": 0.3723720458170219, "F1": 0.37179933304335216}, "Exact": {"Correct": 5235, "Incorrect": 139, "Partial": 0, "Missed": 1616, "Spurious": 8142, "Possible": 6990, "Actual": 13516, "Precision": 0.3743173360398241, "Recall": 0.37664926779759317, "F1": 0.3751582813783771}}, "Predicates": {"Ent_type": {"Correct": 4781, "Incorrect": 14, "Partial": 0, "Missed": 2232, "Spurious": 8870, "Possible": 7027, "Actual": 13665, "Precision": 0.3322821516601421, "Recall": 0.3406553574017689, "F1": 0.33502247353921993}, "Partial": {"Correct": 4207, "Incorrect": 0, "Partial": 588, "Missed": 2232, "Spurious": 8870, "Possible": 7027, "Actual": 13665, "Precision": 0.31675607752162777, "Recall": 0.32184283021603594, "F1": 0.31845367551109177}, "Strict": {"Correct": 4201, "Incorrect": 594, "Partial": 0, "Missed": 2232, "Spurious": 8870, "Possible": 7027, "Actual": 13665, "Precision": 0.3005050505050505, "Recall": 0.3015803972741772, "F1": 0.30091827364554635}, "Exact": {"Correct": 4207, "Incorrect": 588, "Partial": 0, "Missed": 2232, "Spurious": 8870, "Possible": 7027, "Actual": 13665, "Precision": 0.3007225363684694, "Recall": 0.30201536900101494, "F1": 0.30120825479677155}}, "Objects": {"Ent_type": {"Correct": 4705, "Incorrect": 39, "Partial": 0, "Missed": 2196, "Spurious": 8828, "Possible": 6940, "Actual": 13572, "Precision": 0.3352806175990169, "Recall": 0.33906046107003046, "F1": 0.33623141876730395}, "Partial": {"Correct": 4339, "Incorrect": 0, "Partial": 405, "Missed": 2196, "Spurious": 8828, "Possible": 6940, "Actual": 13572, "Precision": 0.32449292587939826, "Recall": 0.32771494852834565, "F1": 0.3254184013753392}, "Strict": {"Correct": 4300, "Incorrect": 444, "Partial": 0, "Missed": 2196, "Spurious": 8828, "Possible": 6940, "Actual": 13572, "Precision": 0.31029795563288387, "Recall": 0.31071480353777003, "F1": 0.3104489874824803}, "Exact": {"Correct": 4339, "Incorrect": 405, "Partial": 0, "Missed": 2196, "Spurious": 8828, "Possible": 6940, "Actual": 13572, "Precision": 0.3120015948963317, "Recall": 0.31354211976221547, "F1": 0.31252718573292737}}}, "Exact_match": {"Precision": 0.14186965822299002, "Recall": 0.09399636533026715, "F1": 0.10468001105407729}}