{"Total_scores": {"Ent_type": {"Correct": 15810, "Incorrect": 77, "Partial": 0, "Missed": 5268, "Spurious": 18774, "Possible": 21155, "Actual": 34661, "Precision": 0.441677435049356, "Recall": 0.45062523573272983, "F1": 0.44525177871422106}, "Partial": {"Correct": 14913, "Incorrect": 0, "Partial": 974, "Missed": 5268, "Spurious": 18774, "Possible": 21155, "Actual": 34661, "Precision": 0.4330319780315428, "Recall": 0.4406214640090521, "F1": 0.43599350862385067}, "Strict": {"Correct": 14846, "Incorrect": 1041, "Partial": 0, "Missed": 5268, "Spurious": 18774, "Possible": 21155, "Actual": 34661, "Precision": 0.4197356955865094, "Recall": 0.4253517857660951, "F1": 0.4219598633298694}, "Exact": {"Correct": 14913, "Incorrect": 974, "Partial": 0, "Missed": 5268, "Spurious": 18774, "Possible": 21155, "Actual": 34661, "Precision": 0.4219000847123399, "Recall": 0.42779615284184874, "F1": 0.4241799993606069}}, "Scores_per_tag": {"Subjects": {"Ent_type": {"Correct": 5727, "Incorrect": 42, "Partial": 0, "Missed": 1367, "Spurious": 5910, "Possible": 7136, "Actual": 11679, "Precision": 0.47275654974323267, "Recall": 0.4803725302463226, "F1": 0.4756781849305132}, "Partial": {"Correct": 5503, "Incorrect": 0, "Partial": 266, "Missed": 1367, "Spurious": 5910, "Possible": 7136, "Actual": 11679, "Precision": 0.4707691414976644, "Recall": 0.47697797893637395, "F1": 0.47313082078509877}, "Strict": {"Correct": 5467, "Incorrect": 302, "Partial": 0, "Missed": 1367, "Spurious": 5910, "Possible": 7136, "Actual": 11679, "Precision": 0.4637769460643514, "Recall": 0.466794325006528, "F1": 0.46498389764122205}, "Exact": {"Correct": 5503, "Incorrect": 266, "Partial": 0, "Missed": 1367, "Spurious": 5910, "Possible": 7136, "Actual": 11679, "Precision": 0.46608350015957295, "Recall": 0.4699277569849421, "F1": 0.46756607769750774}}, "Predicates": {"Ent_type": {"Correct": 5186, "Incorrect": 7, "Partial": 0, "Missed": 1866, "Spurious": 6389, "Possible": 7059, "Actual": 11582, "Precision": 0.43268426528066184, "Recall": 0.4414657498476804, "F1": 0.43570019355988543}, "Partial": {"Correct": 4753, "Incorrect": 0, "Partial": 440, "Missed": 1866, "Spurious": 6389, "Possible": 7059, "Actual": 11582, "Precision": 0.41989117955477084, "Recall": 0.42540691095830796, "F1": 0.42182076851978495}, "Strict": {"Correct": 4749, "Incorrect": 444, "Partial": 0, "Missed": 1866, "Spurious": 6389, "Possible": 7059, "Actual": 11582, "Precision": 0.4066193750543999, "Recall": 0.40839063451997565, "F1": 0.4073030517803779}, "Exact": {"Correct": 4753, "Incorrect": 440, "Partial": 0, "Missed": 1866, "Spurious": 6389, "Possible": 7059, "Actual": 11582, "Precision": 0.4067934546087562, "Recall": 0.4087387936286883, "F1": 0.40753515785285305}}, "Objects": {"Ent_type": {"Correct": 4897, "Incorrect": 28, "Partial": 0, "Missed": 2035, "Spurious": 6475, "Possible": 6960, "Actual": 11400, "Precision": 0.4194596544257089, "Recall": 0.4228392375315519, "F1": 0.42034354461893847}, "Partial": {"Correct": 4657, "Incorrect": 0, "Partial": 268, "Missed": 2035, "Spurious": 6475, "Possible": 6960, "Actual": 11400, "Precision": 0.4116476036366801, "Recall": 0.414461658978153, "F1": 0.41246962242697294}, "Strict": {"Correct": 4630, "Incorrect": 295, "Partial": 0, "Missed": 2035, "Spurious": 6475, "Possible": 6960, "Actual": 11400, "Precision": 0.4005280413148809, "Recall": 0.4012968926799547, "F1": 0.4007949632982273}, "Exact": {"Correct": 4657, "Incorrect": 268, "Partial": 0, "Missed": 2035, "Spurious": 6475, "Possible": 6960, "Actual": 11400, "Precision": 0.40213827719267703, "Recall": 0.4036469666637653, "F1": 0.40265181187802823}}}, "Exact_match": {"Precision": 0.17549584235450022, "Recall": 0.1314297886758206, "F1": 0.14176505988773738}}