{"Total_scores": {"Ent_type": {"Correct": 14883, "Incorrect": 88, "Partial": 0, "Missed": 5995, "Spurious": 15931, "Possible": 20966, "Actual": 30902, "Precision": 0.4538993606901525, "Recall": 0.4631469102093337, "F1": 0.4572481572764032}, "Partial": {"Correct": 13892, "Incorrect": 0, "Partial": 1079, "Missed": 5995, "Spurious": 15931, "Possible": 20966, "Actual": 30902, "Precision": 0.4423043038309962, "Recall": 0.45037739698082413, "F1": 0.4451610474336677}, "Strict": {"Correct": 13811, "Incorrect": 1160, "Partial": 0, "Missed": 5995, "Spurious": 15931, "Possible": 20966, "Actual": 30902, "Precision": 0.42517069128028545, "Recall": 0.4307347079684901, "F1": 0.4272146194305125}, "Exact": {"Correct": 13892, "Incorrect": 1079, "Partial": 0, "Missed": 5995, "Spurious": 15931, "Possible": 20966, "Actual": 30902, "Precision": 0.4278399314648255, "Recall": 0.43404575840316356, "F1": 0.43004055726257023}}, "Scores_per_tag": {"Subjects": {"Ent_type": {"Correct": 5445, "Incorrect": 38, "Partial": 0, "Missed": 1521, "Spurious": 4795, "Possible": 7004, "Actual": 10278, "Precision": 0.49860339578821833, "Recall": 0.5040015064494868, "F1": 0.5005743338668676}, "Partial": {"Correct": 5308, "Incorrect": 0, "Partial": 175, "Missed": 1521, "Spurious": 4795, "Possible": 7004, "Actual": 10278, "Precision": 0.49709694630135265, "Recall": 0.5015064494868656, "F1": 0.4987006873175784}, "Strict": {"Correct": 5272, "Incorrect": 211, "Partial": 0, "Missed": 1521, "Spurious": 4795, "Possible": 7004, "Actual": 10278, "Precision": 0.49060038288924457, "Recall": 0.4920440636474908, "F1": 0.4911778551925431}, "Exact": {"Correct": 5308, "Incorrect": 175, "Partial": 0, "Missed": 1521, "Spurious": 4795, "Possible": 7004, "Actual": 10278, "Precision": 0.4930012867589367, "Recall": 0.4954335749929385, "F1": 0.49390829488748705}}, "Predicates": {"Ent_type": {"Correct": 4755, "Incorrect": 5, "Partial": 0, "Missed": 2253, "Spurious": 5613, "Possible": 7013, "Actual": 10373, "Precision": 0.4307456924959985, "Recall": 0.44129554655870445, "F1": 0.4340834196403352}, "Partial": {"Correct": 4249, "Incorrect": 0, "Partial": 511, "Missed": 2253, "Spurious": 5613, "Possible": 7013, "Actual": 10373, "Precision": 0.41325910931174087, "Recall": 0.41931079935975896, "F1": 0.415212001380912}, "Strict": {"Correct": 4247, "Incorrect": 513, "Partial": 0, "Missed": 2253, "Spurious": 5613, "Possible": 7013, "Actual": 10373, "Precision": 0.3954429903022314, "Recall": 0.39666698051030974, "F1": 0.3959012020211531}, "Exact": {"Correct": 4249, "Incorrect": 511, "Partial": 0, "Missed": 2253, "Spurious": 5613, "Possible": 7013, "Actual": 10373, "Precision": 0.39553714339516055, "Recall": 0.396855286696168, "F1": 0.39602673947839184}}, "Objects": {"Ent_type": {"Correct": 4683, "Incorrect": 45, "Partial": 0, "Missed": 2221, "Spurious": 5523, "Possible": 6949, "Actual": 10251, "Precision": 0.43360616331852564, "Recall": 0.4388475661425478, "F1": 0.43501636402493193}, "Partial": {"Correct": 4335, "Incorrect": 0, "Partial": 393, "Missed": 2221, "Spurious": 5523, "Possible": 6949, "Actual": 10251, "Precision": 0.4205778360766121, "Recall": 0.4251012145748988, "F1": 0.4219271005072719}, "Strict": {"Correct": 4292, "Incorrect": 436, "Partial": 0, "Missed": 2221, "Spurious": 5523, "Possible": 6949, "Actual": 10251, "Precision": 0.40270062454884975, "Recall": 0.4030693908294887, "F1": 0.4028434234064589}, "Exact": {"Correct": 4335, "Incorrect": 393, "Partial": 0, "Missed": 2221, "Spurious": 5523, "Possible": 6949, "Actual": 10251, "Precision": 0.40505445187207734, "Recall": 0.4071179738254402, "F1": 0.4057621692872611}}}, "Exact_match": {"Precision": 0.16746500724853525, "Recall": 0.11375910567504365, "F1": 0.1262087369348194}}