{"Total_scores": {"Ent_type": {"Correct": 13297, "Incorrect": 321, "Partial": 0, "Missed": 8254, "Spurious": 7393, "Possible": 21872, "Actual": 21011, "Precision": 0.5977938118210739, "Recall": 0.610400407790199, "F1": 0.6023656934521447}, "Partial": {"Correct": 11918, "Incorrect": 0, "Partial": 1700, "Missed": 8254, "Spurious": 7393, "Possible": 21872, "Actual": 21011, "Precision": 0.5810870328863368, "Recall": 0.5908044614468628, "F1": 0.5832997936349686}, "Strict": {"Correct": 11656, "Incorrect": 1962, "Partial": 0, "Missed": 8254, "Spurious": 7393, "Possible": 21872, "Actual": 21011, "Precision": 0.5288395915547888, "Recall": 0.5365299260977915, "F1": 0.5317461543080112}, "Exact": {"Correct": 11918, "Incorrect": 1700, "Partial": 0, "Missed": 8254, "Spurious": 7393, "Possible": 21872, "Actual": 21011, "Precision": 0.544961670258074, "Recall": 0.5525045463473538, "F1": 0.5466070369159935}}, "Scores_per_tag": {"Subjects": {"Ent_type": {"Correct": 4595, "Incorrect": 138, "Partial": 0, "Missed": 2509, "Spurious": 2141, "Possible": 7242, "Actual": 6874, "Precision": 0.6023608174770966, "Recall": 0.6062367864693446, "F1": 0.6036733615221987}, "Partial": {"Correct": 4618, "Incorrect": 0, "Partial": 115, "Missed": 2509, "Spurious": 2141, "Possible": 7242, "Actual": 6874, "Precision": 0.6102338794926004, "Recall": 0.6171049154334038, "F1": 0.6125396405919662}, "Strict": {"Correct": 4495, "Incorrect": 238, "Partial": 0, "Missed": 2509, "Spurious": 2141, "Possible": 7242, "Actual": 6874, "Precision": 0.593331571529246, "Recall": 0.5934857293868921, "F1": 0.5933932346723044}, "Exact": {"Correct": 4618, "Incorrect": 115, "Partial": 0, "Missed": 2509, "Spurious": 2141, "Possible": 7242, "Actual": 6874, "Precision": 0.6049594785059902, "Recall": 0.6097383720930233, "F1": 0.6065627202255109}}, "Predicates": {"Ent_type": {"Correct": 4488, "Incorrect": 105, "Partial": 0, "Missed": 2791, "Spurious": 2699, "Possible": 7384, "Actual": 7292, "Precision": 0.5634800035236082, "Recall": 0.5819238900634249, "F1": 0.5694547216349541}, "Partial": {"Correct": 3715, "Incorrect": 0, "Partial": 878, "Missed": 2791, "Spurious": 2699, "Possible": 7384, "Actual": 7292, "Precision": 0.5275612226920366, "Recall": 0.5402682346723044, "F1": 0.531771934460888}, "Strict": {"Correct": 3645, "Incorrect": 948, "Partial": 0, "Missed": 2791, "Spurious": 2699, "Possible": 7384, "Actual": 7292, "Precision": 0.4741345137420719, "Recall": 0.47608350951374206, "F1": 0.4748942917547569}, "Exact": {"Correct": 3715, "Incorrect": 878, "Partial": 0, "Missed": 2791, "Spurious": 2699, "Possible": 7384, "Actual": 7292, "Precision": 0.48146802325581395, "Recall": 0.485134778012685, "F1": 0.4828047921071177}}, "Objects": {"Ent_type": {"Correct": 4214, "Incorrect": 78, "Partial": 0, "Missed": 2954, "Spurious": 2553, "Possible": 7246, "Actual": 6845, "Precision": 0.5481298388010861, "Recall": 0.5527219873150105, "F1": 0.5492124154914853}, "Partial": {"Correct": 3585, "Incorrect": 0, "Partial": 707, "Missed": 2954, "Spurious": 2553, "Possible": 7246, "Actual": 6845, "Precision": 0.5111457286107127, "Recall": 0.5173427589852009, "F1": 0.512965087238343}, "Strict": {"Correct": 3516, "Incorrect": 776, "Partial": 0, "Missed": 2954, "Spurious": 2553, "Possible": 7246, "Actual": 6845, "Precision": 0.4616087642977178, "Recall": 0.4625396405919662, "F1": 0.46187455954897816}, "Exact": {"Correct": 3585, "Incorrect": 707, "Partial": 0, "Missed": 2954, "Spurious": 2553, "Possible": 7246, "Actual": 6845, "Precision": 0.4674227177860899, "Recall": 0.47165697674418605, "F1": 0.46878964059196615}}}, "Exact_match": {"Precision": 0.0801939857357612, "Recall": 0.03590751668916791, "F1": 0.04477505237889179}}