{"Total_scores": {"Ent_type": {"Correct": 13010, "Incorrect": 266, "Partial": 0, "Missed": 7461, "Spurious": 8028, "Possible": 20737, "Actual": 21304, "Precision": 0.5921250711012063, "Recall": 0.6102748036100704, "F1": 0.5987109448597926}, "Partial": {"Correct": 11537, "Incorrect": 0, "Partial": 1739, "Missed": 7461, "Spurious": 8028, "Possible": 20737, "Actual": 21304, "Precision": 0.5702150778103297, "Recall": 0.5884967514332363, "F1": 0.5769736751997665}, "Strict": {"Correct": 11316, "Incorrect": 1960, "Partial": 0, "Missed": 7461, "Spurious": 8028, "Possible": 20737, "Actual": 21304, "Precision": 0.5209421105079872, "Recall": 0.5318977770746912, "F1": 0.5250778305861705}, "Exact": {"Correct": 11537, "Incorrect": 1739, "Partial": 0, "Missed": 7461, "Spurious": 8028, "Possible": 20737, "Actual": 21304, "Precision": 0.5334699957017657, "Recall": 0.5480339314591055, "F1": 0.5390034741614661}}, "Scores_per_tag": {"Subjects": {"Ent_type": {"Correct": 4564, "Incorrect": 95, "Partial": 0, "Missed": 2178, "Spurious": 2219, "Possible": 6837, "Actual": 6878, "Precision": 0.6119745911609678, "Recall": 0.6160291931342073, "F1": 0.613344145605262}, "Partial": {"Correct": 4552, "Incorrect": 0, "Partial": 107, "Missed": 2178, "Spurious": 2219, "Possible": 6837, "Actual": 6878, "Precision": 0.6148803892417894, "Recall": 0.6218407892958507, "F1": 0.617214037933054}, "Strict": {"Correct": 4459, "Incorrect": 200, "Partial": 0, "Missed": 2178, "Spurious": 2219, "Possible": 6837, "Actual": 6878, "Precision": 0.6021083930260847, "Recall": 0.6022435464251926, "F1": 0.6021624543857278}, "Exact": {"Correct": 4552, "Incorrect": 107, "Partial": 0, "Missed": 2178, "Spurious": 2219, "Possible": 6837, "Actual": 6878, "Precision": 0.6098121367752399, "Recall": 0.6148128125422354, "F1": 0.6114880389241789}}, "Predicates": {"Ent_type": {"Correct": 4391, "Incorrect": 96, "Partial": 0, "Missed": 2534, "Spurious": 3095, "Possible": 7021, "Actual": 7582, "Precision": 0.5576136414830833, "Recall": 0.5831869171509664, "F1": 0.5649515056732248}, "Partial": {"Correct": 3585, "Incorrect": 0, "Partial": 902, "Missed": 2534, "Spurious": 3095, "Possible": 7021, "Actual": 7582, "Precision": 0.5185374149659864, "Recall": 0.5377753750506825, "F1": 0.5243617219830221}, "Strict": {"Correct": 3523, "Incorrect": 964, "Partial": 0, "Missed": 2534, "Spurious": 3095, "Possible": 7021, "Actual": 7582, "Precision": 0.46871649321980446, "Recall": 0.4710095958913367, "F1": 0.4694907291204088}, "Exact": {"Correct": 3585, "Incorrect": 902, "Partial": 0, "Missed": 2534, "Spurious": 3095, "Possible": 7021, "Actual": 7582, "Precision": 0.4729062485921521, "Recall": 0.4793891066360319, "F1": 0.4750770696168723}}, "Objects": {"Ent_type": {"Correct": 4055, "Incorrect": 75, "Partial": 0, "Missed": 2749, "Spurious": 2714, "Possible": 6879, "Actual": 6844, "Precision": 0.5403324521583746, "Recall": 0.5450736586025139, "F1": 0.5414755582751258}, "Partial": {"Correct": 3400, "Incorrect": 0, "Partial": 730, "Missed": 2749, "Spurious": 2714, "Possible": 6879, "Actual": 6844, "Precision": 0.5004845123340866, "Recall": 0.5066225165562914, "F1": 0.5023276336224032}, "Strict": {"Correct": 3334, "Incorrect": 796, "Partial": 0, "Missed": 2749, "Spurious": 2714, "Possible": 6879, "Actual": 6844, "Precision": 0.44860791998918775, "Recall": 0.44911474523584266, "F1": 0.4488083975311979}, "Exact": {"Correct": 3400, "Incorrect": 730, "Partial": 0, "Missed": 2749, "Spurious": 2714, "Possible": 6879, "Actual": 6844, "Precision": 0.4541492093526152, "Recall": 0.45803486957696987, "F1": 0.4554759652205253}}}, "Exact_match": {"Precision": 0.07608085149652846, "Recall": 0.03444185427338954, "F1": 0.04290443009194129}}