{"Total_scores": {"Ent_type": {"Correct": 317, "Incorrect": 6, "Partial": 0, "Missed": 105, "Spurious": 131, "Possible": 428, "Actual": 454, "Precision": 0.7270238095238095, "Recall": 0.7344920634920635, "F1": 0.7294201058201059}, "Partial": {"Correct": 294, "Incorrect": 0, "Partial": 29, "Missed": 105, "Spurious": 131, "Possible": 428, "Actual": 454, "Precision": 0.708861111111111, "Recall": 0.7185753968253968, "F1": 0.7116973544973545}, "Strict": {"Correct": 288, "Incorrect": 35, "Partial": 0, "Missed": 105, "Spurious": 131, "Possible": 428, "Actual": 454, "Precision": 0.6607301587301587, "Recall": 0.6634206349206349, "F1": 0.6618222222222222}, "Exact": {"Correct": 294, "Incorrect": 29, "Partial": 0, "Missed": 105, "Spurious": 131, "Possible": 428, "Actual": 454, "Precision": 0.6757142857142857, "Recall": 0.6830396825396825, "F1": 0.6778984126984127}}, "Scores_per_tag": {"Subjects": {"Ent_type": {"Correct": 113, "Incorrect": 4, "Partial": 0, "Missed": 28, "Spurious": 40, "Possible": 145, "Actual": 157, "Precision": 0.7037037037037037, "Recall": 0.7124183006535948, "F1": 0.7071895424836602}, "Partial": {"Correct": 112, "Incorrect": 0, "Partial": 5, "Missed": 28, "Spurious": 40, "Possible": 145, "Actual": 157, "Precision": 0.7156862745098039, "Recall": 0.7287581699346405, "F1": 0.720479302832244}, "Strict": {"Correct": 108, "Incorrect": 9, "Partial": 0, "Missed": 28, "Spurious": 40, "Possible": 145, "Actual": 157, "Precision": 0.6884531590413944, "Recall": 0.6928104575163399, "F1": 0.6901960784313725}, "Exact": {"Correct": 112, "Incorrect": 5, "Partial": 0, "Missed": 28, "Spurious": 40, "Possible": 145, "Actual": 157, "Precision": 0.7080610021786492, "Recall": 0.7189542483660131, "F1": 0.7119825708061002}}, "Predicates": {"Ent_type": {"Correct": 113, "Incorrect": 0, "Partial": 0, "Missed": 30, "Spurious": 38, "Possible": 143, "Actual": 151, "Precision": 0.7233115468409586, "Recall": 0.7320261437908496, "F1": 0.7263616557734205}, "Partial": {"Correct": 99, "Incorrect": 0, "Partial": 14, "Missed": 30, "Spurious": 38, "Possible": 143, "Actual": 151, "Precision": 0.6830065359477124, "Recall": 0.6879084967320261, "F1": 0.6847494553376906}, "Strict": {"Correct": 99, "Incorrect": 14, "Partial": 0, "Missed": 30, "Spurious": 38, "Possible": 143, "Actual": 151, "Precision": 0.6427015250544662, "Recall": 0.6437908496732027, "F1": 0.6431372549019608}, "Exact": {"Correct": 99, "Incorrect": 14, "Partial": 0, "Missed": 30, "Spurious": 38, "Possible": 143, "Actual": 151, "Precision": 0.6427015250544662, "Recall": 0.6437908496732027, "F1": 0.6431372549019608}}, "Objects": {"Ent_type": {"Correct": 91, "Incorrect": 2, "Partial": 0, "Missed": 47, "Spurious": 53, "Possible": 140, "Actual": 146, "Precision": 0.5947712418300654, "Recall": 0.5947712418300654, "F1": 0.5947712418300654}, "Partial": {"Correct": 83, "Incorrect": 0, "Partial": 10, "Missed": 47, "Spurious": 53, "Possible": 140, "Actual": 146, "Precision": 0.5718954248366013, "Recall": 0.5751633986928104, "F1": 0.5729847494553377}, "Strict": {"Correct": 81, "Incorrect": 12, "Partial": 0, "Missed": 47, "Spurious": 53, "Possible": 140, "Actual": 146, "Precision": 0.5294117647058824, "Recall": 0.5294117647058824, "F1": 0.5294117647058824}, "Exact": {"Correct": 83, "Incorrect": 10, "Partial": 0, "Missed": 47, "Spurious": 53, "Possible": 140, "Actual": 146, "Precision": 0.5392156862745098, "Recall": 0.5424836601307189, "F1": 0.5403050108932462}}}, "Exact_match": {"Precision": 0.25, "Recall": 0.23447712418300654, "F1": 0.23937908496732024}}