{"Total_scores": {"Ent_type": {"Correct": 294, "Incorrect": 3, "Partial": 0, "Missed": 116, "Spurious": 170, "Possible": 413, "Actual": 467, "Precision": 0.692831746031746, "Recall": 0.7108095238095238, "F1": 0.699584126984127}, "Partial": {"Correct": 269, "Incorrect": 0, "Partial": 28, "Missed": 116, "Spurious": 170, "Possible": 413, "Actual": 467, "Precision": 0.6679031746031746, "Recall": 0.6877698412698413, "F1": 0.675279365079365}, "Strict": {"Correct": 266, "Incorrect": 31, "Partial": 0, "Missed": 116, "Spurious": 170, "Possible": 413, "Actual": 467, "Precision": 0.625863492063492, "Recall": 0.634063492063492, "F1": 0.6291079365079365}, "Exact": {"Correct": 269, "Incorrect": 28, "Partial": 0, "Missed": 116, "Spurious": 170, "Possible": 413, "Actual": 467, "Precision": 0.6344190476190477, "Recall": 0.6493968253968254, "F1": 0.6400412698412699}}, "Scores_per_tag": {"Subjects": {"Ent_type": {"Correct": 102, "Incorrect": 2, "Partial": 0, "Missed": 36, "Spurious": 55, "Possible": 140, "Actual": 159, "Precision": 0.6318082788671024, "Recall": 0.6405228758169934, "F1": 0.6352941176470588}, "Partial": {"Correct": 99, "Incorrect": 0, "Partial": 5, "Missed": 36, "Spurious": 55, "Possible": 140, "Actual": 159, "Precision": 0.630718954248366, "Recall": 0.6437908496732027, "F1": 0.6355119825708061}, "Strict": {"Correct": 97, "Incorrect": 7, "Partial": 0, "Missed": 36, "Spurious": 55, "Possible": 140, "Actual": 159, "Precision": 0.616557734204793, "Recall": 0.6209150326797386, "F1": 0.6183006535947713}, "Exact": {"Correct": 99, "Incorrect": 5, "Partial": 0, "Missed": 36, "Spurious": 55, "Possible": 140, "Actual": 159, "Precision": 0.6230936819172114, "Recall": 0.6339869281045751, "F1": 0.6270152505446623}}, "Predicates": {"Ent_type": {"Correct": 106, "Incorrect": 0, "Partial": 0, "Missed": 32, "Spurious": 53, "Possible": 138, "Actual": 159, "Precision": 0.6683006535947712, "Recall": 0.6862745098039216, "F1": 0.6734204793028322}, "Partial": {"Correct": 95, "Incorrect": 0, "Partial": 11, "Missed": 32, "Spurious": 53, "Possible": 138, "Actual": 159, "Precision": 0.6424291938997821, "Recall": 0.6519607843137255, "F1": 0.6452069716775599}, "Strict": {"Correct": 95, "Incorrect": 11, "Partial": 0, "Missed": 32, "Spurious": 53, "Possible": 138, "Actual": 159, "Precision": 0.616557734204793, "Recall": 0.6176470588235294, "F1": 0.6169934640522876}, "Exact": {"Correct": 95, "Incorrect": 11, "Partial": 0, "Missed": 32, "Spurious": 53, "Possible": 138, "Actual": 159, "Precision": 0.616557734204793, "Recall": 0.6176470588235294, "F1": 0.6169934640522876}}, "Objects": {"Ent_type": {"Correct": 86, "Incorrect": 1, "Partial": 0, "Missed": 48, "Spurious": 62, "Possible": 135, "Actual": 149, "Precision": 0.5620915032679739, "Recall": 0.5620915032679739, "F1": 0.5620915032679739}, "Partial": {"Correct": 75, "Incorrect": 0, "Partial": 12, "Missed": 48, "Spurious": 62, "Possible": 135, "Actual": 149, "Precision": 0.5261437908496732, "Recall": 0.5294117647058824, "F1": 0.5272331154684096}, "Strict": {"Correct": 74, "Incorrect": 13, "Partial": 0, "Missed": 48, "Spurious": 62, "Possible": 135, "Actual": 149, "Precision": 0.48366013071895425, "Recall": 0.48366013071895425, "F1": 0.48366013071895425}, "Exact": {"Correct": 75, "Incorrect": 12, "Partial": 0, "Missed": 48, "Spurious": 62, "Possible": 135, "Actual": 149, "Precision": 0.4869281045751634, "Recall": 0.49019607843137253, "F1": 0.4880174291938998}}}, "Exact_match": {"Precision": 0.19617224880382775, "Recall": 0.18979266347687399, "F1": 0.19202551834130782}}