{"Total_scores": {"Ent_type": {"Correct": 301, "Incorrect": 4, "Partial": 0, "Missed": 119, "Spurious": 148, "Possible": 424, "Actual": 453, "Precision": 0.7145507936507937, "Recall": 0.7222063492063492, "F1": 0.7173142857142857}, "Partial": {"Correct": 281, "Incorrect": 0, "Partial": 24, "Missed": 119, "Spurious": 148, "Possible": 424, "Actual": 453, "Precision": 0.6928928571428571, "Recall": 0.7034761904761905, "F1": 0.6964301587301587}, "Strict": {"Correct": 277, "Incorrect": 28, "Partial": 0, "Missed": 119, "Spurious": 148, "Possible": 424, "Actual": 453, "Precision": 0.6474571428571428, "Recall": 0.6496349206349206, "F1": 0.6483460317460318}, "Exact": {"Correct": 281, "Incorrect": 24, "Partial": 0, "Missed": 119, "Spurious": 148, "Possible": 424, "Actual": 453, "Precision": 0.6593460317460317, "Recall": 0.6671904761904762, "F1": 0.6619460317460317}}, "Scores_per_tag": {"Subjects": {"Ent_type": {"Correct": 99, "Incorrect": 2, "Partial": 0, "Missed": 40, "Spurious": 49, "Possible": 141, "Actual": 150, "Precision": 0.6428571428571429, "Recall": 0.6428571428571429, "F1": 0.6428571428571429}, "Partial": {"Correct": 100, "Incorrect": 0, "Partial": 1, "Missed": 40, "Spurious": 49, "Possible": 141, "Actual": 150, "Precision": 0.6461038961038961, "Recall": 0.6525974025974026, "F1": 0.6482683982683982}, "Strict": {"Correct": 98, "Incorrect": 3, "Partial": 0, "Missed": 40, "Spurious": 49, "Possible": 141, "Actual": 150, "Precision": 0.6363636363636364, "Recall": 0.6363636363636364, "F1": 0.6363636363636364}, "Exact": {"Correct": 100, "Incorrect": 1, "Partial": 0, "Missed": 40, "Spurious": 49, "Possible": 141, "Actual": 150, "Precision": 0.6428571428571429, "Recall": 0.6493506493506493, "F1": 0.645021645021645}}, "Predicates": {"Ent_type": {"Correct": 113, "Incorrect": 0, "Partial": 0, "Missed": 30, "Spurious": 41, "Possible": 143, "Actual": 154, "Precision": 0.7186147186147186, "Recall": 0.7272727272727273, "F1": 0.7216450216450216}, "Partial": {"Correct": 101, "Incorrect": 0, "Partial": 12, "Missed": 30, "Spurious": 41, "Possible": 143, "Actual": 154, "Precision": 0.685064935064935, "Recall": 0.689935064935065, "F1": 0.6867965367965368}, "Strict": {"Correct": 101, "Incorrect": 12, "Partial": 0, "Missed": 30, "Spurious": 41, "Possible": 143, "Actual": 154, "Precision": 0.6515151515151515, "Recall": 0.6525974025974026, "F1": 0.6519480519480519}, "Exact": {"Correct": 101, "Incorrect": 12, "Partial": 0, "Missed": 30, "Spurious": 41, "Possible": 143, "Actual": 154, "Precision": 0.6515151515151515, "Recall": 0.6525974025974026, "F1": 0.6519480519480519}}, "Objects": {"Ent_type": {"Correct": 89, "Incorrect": 2, "Partial": 0, "Missed": 49, "Spurious": 58, "Possible": 140, "Actual": 149, "Precision": 0.577922077922078, "Recall": 0.577922077922078, "F1": 0.577922077922078}, "Partial": {"Correct": 80, "Incorrect": 0, "Partial": 11, "Missed": 49, "Spurious": 58, "Possible": 140, "Actual": 149, "Precision": 0.551948051948052, "Recall": 0.5551948051948052, "F1": 0.553030303030303}, "Strict": {"Correct": 78, "Incorrect": 13, "Partial": 0, "Missed": 49, "Spurious": 58, "Possible": 140, "Actual": 149, "Precision": 0.5064935064935064, "Recall": 0.5064935064935064, "F1": 0.5064935064935064}, "Exact": {"Correct": 80, "Incorrect": 11, "Partial": 0, "Missed": 49, "Spurious": 58, "Possible": 140, "Actual": 149, "Precision": 0.5162337662337663, "Recall": 0.5194805194805194, "F1": 0.5173160173160173}}}, "Exact_match": {"Precision": 0.21634615384615385, "Recall": 0.2123397435897436, "F1": 0.2137820512820513}}