{"Total_scores": {"Ent_type": {"Correct": 312, "Incorrect": 5, "Partial": 0, "Missed": 101, "Spurious": 155, "Possible": 418, "Actual": 472, "Precision": 0.7061190476190476, "Recall": 0.7286984126984127, "F1": 0.7142931216931216}, "Partial": {"Correct": 284, "Incorrect": 0, "Partial": 33, "Missed": 101, "Spurious": 155, "Possible": 418, "Actual": 472, "Precision": 0.6837619047619048, "Recall": 0.7066150793650794, "F1": 0.6918481481481481}, "Strict": {"Correct": 279, "Incorrect": 38, "Partial": 0, "Missed": 101, "Spurious": 155, "Possible": 418, "Actual": 472, "Precision": 0.6398809523809523, "Recall": 0.6519603174603175, "F1": 0.6445841269841269}, "Exact": {"Correct": 284, "Incorrect": 33, "Partial": 0, "Missed": 101, "Spurious": 155, "Possible": 418, "Actual": 472, "Precision": 0.6506428571428571, "Recall": 0.6682460317460317, "F1": 0.6569936507936508}}, "Scores_per_tag": {"Subjects": {"Ent_type": {"Correct": 116, "Incorrect": 4, "Partial": 0, "Missed": 24, "Spurious": 46, "Possible": 144, "Actual": 166, "Precision": 0.6929824561403509, "Recall": 0.7105263157894737, "F1": 0.7}, "Partial": {"Correct": 111, "Incorrect": 0, "Partial": 9, "Missed": 24, "Spurious": 46, "Possible": 144, "Actual": 166, "Precision": 0.7006578947368421, "Recall": 0.7203947368421053, "F1": 0.7081140350877193}, "Strict": {"Correct": 107, "Incorrect": 13, "Partial": 0, "Missed": 24, "Spurious": 46, "Possible": 144, "Actual": 166, "Precision": 0.668859649122807, "Recall": 0.6776315789473685, "F1": 0.6723684210526316}, "Exact": {"Correct": 111, "Incorrect": 9, "Partial": 0, "Missed": 24, "Spurious": 46, "Possible": 144, "Actual": 166, "Precision": 0.6885964912280702, "Recall": 0.7039473684210527, "F1": 0.6942982456140351}}, "Predicates": {"Ent_type": {"Correct": 109, "Incorrect": 0, "Partial": 0, "Missed": 30, "Spurious": 51, "Possible": 139, "Actual": 160, "Precision": 0.6792763157894737, "Recall": 0.7039473684210527, "F1": 0.6864035087719298}, "Partial": {"Correct": 95, "Incorrect": 0, "Partial": 14, "Missed": 30, "Spurious": 51, "Possible": 139, "Actual": 160, "Precision": 0.6477521929824561, "Recall": 0.6611842105263158, "F1": 0.6517543859649123}, "Strict": {"Correct": 95, "Incorrect": 14, "Partial": 0, "Missed": 30, "Spurious": 51, "Possible": 139, "Actual": 160, "Precision": 0.6162280701754386, "Recall": 0.618421052631579, "F1": 0.6171052631578947}, "Exact": {"Correct": 95, "Incorrect": 14, "Partial": 0, "Missed": 30, "Spurious": 51, "Possible": 139, "Actual": 160, "Precision": 0.6162280701754386, "Recall": 0.618421052631579, "F1": 0.6171052631578947}}, "Objects": {"Ent_type": {"Correct": 87, "Incorrect": 1, "Partial": 0, "Missed": 47, "Spurious": 58, "Possible": 135, "Actual": 146, "Precision": 0.5723684210526315, "Recall": 0.5723684210526315, "F1": 0.5723684210526315}, "Partial": {"Correct": 78, "Incorrect": 0, "Partial": 10, "Missed": 47, "Spurious": 58, "Possible": 135, "Actual": 146, "Precision": 0.5427631578947368, "Recall": 0.5460526315789473, "F1": 0.543859649122807}, "Strict": {"Correct": 77, "Incorrect": 11, "Partial": 0, "Missed": 47, "Spurious": 58, "Possible": 135, "Actual": 146, "Precision": 0.506578947368421, "Recall": 0.506578947368421, "F1": 0.506578947368421}, "Exact": {"Correct": 78, "Incorrect": 10, "Partial": 0, "Missed": 47, "Spurious": 58, "Possible": 135, "Actual": 146, "Precision": 0.5098684210526315, "Recall": 0.5131578947368421, "F1": 0.5109649122807017}}}, "Exact_match": {"Precision": 0.22330097087378642, "Recall": 0.21035598705501615, "F1": 0.21440129449838186}}