{"Total_scores": {"Ent_type": {"Correct": 16010, "Incorrect": 57, "Partial": 0, "Missed": 5021, "Spurious": 16848, "Possible": 21088, "Actual": 32915, "Precision": 0.7164582568555273, "Recall": 0.7303038048701447, "F1": 0.7220670866647906}, "Partial": {"Correct": 15019, "Incorrect": 0, "Partial": 1048, "Missed": 5021, "Spurious": 16848, "Possible": 21088, "Actual": 32915, "Precision": 0.7002103826396433, "Recall": 0.7122516089834998, "F1": 0.7049998097039925}, "Strict": {"Correct": 14964, "Incorrect": 1103, "Partial": 0, "Missed": 5021, "Spurious": 16848, "Possible": 21088, "Actual": 32915, "Precision": 0.6777840793298043, "Recall": 0.6868596389368307, "F1": 0.6814606413544937}, "Exact": {"Correct": 15019, "Incorrect": 1048, "Partial": 0, "Missed": 5021, "Spurious": 16848, "Possible": 21088, "Actual": 32915, "Precision": 0.6808598066189394, "Recall": 0.6905121717829756, "F1": 0.6846814425155624}}, "Scores_per_tag": {"Subjects": {"Ent_type": {"Correct": 5524, "Incorrect": 32, "Partial": 0, "Missed": 1565, "Spurious": 5554, "Possible": 7121, "Actual": 11110, "Precision": 0.47213218080316943, "Recall": 0.4801008463893391, "F1": 0.4751725793865178}, "Partial": {"Correct": 5288, "Incorrect": 0, "Partial": 268, "Missed": 1565, "Spurious": 5554, "Possible": 7121, "Actual": 11110, "Precision": 0.469138303619665, "Recall": 0.4752386097604898, "F1": 0.4714598715409088}, "Strict": {"Correct": 5256, "Incorrect": 300, "Partial": 0, "Missed": 1565, "Spurious": 5554, "Possible": 7121, "Actual": 11110, "Precision": 0.46173239690257517, "Recall": 0.46461372231226367, "F1": 0.46288492706645057}, "Exact": {"Correct": 5288, "Incorrect": 268, "Partial": 0, "Missed": 1565, "Spurious": 5554, "Possible": 7121, "Actual": 11110, "Precision": 0.4639384116693679, "Recall": 0.4674950477219521, "F1": 0.4653160453808752}}, "Predicates": {"Ent_type": {"Correct": 5196, "Incorrect": 1, "Partial": 0, "Missed": 1805, "Spurious": 5725, "Possible": 7002, "Actual": 10922, "Precision": 0.45495678011885465, "Recall": 0.4627228525121556, "F1": 0.4574764391620145}, "Partial": {"Correct": 4846, "Incorrect": 0, "Partial": 351, "Missed": 1805, "Spurious": 5725, "Possible": 7002, "Actual": 10922, "Precision": 0.4439529683654481, "Recall": 0.4482937151089501, "F1": 0.44539288072513356}, "Strict": {"Correct": 4846, "Incorrect": 351, "Partial": 0, "Missed": 1805, "Spurious": 5725, "Possible": 7002, "Actual": 10922, "Precision": 0.43290413590251514, "Recall": 0.4337745362866919, "F1": 0.43324929467555073}, "Exact": {"Correct": 4846, "Incorrect": 351, "Partial": 0, "Missed": 1805, "Spurious": 5725, "Possible": 7002, "Actual": 10922, "Precision": 0.43290413590251514, "Recall": 0.4337745362866919, "F1": 0.43324929467555073}}, "Objects": {"Ent_type": {"Correct": 5290, "Incorrect": 24, "Partial": 0, "Missed": 1651, "Spurious": 5569, "Possible": 6965, "Actual": 10883, "Precision": 0.4686910979050363, "Recall": 0.47316765712227626, "F1": 0.46986836022492423}, "Partial": {"Correct": 4885, "Incorrect": 0, "Partial": 429, "Missed": 1651, "Spurious": 5569, "Possible": 6965, "Actual": 10883, "Precision": 0.4534650939432139, "Recall": 0.4568026292094363, "F1": 0.45442814733738557}, "Strict": {"Correct": 4862, "Incorrect": 452, "Partial": 0, "Missed": 1651, "Spurious": 5569, "Possible": 6965, "Actual": 10883, "Precision": 0.4355378474098085, "Recall": 0.4362056546011165, "F1": 0.43577645717029834}, "Exact": {"Correct": 4885, "Incorrect": 429, "Partial": 0, "Missed": 1651, "Spurious": 5569, "Possible": 6965, "Actual": 10883, "Precision": 0.4368434479860736, "Recall": 0.4382766072393301, "F1": 0.43733717510054626}}}, "Exact_match": {"Precision": 0.20061684605075342, "Recall": 0.1458914300900314, "F1": 0.15921203484754146}}