{"Total_scores": {"Ent_type": {"Correct": 15682, "Incorrect": 51, "Partial": 0, "Missed": 5427, "Spurious": 22683, "Possible": 21160, "Actual": 38416, "Precision": 0.7000676832401216, "Recall": 0.710927030866515, "F1": 0.703016675175462}, "Partial": {"Correct": 14651, "Incorrect": 0, "Partial": 1082, "Missed": 5427, "Spurious": 22683, "Possible": 21160, "Actual": 38416, "Precision": 0.6813358617309213, "Recall": 0.6927047303593381, "F1": 0.6852275178896362}, "Strict": {"Correct": 14608, "Incorrect": 1125, "Partial": 0, "Missed": 5427, "Spurious": 22683, "Possible": 21160, "Actual": 38416, "Precision": 0.656938402228821, "Recall": 0.6670534755863567, "F1": 0.6611585086634137}, "Exact": {"Correct": 14651, "Incorrect": 1082, "Partial": 0, "Missed": 5427, "Spurious": 22683, "Possible": 21160, "Actual": 38416, "Precision": 0.6594149990767055, "Recall": 0.6703131226820623, "F1": 0.663920391691764}}, "Scores_per_tag": {"Subjects": {"Ent_type": {"Correct": 5622, "Incorrect": 27, "Partial": 0, "Missed": 1520, "Spurious": 7395, "Possible": 7169, "Actual": 13044, "Precision": 0.4025774113935323, "Recall": 0.41073200519044345, "F1": 0.4057043991552808}, "Partial": {"Correct": 5256, "Incorrect": 0, "Partial": 393, "Missed": 1520, "Spurious": 7395, "Possible": 7169, "Actual": 13044, "Precision": 0.39598122280741926, "Recall": 0.40239294710327456, "F1": 0.3984250566114546}, "Strict": {"Correct": 5230, "Incorrect": 419, "Partial": 0, "Missed": 1520, "Spurious": 7395, "Possible": 7169, "Actual": 13044, "Precision": 0.38694247258479, "Recall": 0.3900083963056255, "F1": 0.3881688420731242}, "Exact": {"Correct": 5256, "Incorrect": 393, "Partial": 0, "Missed": 1520, "Spurious": 7395, "Possible": 7169, "Actual": 13044, "Precision": 0.38812558837747757, "Recall": 0.391992977635295, "F1": 0.38961911304480573}}, "Predicates": {"Ent_type": {"Correct": 4984, "Incorrect": 5, "Partial": 0, "Missed": 2002, "Spurious": 7675, "Possible": 6991, "Actual": 12664, "Precision": 0.3707732234180597, "Recall": 0.376917792534921, "F1": 0.37281886878864207}, "Partial": {"Correct": 4675, "Incorrect": 0, "Partial": 314, "Missed": 2002, "Spurious": 7675, "Possible": 6991, "Actual": 12664, "Precision": 0.36273312469786023, "Recall": 0.3661934203495916, "F1": 0.36390479098287665}, "Strict": {"Correct": 4675, "Incorrect": 314, "Partial": 0, "Missed": 2002, "Spurious": 7675, "Possible": 6991, "Actual": 12664, "Precision": 0.3545022008498079, "Recall": 0.3550873979085566, "F1": 0.3547362796733074}, "Exact": {"Correct": 4675, "Incorrect": 314, "Partial": 0, "Missed": 2002, "Spurious": 7675, "Possible": 6991, "Actual": 12664, "Precision": 0.3545022008498079, "Recall": 0.3550873979085566, "F1": 0.3547362796733074}}, "Objects": {"Ent_type": {"Correct": 5076, "Incorrect": 19, "Partial": 0, "Missed": 1905, "Spurious": 7613, "Possible": 7000, "Actual": 12708, "Precision": 0.377000777000777, "Recall": 0.38172658575681245, "F1": 0.37845209264948215}, "Partial": {"Correct": 4720, "Incorrect": 0, "Partial": 375, "Missed": 1905, "Spurious": 7613, "Possible": 7000, "Actual": 12708, "Precision": 0.36688371801721925, "Recall": 0.3702961605984276, "F1": 0.36797830442208734}, "Strict": {"Correct": 4703, "Incorrect": 392, "Partial": 0, "Missed": 1905, "Spurious": 7613, "Possible": 7000, "Actual": 12708, "Precision": 0.3549729028318449, "Recall": 0.3561178535989619, "F1": 0.3553927181131211}, "Exact": {"Correct": 4720, "Incorrect": 375, "Partial": 0, "Missed": 1905, "Spurious": 7613, "Possible": 7000, "Actual": 12708, "Precision": 0.3558125333943974, "Recall": 0.3574154644683612, "F1": 0.35638500877795587}}}, "Exact_match": {"Precision": 0.15004501157055, "Recall": 0.09251117418973309, "F1": 0.10568623908505823}}