{"Total_scores": {"Ent_type": {"Correct": 15475, "Incorrect": 62, "Partial": 0, "Missed": 5447, "Spurious": 16029, "Possible": 20984, "Actual": 31566, "Precision": 0.7045701639177074, "Recall": 0.713837539499735, "F1": 0.7077974829362756}, "Partial": {"Correct": 14656, "Incorrect": 0, "Partial": 881, "Missed": 5447, "Spurious": 16029, "Possible": 20984, "Actual": 31566, "Precision": 0.689216919032463, "Recall": 0.6983730731449398, "F1": 0.6926324594539959}, "Strict": {"Correct": 14607, "Incorrect": 930, "Partial": 0, "Missed": 5447, "Spurious": 16029, "Possible": 20984, "Actual": 31566, "Precision": 0.6661930632219842, "Recall": 0.6732985948574507, "F1": 0.6691493377624904}, "Exact": {"Correct": 14656, "Incorrect": 881, "Partial": 0, "Missed": 5447, "Spurious": 16029, "Possible": 20984, "Actual": 31566, "Precision": 0.6693950132542621, "Recall": 0.6772775410882251, "F1": 0.6726154615918114}}, "Scores_per_tag": {"Subjects": {"Ent_type": {"Correct": 5363, "Incorrect": 29, "Partial": 0, "Missed": 1623, "Spurious": 5191, "Possible": 7015, "Actual": 10583, "Precision": 0.4757650347950284, "Recall": 0.48090072021150515, "F1": 0.47765521013766066}, "Partial": {"Correct": 5230, "Incorrect": 0, "Partial": 162, "Missed": 1623, "Spurious": 5191, "Possible": 7015, "Actual": 10583, "Precision": 0.47415443522654754, "Recall": 0.478165739812198, "F1": 0.4756252469079527}, "Strict": {"Correct": 5201, "Incorrect": 191, "Partial": 0, "Missed": 1623, "Spurious": 5191, "Possible": 7015, "Actual": 10583, "Precision": 0.4688060291123469, "Recall": 0.4701431306408971, "F1": 0.469340869723767}, "Exact": {"Correct": 5230, "Incorrect": 162, "Partial": 0, "Missed": 1623, "Spurious": 5191, "Possible": 7015, "Actual": 10583, "Precision": 0.4706749323852068, "Recall": 0.472786945026894, "F1": 0.4714680767010059}}, "Predicates": {"Ent_type": {"Correct": 5129, "Incorrect": 8, "Partial": 0, "Missed": 1843, "Spurious": 5378, "Possible": 6980, "Actual": 10515, "Precision": 0.4581912662959249, "Recall": 0.4643996718023521, "F1": 0.46023381911794714}, "Partial": {"Correct": 4748, "Incorrect": 0, "Partial": 389, "Missed": 1843, "Spurious": 5378, "Possible": 6980, "Actual": 10515, "Precision": 0.44467438538912696, "Recall": 0.4481949129364573, "F1": 0.4458499928369561}, "Strict": {"Correct": 4748, "Incorrect": 389, "Partial": 0, "Missed": 1843, "Spurious": 5378, "Possible": 6980, "Actual": 10515, "Precision": 0.4307016744157778, "Recall": 0.4312608259640806, "F1": 0.4309191704761037}, "Exact": {"Correct": 4748, "Incorrect": 389, "Partial": 0, "Missed": 1843, "Spurious": 5378, "Possible": 6980, "Actual": 10515, "Precision": 0.4307016744157778, "Recall": 0.4312608259640806, "F1": 0.4309191704761037}}, "Objects": {"Ent_type": {"Correct": 4983, "Incorrect": 25, "Partial": 0, "Missed": 1981, "Spurious": 5460, "Possible": 6989, "Actual": 10468, "Precision": 0.44581330936969554, "Recall": 0.44899261555292186, "F1": 0.4468699668763485}, "Partial": {"Correct": 4678, "Incorrect": 0, "Partial": 330, "Missed": 1981, "Spurious": 5460, "Possible": 6989, "Actual": 10468, "Precision": 0.4349436073089095, "Recall": 0.437551280882487, "F1": 0.43583052238125625}, "Strict": {"Correct": 4658, "Incorrect": 350, "Partial": 0, "Missed": 1981, "Spurious": 5460, "Possible": 6989, "Actual": 10468, "Precision": 0.42097426079557543, "Recall": 0.42200747561309143, "F1": 0.4213571580514784}, "Exact": {"Correct": 4678, "Incorrect": 330, "Partial": 0, "Missed": 1981, "Spurious": 5460, "Possible": 6989, "Actual": 10468, "Precision": 0.42234175099522897, "Recall": 0.4238307958792962, "F1": 0.42287659160664903}}}, "Exact_match": {"Precision": 0.18511376452289008, "Recall": 0.12327595602870173, "F1": 0.1380120509256674}}