{"Total_scores": {"Ent_type": {"Correct": 15327, "Incorrect": 111, "Partial": 0, "Missed": 5611, "Spurious": 6766, "Possible": 21049, "Actual": 22204, "Precision": 0.7087022841849332, "Recall": 0.7150130034447367, "F1": 0.7088979056500571}, "Partial": {"Correct": 14275, "Incorrect": 0, "Partial": 1163, "Missed": 5611, "Spurious": 6766, "Possible": 21049, "Actual": 22204, "Precision": 0.6884098781056681, "Recall": 0.6967996988265951, "F1": 0.69044795657005}, "Strict": {"Correct": 14217, "Incorrect": 1221, "Partial": 0, "Missed": 5611, "Spurious": 6766, "Possible": 21049, "Actual": 22204, "Precision": 0.6568575866853112, "Recall": 0.6655163835282341, "F1": 0.6603775077820391}, "Exact": {"Correct": 14275, "Incorrect": 1163, "Partial": 0, "Missed": 5611, "Spurious": 6766, "Possible": 21049, "Actual": 22204, "Precision": 0.6609920224137145, "Recall": 0.6707250160918551, "F1": 0.6648247406581748}}, "Scores_per_tag": {"Subjects": {"Ent_type": {"Correct": 5439, "Incorrect": 37, "Partial": 0, "Missed": 1630, "Spurious": 2201, "Possible": 7106, "Actual": 7677, "Precision": 0.6588414372695309, "Recall": 0.6717262670439927, "F1": 0.6637423891604494}, "Partial": {"Correct": 5104, "Incorrect": 0, "Partial": 372, "Missed": 1630, "Spurious": 2201, "Possible": 7106, "Actual": 7677, "Precision": 0.6488401509304519, "Recall": 0.6595382042706457, "F1": 0.6528642483491982}, "Strict": {"Correct": 5067, "Incorrect": 409, "Partial": 0, "Missed": 1630, "Spurious": 2201, "Possible": 7106, "Actual": 7677, "Precision": 0.6331789726438556, "Recall": 0.6378312323128377, "F1": 0.6350398765114484}, "Exact": {"Correct": 5104, "Incorrect": 372, "Partial": 0, "Missed": 1630, "Spurious": 2201, "Possible": 7106, "Actual": 7677, "Precision": 0.6360089186176142, "Recall": 0.6425906869050682, "F1": 0.6385129920246977}}, "Predicates": {"Ent_type": {"Correct": 4920, "Incorrect": 54, "Partial": 0, "Missed": 2020, "Spurious": 2360, "Possible": 6994, "Actual": 7334, "Precision": 0.616370808678501, "Recall": 0.626575765371752, "F1": 0.6197710316439413}, "Partial": {"Correct": 4596, "Incorrect": 0, "Partial": 378, "Missed": 2020, "Spurious": 2360, "Possible": 6994, "Actual": 7334, "Precision": 0.6036360517965869, "Recall": 0.6107859531772575, "F1": 0.6060522253666066}, "Strict": {"Correct": 4593, "Incorrect": 381, "Partial": 0, "Missed": 2020, "Spurious": 2360, "Possible": 6994, "Actual": 7334, "Precision": 0.5865920590000857, "Recall": 0.5876640082325701, "F1": 0.5870165508961496}, "Exact": {"Correct": 4596, "Incorrect": 378, "Partial": 0, "Missed": 2020, "Spurious": 2360, "Possible": 6994, "Actual": 7334, "Precision": 0.586913643769831, "Recall": 0.5880499099562645, "F1": 0.5873595746505446}}, "Objects": {"Ent_type": {"Correct": 4968, "Incorrect": 20, "Partial": 0, "Missed": 1961, "Spurious": 2205, "Possible": 6949, "Actual": 7193, "Precision": 0.6282506448186922, "Recall": 0.6349369693851299, "F1": 0.6301867029291779}, "Partial": {"Correct": 4575, "Incorrect": 0, "Partial": 413, "Missed": 1961, "Spurious": 2205, "Possible": 6949, "Actual": 7193, "Precision": 0.6073195167323029, "Recall": 0.6119758168253151, "F1": 0.6087388364144217}, "Strict": {"Correct": 4557, "Incorrect": 431, "Partial": 0, "Missed": 1961, "Spurious": 2205, "Possible": 6949, "Actual": 7193, "Precision": 0.5833011748563588, "Recall": 0.5841265757653717, "F1": 0.5836034645399194}, "Exact": {"Correct": 4575, "Incorrect": 413, "Partial": 0, "Missed": 1961, "Spurious": 2205, "Possible": 6949, "Actual": 7193, "Precision": 0.5847804647971873, "Recall": 0.586441986107538, "F1": 0.5853614612811937}}}, "Exact_match": {"Precision": 0.1475245450339214, "Recall": 0.09268826249803067, "F1": 0.10592795938760817}}