{"Total_scores": {"Ent_type": {"Correct": 15281, "Incorrect": 88, "Partial": 0, "Missed": 5642, "Spurious": 20003, "Possible": 21011, "Actual": 35372, "Precision": 0.6847700309527813, "Recall": 0.7002043383071189, "F1": 0.691069719340955}, "Partial": {"Correct": 14340, "Incorrect": 0, "Partial": 1029, "Missed": 5642, "Spurious": 20003, "Possible": 21011, "Actual": 35372, "Precision": 0.6700564126931193, "Recall": 0.6836582805414135, "F1": 0.6754462655695626}, "Strict": {"Correct": 14265, "Incorrect": 1104, "Partial": 0, "Missed": 5642, "Spurious": 20003, "Possible": 21011, "Actual": 35372, "Precision": 0.6445649888531464, "Recall": 0.6544680575661467, "F1": 0.6485779062797012}, "Exact": {"Correct": 14340, "Incorrect": 1029, "Partial": 0, "Missed": 5642, "Spurious": 20003, "Possible": 21011, "Actual": 35372, "Precision": 0.6496547534265302, "Recall": 0.6603730591854009, "F1": 0.6538558667176453}}, "Scores_per_tag": {"Subjects": {"Ent_type": {"Correct": 5351, "Incorrect": 50, "Partial": 0, "Missed": 1658, "Spurious": 6479, "Possible": 7059, "Actual": 11880, "Precision": 0.42002287394820687, "Recall": 0.4263540560411731, "F1": 0.42237289981755305}, "Partial": {"Correct": 5103, "Incorrect": 0, "Partial": 298, "Missed": 1658, "Spurious": 6479, "Possible": 7059, "Actual": 11880, "Precision": 0.4159178171717997, "Recall": 0.42096233967813085, "F1": 0.41777904855267817}, "Strict": {"Correct": 5054, "Incorrect": 347, "Partial": 0, "Missed": 1658, "Spurious": 6479, "Possible": 7059, "Actual": 11880, "Precision": 0.40568580998284454, "Recall": 0.40748304877052527, "F1": 0.40640470549791685}, "Exact": {"Correct": 5103, "Incorrect": 298, "Partial": 0, "Missed": 1658, "Spurious": 6479, "Possible": 7059, "Actual": 11880, "Precision": 0.40870843885303487, "Recall": 0.4114859897067233, "F1": 0.4097541050567764}}, "Predicates": {"Ent_type": {"Correct": 5102, "Incorrect": 12, "Partial": 0, "Missed": 1876, "Spurious": 6656, "Possible": 6990, "Actual": 11770, "Precision": 0.4055142553712932, "Recall": 0.41311984315006944, "F1": 0.4080226094195541}, "Partial": {"Correct": 4690, "Incorrect": 0, "Partial": 424, "Missed": 1876, "Spurious": 6656, "Possible": 6990, "Actual": 11770, "Precision": 0.39329983933774476, "Recall": 0.3977003512784903, "F1": 0.3947726415131039}, "Strict": {"Correct": 4688, "Incorrect": 426, "Partial": 0, "Missed": 1876, "Spurious": 6656, "Possible": 6990, "Actual": 11770, "Precision": 0.38051357459902513, "Recall": 0.3811371619965689, "F1": 0.38076020866642546}, "Exact": {"Correct": 4690, "Incorrect": 424, "Partial": 0, "Missed": 1876, "Spurious": 6656, "Possible": 6990, "Actual": 11770, "Precision": 0.3805952672711924, "Recall": 0.3813005473409035, "F1": 0.38086913222931523}}, "Objects": {"Ent_type": {"Correct": 4828, "Incorrect": 26, "Partial": 0, "Missed": 2108, "Spurious": 6868, "Possible": 6962, "Actual": 11722, "Precision": 0.3865759488992885, "Recall": 0.3902458949432236, "F1": 0.3876363710629702}, "Partial": {"Correct": 4547, "Incorrect": 0, "Partial": 307, "Missed": 2108, "Spurious": 6868, "Possible": 6962, "Actual": 11722, "Precision": 0.37789979810239593, "Recall": 0.38087166081202517, "F1": 0.37882213401063985}, "Strict": {"Correct": 4523, "Incorrect": 331, "Partial": 0, "Missed": 2108, "Spurious": 6868, "Possible": 6962, "Actual": 11722, "Precision": 0.3665686354600659, "Recall": 0.3674127930724614, "F1": 0.36687634452522944}, "Exact": {"Correct": 4547, "Incorrect": 307, "Partial": 0, "Missed": 2108, "Spurious": 6868, "Possible": 6962, "Actual": 11722, "Precision": 0.36783487187865915, "Recall": 0.36937341720447675, "F1": 0.3683740435149634}}}, "Exact_match": {"Precision": 0.18256323193070761, "Recall": 0.12469170516151314, "F1": 0.13760860579201978}}