{"Total_scores": {"Ent_type": {"Correct": 16054, "Incorrect": 42, "Partial": 0, "Missed": 5082, "Spurious": 8425, "Possible": 21178, "Actual": 24521, "Precision": 0.7251285101900068, "Recall": 0.7401062267067119, "F1": 0.7305365938269669}, "Partial": {"Correct": 14995, "Incorrect": 0, "Partial": 1101, "Missed": 5082, "Spurious": 8425, "Possible": 21178, "Actual": 24521, "Precision": 0.7061768236829984, "Recall": 0.7197799474273332, "F1": 0.7113459061573857}, "Strict": {"Correct": 14960, "Incorrect": 1136, "Partial": 0, "Missed": 5082, "Spurious": 8425, "Possible": 21178, "Actual": 24521, "Precision": 0.6811402200612892, "Recall": 0.6923831949607384, "F1": 0.6858114110683833}, "Exact": {"Correct": 14995, "Incorrect": 1101, "Partial": 0, "Missed": 5082, "Spurious": 8425, "Possible": 21178, "Actual": 24521, "Precision": 0.683807581944239, "Recall": 0.6954898417116034, "F1": 0.6885999317264975}}, "Scores_per_tag": {"Subjects": {"Ent_type": {"Correct": 5720, "Incorrect": 20, "Partial": 0, "Missed": 1422, "Spurious": 2619, "Possible": 7162, "Actual": 8359, "Precision": 0.6474991971740527, "Recall": 0.6611271676300579, "F1": 0.6526372832369942}, "Partial": {"Correct": 5344, "Incorrect": 0, "Partial": 396, "Missed": 1422, "Spurious": 2619, "Possible": 7162, "Actual": 8359, "Precision": 0.636891859344894, "Recall": 0.6466160886319846, "F1": 0.6405848587026333}, "Strict": {"Correct": 5327, "Incorrect": 413, "Partial": 0, "Missed": 1422, "Spurious": 2619, "Possible": 7162, "Actual": 8359, "Precision": 0.6230330764290302, "Recall": 0.6276493256262042, "F1": 0.6248795761078998}, "Exact": {"Correct": 5344, "Incorrect": 396, "Partial": 0, "Missed": 1422, "Spurious": 2619, "Possible": 7162, "Actual": 8359, "Precision": 0.6244781631342325, "Recall": 0.6296965317919075, "F1": 0.6265253692999357}}, "Predicates": {"Ent_type": {"Correct": 5095, "Incorrect": 2, "Partial": 0, "Missed": 1923, "Spurious": 2985, "Possible": 7020, "Actual": 8082, "Precision": 0.5936195407835582, "Recall": 0.6045279383429673, "F1": 0.5973627167630058}, "Partial": {"Correct": 4750, "Incorrect": 0, "Partial": 347, "Missed": 1923, "Spurious": 2985, "Possible": 7020, "Actual": 8082, "Precision": 0.5798510757867694, "Recall": 0.5861331888246628, "F1": 0.5820468047527296}, "Strict": {"Correct": 4750, "Incorrect": 347, "Partial": 0, "Missed": 1923, "Spurious": 2985, "Possible": 7020, "Actual": 8082, "Precision": 0.5659621868978806, "Recall": 0.567497591522158, "F1": 0.5665703275529865}, "Exact": {"Correct": 4750, "Incorrect": 347, "Partial": 0, "Missed": 1923, "Spurious": 2985, "Possible": 7020, "Actual": 8082, "Precision": 0.5659621868978806, "Recall": 0.567497591522158, "F1": 0.5665703275529865}}, "Objects": {"Ent_type": {"Correct": 5239, "Incorrect": 20, "Partial": 0, "Missed": 1737, "Spurious": 2821, "Possible": 6996, "Actual": 8080, "Precision": 0.616174163825898, "Recall": 0.6234344894026975, "F1": 0.6182817022412398}, "Partial": {"Correct": 4901, "Incorrect": 0, "Partial": 358, "Missed": 1737, "Spurious": 2821, "Possible": 6996, "Actual": 8080, "Precision": 0.6011285880144261, "Recall": 0.6061536608863198, "F1": 0.6026740881148396}, "Strict": {"Correct": 4883, "Incorrect": 376, "Partial": 0, "Missed": 1737, "Spurious": 2821, "Possible": 6996, "Actual": 8080, "Precision": 0.5828315671162492, "Recall": 0.5842967244701349, "F1": 0.5833734746307001}, "Exact": {"Correct": 4901, "Incorrect": 358, "Partial": 0, "Missed": 1737, "Spurious": 2821, "Possible": 6996, "Actual": 8080, "Precision": 0.5843970777135516, "Recall": 0.5864643545279383, "F1": 0.5851396917148363}}}, "Exact_match": {"Precision": 0.1547143341102938, "Recall": 0.09685840221427697, "F1": 0.11001836555695126}}