{"Total_scores": {"Ent_type": {"Correct": 16819, "Incorrect": 35, "Partial": 0, "Missed": 4243, "Spurious": 19893, "Possible": 21097, "Actual": 36747, "Precision": 0.7347716035879575, "Recall": 0.7497025765916413, "F1": 0.7408433023968818}, "Partial": {"Correct": 15924, "Incorrect": 0, "Partial": 930, "Missed": 4243, "Spurious": 19893, "Possible": 21097, "Actual": 36747, "Precision": 0.7203983641343291, "Recall": 0.7336703881375508, "F1": 0.7257752651525522}, "Strict": {"Correct": 15890, "Incorrect": 964, "Partial": 0, "Missed": 4243, "Spurious": 19893, "Possible": 21097, "Actual": 36747, "Precision": 0.7018658012900083, "Recall": 0.7117421785424736, "F1": 0.7058865550679113}, "Exact": {"Correct": 15924, "Incorrect": 930, "Partial": 0, "Missed": 4243, "Spurious": 19893, "Possible": 21097, "Actual": 36747, "Precision": 0.7039371766081587, "Recall": 0.7146736163585752, "F1": 0.7082858429851391}}, "Scores_per_tag": {"Subjects": {"Ent_type": {"Correct": 5957, "Incorrect": 21, "Partial": 0, "Missed": 1116, "Spurious": 6320, "Possible": 7094, "Actual": 12298, "Precision": 0.4688874320522276, "Recall": 0.4749651724985659, "F1": 0.4712065339124259}, "Partial": {"Correct": 5764, "Incorrect": 0, "Partial": 214, "Missed": 1116, "Spurious": 6320, "Possible": 7094, "Actual": 12298, "Precision": 0.46634024420224535, "Recall": 0.47121609440301565, "F1": 0.46818541888606624}, "Strict": {"Correct": 5743, "Incorrect": 235, "Partial": 0, "Missed": 1116, "Spurious": 6320, "Possible": 7094, "Actual": 12298, "Precision": 0.4618263268595154, "Recall": 0.4640252396951569, "F1": 0.46270589199377204}, "Exact": {"Correct": 5764, "Incorrect": 214, "Partial": 0, "Missed": 1116, "Spurious": 6320, "Possible": 7094, "Actual": 12298, "Precision": 0.46280969160588925, "Recall": 0.46574612800131115, "F1": 0.4639350979267393}}, "Predicates": {"Ent_type": {"Correct": 5446, "Incorrect": 1, "Partial": 0, "Missed": 1544, "Spurious": 6710, "Possible": 6991, "Actual": 12157, "Precision": 0.4362637212551168, "Recall": 0.44251413586822913, "F1": 0.4382405965746128}, "Partial": {"Correct": 5100, "Incorrect": 0, "Partial": 347, "Missed": 1544, "Spurious": 6710, "Possible": 6991, "Actual": 12157, "Precision": 0.4258608343771828, "Recall": 0.4293206588543801, "F1": 0.42698175312081726}, "Strict": {"Correct": 5100, "Incorrect": 347, "Partial": 0, "Missed": 1544, "Spurious": 6710, "Possible": 6991, "Actual": 12157, "Precision": 0.4154169739681499, "Recall": 0.4160452347783332, "F1": 0.41566827829222325}, "Exact": {"Correct": 5100, "Incorrect": 347, "Partial": 0, "Missed": 1544, "Spurious": 6710, "Possible": 6991, "Actual": 12157, "Precision": 0.4154169739681499, "Recall": 0.4160452347783332, "F1": 0.41566827829222325}}, "Objects": {"Ent_type": {"Correct": 5416, "Incorrect": 13, "Partial": 0, "Missed": 1583, "Spurious": 6863, "Possible": 7012, "Actual": 12292, "Precision": 0.43082479540727514, "Recall": 0.43694173563877736, "F1": 0.4325444953036529}, "Partial": {"Correct": 5060, "Incorrect": 0, "Partial": 369, "Missed": 1583, "Spurious": 6863, "Possible": 7012, "Actual": 12292, "Precision": 0.420358585799461, "Recall": 0.4246087027780054, "F1": 0.42163704865704377}, "Strict": {"Correct": 5047, "Incorrect": 382, "Partial": 0, "Missed": 1583, "Spurious": 6863, "Possible": 7012, "Actual": 12292, "Precision": 0.40874511732087737, "Recall": 0.41014504630009013, "F1": 0.4092545548908738}, "Exact": {"Correct": 5060, "Incorrect": 369, "Partial": 0, "Missed": 1583, "Spurious": 6863, "Possible": 7012, "Actual": 12292, "Precision": 0.4093187467562621, "Recall": 0.4112103581086618, "F1": 0.4099920784506542}}}, "Exact_match": {"Precision": 0.2098359222391508, "Recall": 0.16106929149816537, "F1": 0.1717190149692785}}