{"Total_scores": {"Ent_type": {"Correct": 16316, "Incorrect": 55, "Partial": 0, "Missed": 4686, "Spurious": 16657, "Possible": 21057, "Actual": 33028, "Precision": 0.7246687834653442, "Recall": 0.7390006220985409, "F1": 0.7304994757377626}, "Partial": {"Correct": 15404, "Incorrect": 0, "Partial": 967, "Missed": 4686, "Spurious": 16657, "Possible": 21057, "Actual": 33028, "Precision": 0.7105072570813085, "Recall": 0.7232460124091483, "F1": 0.7156311355681799}, "Strict": {"Correct": 15360, "Incorrect": 1011, "Partial": 0, "Missed": 4686, "Spurious": 16657, "Possible": 21057, "Actual": 33028, "Precision": 0.6899742442848777, "Recall": 0.6991467713625465, "F1": 0.6937095679785362}, "Exact": {"Correct": 15404, "Incorrect": 967, "Partial": 0, "Missed": 4686, "Spurious": 16657, "Possible": 21057, "Actual": 33028, "Precision": 0.6928788951624191, "Recall": 0.703122853353038, "F1": 0.6970060045442364}}, "Scores_per_tag": {"Subjects": {"Ent_type": {"Correct": 5854, "Incorrect": 32, "Partial": 0, "Missed": 1216, "Spurious": 5234, "Possible": 7102, "Actual": 11120, "Precision": 0.504430227668649, "Recall": 0.5117138223103261, "F1": 0.5072085060371238}, "Partial": {"Correct": 5628, "Incorrect": 0, "Partial": 258, "Missed": 1216, "Spurious": 5234, "Possible": 7102, "Actual": 11120, "Precision": 0.5012389619751306, "Recall": 0.5069156604793656, "F1": 0.5033940049258124}, "Strict": {"Correct": 5604, "Incorrect": 282, "Partial": 0, "Missed": 1216, "Spurious": 5234, "Possible": 7102, "Actual": 11120, "Precision": 0.4944434432630504, "Recall": 0.49707154442241847, "F1": 0.4954946837267976}, "Exact": {"Correct": 5628, "Incorrect": 258, "Partial": 0, "Missed": 1216, "Spurious": 5234, "Possible": 7102, "Actual": 11120, "Precision": 0.49588514447047516, "Recall": 0.4992340962335556, "F1": 0.49717666846879316}}, "Predicates": {"Ent_type": {"Correct": 5202, "Incorrect": 3, "Partial": 0, "Missed": 1787, "Spurious": 5758, "Possible": 6992, "Actual": 10963, "Precision": 0.4561692797501051, "Recall": 0.46449810776716527, "F1": 0.45889091985685965}, "Partial": {"Correct": 4843, "Incorrect": 0, "Partial": 362, "Missed": 1787, "Spurious": 5758, "Possible": 6992, "Actual": 10963, "Precision": 0.44491950501591876, "Recall": 0.44951793115876737, "F1": 0.4464463781547941}, "Strict": {"Correct": 4843, "Incorrect": 362, "Partial": 0, "Missed": 1787, "Spurious": 5758, "Possible": 6992, "Actual": 10963, "Precision": 0.43353457079353636, "Recall": 0.4342674355739773, "F1": 0.4338216238018004}, "Exact": {"Correct": 4843, "Incorrect": 362, "Partial": 0, "Missed": 1787, "Spurious": 5758, "Possible": 6992, "Actual": 10963, "Precision": 0.43353457079353636, "Recall": 0.4342674355739773, "F1": 0.4338216238018004}}, "Objects": {"Ent_type": {"Correct": 5260, "Incorrect": 20, "Partial": 0, "Missed": 1683, "Spurious": 5665, "Possible": 6963, "Actual": 10945, "Precision": 0.46633682290557404, "Recall": 0.47125608217696885, "F1": 0.4676034213878871}, "Partial": {"Correct": 4933, "Incorrect": 0, "Partial": 347, "Missed": 1683, "Spurious": 5665, "Possible": 6963, "Actual": 10945, "Precision": 0.45455214425749657, "Recall": 0.4581005586592179, "F1": 0.45555638120514674}, "Strict": {"Correct": 4913, "Incorrect": 367, "Partial": 0, "Missed": 1683, "Spurious": 5665, "Possible": 6963, "Actual": 10945, "Precision": 0.4407851264492101, "Recall": 0.441340782122905, "F1": 0.4409863639094131}, "Exact": {"Correct": 4933, "Incorrect": 347, "Partial": 0, "Missed": 1683, "Spurious": 5665, "Possible": 6963, "Actual": 10945, "Precision": 0.44177629602931456, "Recall": 0.443142908632186, "F1": 0.44224785246590975}}}, "Exact_match": {"Precision": 0.199928856386782, "Recall": 0.1405477968532194, "F1": 0.15393744564959916}}