{"Total_scores": {"Ent_type": {"Correct": 15864, "Incorrect": 45, "Partial": 0, "Missed": 5133, "Spurious": 23799, "Possible": 21042, "Actual": 39708, "Precision": 0.710392824415552, "Recall": 0.7217517580405595, "F1": 0.7151609861070164}, "Partial": {"Correct": 15007, "Incorrect": 0, "Partial": 902, "Missed": 5133, "Spurious": 23799, "Possible": 21042, "Actual": 39708, "Precision": 0.6965515748828501, "Recall": 0.7070530140215332, "F1": 0.7009297306759306}, "Strict": {"Correct": 14966, "Incorrect": 943, "Partial": 0, "Missed": 5133, "Spurious": 23799, "Possible": 21042, "Actual": 39708, "Precision": 0.6773378371895467, "Recall": 0.6847962604821515, "F1": 0.6804833000129988}, "Exact": {"Correct": 15007, "Incorrect": 902, "Partial": 0, "Missed": 5133, "Spurious": 23799, "Possible": 21042, "Actual": 39708, "Precision": 0.6799756519986804, "Recall": 0.6885056289835979, "F1": 0.6835338036971278}}, "Scores_per_tag": {"Subjects": {"Ent_type": {"Correct": 5485, "Incorrect": 20, "Partial": 0, "Missed": 1553, "Spurious": 7805, "Possible": 7058, "Actual": 13310, "Precision": 0.3937478308294908, "Recall": 0.39840844860925184, "F1": 0.39551291586097476}, "Partial": {"Correct": 5322, "Incorrect": 0, "Partial": 183, "Missed": 1553, "Spurious": 7805, "Possible": 7058, "Actual": 13310, "Precision": 0.3917521939610293, "Recall": 0.3954707719767961, "F1": 0.3931503792949576}, "Strict": {"Correct": 5302, "Incorrect": 203, "Partial": 0, "Missed": 1553, "Spurious": 7805, "Possible": 7058, "Actual": 13310, "Precision": 0.38797163964499976, "Recall": 0.3895582329317269, "F1": 0.38860627695969063}, "Exact": {"Correct": 5322, "Incorrect": 183, "Partial": 0, "Missed": 1553, "Spurious": 7805, "Possible": 7058, "Actual": 13310, "Precision": 0.3888640983687838, "Recall": 0.3910456641380336, "F1": 0.3896970598443155}}, "Predicates": {"Ent_type": {"Correct": 5294, "Incorrect": 5, "Partial": 0, "Missed": 1727, "Spurious": 7995, "Possible": 7026, "Actual": 13294, "Precision": 0.381430660915266, "Recall": 0.3876989439238435, "F1": 0.38353732389876966}, "Partial": {"Correct": 4837, "Incorrect": 0, "Partial": 462, "Missed": 1727, "Spurious": 7995, "Possible": 7026, "Actual": 13294, "Precision": 0.3686207794139521, "Recall": 0.37239699538896326, "F1": 0.36991971412988817}, "Strict": {"Correct": 4835, "Incorrect": 464, "Partial": 0, "Missed": 1727, "Spurious": 7995, "Possible": 7026, "Actual": 13294, "Precision": 0.35555059745153456, "Recall": 0.35657444593187565, "F1": 0.3559550370795351}, "Exact": {"Correct": 4837, "Incorrect": 462, "Partial": 0, "Missed": 1727, "Spurious": 7995, "Possible": 7026, "Actual": 13294, "Precision": 0.35562496901184987, "Recall": 0.35672318905250633, "F1": 0.3560541991599555}}, "Objects": {"Ent_type": {"Correct": 5085, "Incorrect": 20, "Partial": 0, "Missed": 1853, "Spurious": 7999, "Possible": 6958, "Actual": 13104, "Precision": 0.3735640976604832, "Recall": 0.3757994942733899, "F1": 0.37422299426984834}, "Partial": {"Correct": 4848, "Incorrect": 0, "Partial": 257, "Missed": 1853, "Spurious": 7999, "Possible": 6958, "Actual": 13104, "Precision": 0.3664544421070525, "Recall": 0.36832515246169867, "F1": 0.36704357110983615}, "Strict": {"Correct": 4829, "Incorrect": 276, "Partial": 0, "Missed": 1853, "Spurious": 7999, "Possible": 6958, "Actual": 13104, "Precision": 0.3574854975457385, "Recall": 0.35795031979770936, "F1": 0.357657791660469}, "Exact": {"Correct": 4848, "Incorrect": 257, "Partial": 0, "Missed": 1853, "Spurious": 7999, "Possible": 6958, "Actual": 13104, "Precision": 0.3583779562695225, "Recall": 0.3593633794437007, "F1": 0.35872378402498883}}}, "Exact_match": {"Precision": 0.18954265301447923, "Recall": 0.1408154240214145, "F1": 0.15248015843662083}}