{"Total_scores": {"Ent_type": {"Correct": 16417, "Incorrect": 32, "Partial": 0, "Missed": 4712, "Spurious": 17044, "Possible": 21161, "Actual": 33493, "Precision": 0.7251029954232133, "Recall": 0.7413874225083544, "F1": 0.7318903841140323}, "Partial": {"Correct": 15378, "Incorrect": 0, "Partial": 1071, "Missed": 4712, "Spurious": 17044, "Possible": 21161, "Actual": 33493, "Precision": 0.7078003539276947, "Recall": 0.721833805239534, "F1": 0.7136208776485742}, "Strict": {"Correct": 15351, "Incorrect": 1098, "Partial": 0, "Missed": 4712, "Spurious": 17044, "Possible": 21161, "Actual": 33493, "Precision": 0.6872233949214042, "Recall": 0.6977972514110478, "F1": 0.6916479913284007}, "Exact": {"Correct": 15378, "Incorrect": 1071, "Partial": 0, "Missed": 4712, "Spurious": 17044, "Possible": 21161, "Actual": 33493, "Precision": 0.6888185654844571, "Recall": 0.6999948361757385, "F1": 0.6934571626317861}}, "Scores_per_tag": {"Subjects": {"Ent_type": {"Correct": 5833, "Incorrect": 20, "Partial": 0, "Missed": 1310, "Spurious": 5496, "Possible": 7163, "Actual": 11349, "Precision": 0.4924147404885624, "Recall": 0.5025085110195305, "F1": 0.496225288180135}, "Partial": {"Correct": 5507, "Incorrect": 0, "Partial": 346, "Missed": 1310, "Spurious": 5496, "Possible": 7163, "Actual": 11349, "Precision": 0.48642716359075433, "Recall": 0.4938183121304426, "F1": 0.48922534790658784}, "Strict": {"Correct": 5487, "Incorrect": 366, "Partial": 0, "Missed": 1310, "Spurious": 5496, "Possible": 7163, "Actual": 11349, "Precision": 0.4781998447112226, "Recall": 0.48154452607059667, "F1": 0.47953771725497224}, "Exact": {"Correct": 5507, "Incorrect": 346, "Partial": 0, "Missed": 1310, "Spurious": 5496, "Possible": 7163, "Actual": 11349, "Precision": 0.4793197157020844, "Recall": 0.4833363196559756, "F1": 0.4808815624440064}}, "Predicates": {"Ent_type": {"Correct": 5294, "Incorrect": 4, "Partial": 0, "Missed": 1708, "Spurious": 5770, "Possible": 7006, "Actual": 11068, "Precision": 0.46114794242369944, "Recall": 0.46882279161440604, "F1": 0.4637311115092875}, "Partial": {"Correct": 4922, "Incorrect": 0, "Partial": 376, "Missed": 1708, "Spurious": 5770, "Possible": 7006, "Actual": 11068, "Precision": 0.4493146389535925, "Recall": 0.453704533237771, "F1": 0.4508197455653109}, "Strict": {"Correct": 4922, "Incorrect": 376, "Partial": 0, "Missed": 1708, "Spurious": 5770, "Possible": 7006, "Actual": 11068, "Precision": 0.4373021561249477, "Recall": 0.4382279161440602, "F1": 0.4376694738099504}, "Exact": {"Correct": 4922, "Incorrect": 376, "Partial": 0, "Missed": 1708, "Spurious": 5770, "Possible": 7006, "Actual": 11068, "Precision": 0.4373021561249477, "Recall": 0.4382279161440602, "F1": 0.4376694738099504}}, "Objects": {"Ent_type": {"Correct": 5290, "Incorrect": 8, "Partial": 0, "Missed": 1694, "Spurious": 5778, "Possible": 6992, "Actual": 11076, "Precision": 0.4624612844600302, "Recall": 0.46828525353879236, "F1": 0.4641746579884906}, "Partial": {"Correct": 4949, "Incorrect": 0, "Partial": 349, "Missed": 1694, "Spurious": 5778, "Possible": 6992, "Actual": 11076, "Precision": 0.4510053241866537, "Recall": 0.45477960938899836, "F1": 0.4521643761184166}, "Strict": {"Correct": 4942, "Incorrect": 356, "Partial": 0, "Missed": 1694, "Spurious": 5778, "Possible": 6992, "Actual": 11076, "Precision": 0.43874305679985665, "Recall": 0.43993012005017024, "F1": 0.43916860777638417}, "Exact": {"Correct": 4949, "Incorrect": 349, "Partial": 0, "Missed": 1694, "Spurious": 5778, "Possible": 6992, "Actual": 11076, "Precision": 0.43910141551693244, "Recall": 0.44055724780505284, "F1": 0.4396165561727289}}}, "Exact_match": {"Precision": 0.2008706313558467, "Recall": 0.14480083872804453, "F1": 0.15689625742598787}}