{"Total_scores": {"Ent_type": {"Correct": 16163, "Incorrect": 181, "Partial": 0, "Missed": 5596, "Spurious": 20044, "Possible": 21940, "Actual": 36388, "Precision": 0.6936362544295823, "Recall": 0.7020796758511327, "F1": 0.696974907026532}, "Partial": {"Correct": 15431, "Incorrect": 0, "Partial": 913, "Missed": 5596, "Spurious": 20044, "Possible": 21940, "Actual": 36388, "Precision": 0.6845765167958948, "Recall": 0.6922961123364926, "F1": 0.6874909684382743}, "Strict": {"Correct": 15264, "Incorrect": 1080, "Partial": 0, "Missed": 5596, "Spurious": 20044, "Possible": 21940, "Actual": 36388, "Precision": 0.6615261814918982, "Recall": 0.6667644652282553, "F1": 0.6636275195078166}, "Exact": {"Correct": 15431, "Incorrect": 913, "Partial": 0, "Missed": 5596, "Spurious": 20044, "Possible": 21940, "Actual": 36388, "Precision": 0.668405486612383, "Recall": 0.6745339777039283, "F1": 0.6707102084666914}}, "Scores_per_tag": {"Subjects": {"Ent_type": {"Correct": 5571, "Incorrect": 84, "Partial": 0, "Missed": 1645, "Spurious": 6447, "Possible": 7300, "Actual": 12102, "Precision": 0.44022914830542426, "Recall": 0.4434740806025158, "F1": 0.44137488983254547}, "Partial": {"Correct": 5530, "Incorrect": 0, "Partial": 125, "Missed": 1645, "Spurious": 6447, "Possible": 7300, "Actual": 12102, "Precision": 0.4424525278423203, "Recall": 0.4459177950484737, "F1": 0.44365568998210614}, "Strict": {"Correct": 5447, "Incorrect": 208, "Partial": 0, "Missed": 1645, "Spurious": 6447, "Possible": 7300, "Actual": 12102, "Precision": 0.43450044066981813, "Recall": 0.43498117138049835, "F1": 0.4346927329540902}, "Exact": {"Correct": 5530, "Incorrect": 125, "Partial": 0, "Missed": 1645, "Spurious": 6447, "Possible": 7300, "Actual": 12102, "Precision": 0.43954811313196057, "Recall": 0.4416312795449083, "F1": 0.44027455065032184}}, "Predicates": {"Ent_type": {"Correct": 5274, "Incorrect": 12, "Partial": 0, "Missed": 2068, "Spurious": 6938, "Possible": 7354, "Actual": 12224, "Precision": 0.4103437224581364, "Recall": 0.41799535293646345, "F1": 0.4128328392489918}, "Partial": {"Correct": 4855, "Incorrect": 0, "Partial": 431, "Missed": 2068, "Spurious": 6938, "Possible": 7354, "Actual": 12224, "Precision": 0.39832879309884356, "Recall": 0.4028323051037577, "F1": 0.39982239670966535}, "Strict": {"Correct": 4852, "Incorrect": 434, "Partial": 0, "Missed": 2068, "Spurious": 6938, "Possible": 7354, "Actual": 12224, "Precision": 0.3856728894586438, "Recall": 0.3864674304943514, "F1": 0.38598402905750073}, "Exact": {"Correct": 4855, "Incorrect": 431, "Partial": 0, "Missed": 2068, "Spurious": 6938, "Possible": 7354, "Actual": 12224, "Precision": 0.38579307213631386, "Recall": 0.3867077958496915, "F1": 0.3861442726277275}}, "Objects": {"Ent_type": {"Correct": 5318, "Incorrect": 85, "Partial": 0, "Missed": 1883, "Spurious": 6659, "Possible": 7286, "Actual": 12062, "Precision": 0.42193528102109146, "Recall": 0.42456533931575996, "F1": 0.4227043421018263}, "Partial": {"Correct": 5046, "Incorrect": 0, "Partial": 357, "Missed": 1883, "Spurious": 6659, "Possible": 7286, "Actual": 12062, "Precision": 0.4145691147513918, "Recall": 0.41745453088694817, "F1": 0.4154814952427323}, "Strict": {"Correct": 4965, "Incorrect": 438, "Partial": 0, "Missed": 1883, "Spurious": 6659, "Possible": 7286, "Actual": 12062, "Precision": 0.3967470555243971, "Recall": 0.39704350612931655, "F1": 0.39685464763583506}, "Exact": {"Correct": 5046, "Incorrect": 357, "Partial": 0, "Missed": 1883, "Spurious": 6659, "Possible": 7286, "Actual": 12062, "Precision": 0.4018748497716529, "Recall": 0.4035333707234997, "F1": 0.4024364653320667}}}, "Exact_match": {"Precision": 0.1445592805826099, "Recall": 0.10291393820244393, "F1": 0.1113073505861409}}