{"Total_scores": {"Ent_type": {"Correct": 16224, "Incorrect": 48, "Partial": 0, "Missed": 4780, "Spurious": 11550, "Possible": 21052, "Actual": 27822, "Precision": 0.7377525118545679, "Recall": 0.7533776411881139, "F1": 0.7441694433343515}, "Partial": {"Correct": 15245, "Incorrect": 0, "Partial": 1027, "Missed": 4780, "Spurious": 11550, "Possible": 21052, "Actual": 27822, "Precision": 0.7195556116104307, "Recall": 0.7332865226447176, "F1": 0.7251677570973458}, "Strict": {"Correct": 15203, "Incorrect": 1069, "Partial": 0, "Missed": 4780, "Spurious": 11550, "Possible": 21052, "Actual": 27822, "Precision": 0.6969472450655169, "Recall": 0.707251330792186, "F1": 0.7011808634504958}, "Exact": {"Correct": 15245, "Incorrect": 1027, "Partial": 0, "Missed": 4780, "Spurious": 11550, "Possible": 21052, "Actual": 27822, "Precision": 0.6990358410671554, "Recall": 0.7101152532420617, "F1": 0.7035624066832786}}, "Scores_per_tag": {"Subjects": {"Ent_type": {"Correct": 5770, "Incorrect": 24, "Partial": 0, "Missed": 1244, "Spurious": 3463, "Possible": 7038, "Actual": 9257, "Precision": 0.5963073321272747, "Recall": 0.602532723209535, "F1": 0.5986378631478131}, "Partial": {"Correct": 5617, "Incorrect": 0, "Partial": 177, "Missed": 1244, "Spurious": 3463, "Possible": 7038, "Actual": 9257, "Precision": 0.5933276577631159, "Recall": 0.5985420879003938, "F1": 0.5952573516370473}, "Strict": {"Correct": 5595, "Incorrect": 199, "Partial": 0, "Missed": 1244, "Spurious": 3463, "Possible": 7038, "Actual": 9257, "Precision": 0.5877407683303182, "Recall": 0.589656273278706, "F1": 0.5885069703096732}, "Exact": {"Correct": 5617, "Incorrect": 177, "Partial": 0, "Missed": 1244, "Spurious": 3463, "Possible": 7038, "Actual": 9257, "Precision": 0.5889645631584548, "Recall": 0.5919974459934022, "F1": 0.5901032244333297}}, "Predicates": {"Ent_type": {"Correct": 5064, "Incorrect": 3, "Partial": 0, "Missed": 1921, "Spurious": 4179, "Possible": 6988, "Actual": 9246, "Precision": 0.5246355219750984, "Recall": 0.5343194636586145, "F1": 0.5277499911319216}, "Partial": {"Correct": 4655, "Incorrect": 0, "Partial": 412, "Missed": 1921, "Spurious": 4179, "Possible": 6988, "Actual": 9246, "Precision": 0.5084823170515412, "Recall": 0.5138608066404171, "F1": 0.5102337625483311}, "Strict": {"Correct": 4655, "Incorrect": 412, "Partial": 0, "Missed": 1921, "Spurious": 4179, "Possible": 6988, "Actual": 9246, "Precision": 0.49216948671561844, "Recall": 0.49308289879748857, "F1": 0.4925047000815863}, "Exact": {"Correct": 4655, "Incorrect": 412, "Partial": 0, "Missed": 1921, "Spurious": 4179, "Possible": 6988, "Actual": 9246, "Precision": 0.49216948671561844, "Recall": 0.49308289879748857, "F1": 0.4925047000815863}}, "Objects": {"Ent_type": {"Correct": 5390, "Incorrect": 21, "Partial": 0, "Missed": 1615, "Spurious": 3908, "Possible": 7026, "Actual": 9319, "Precision": 0.5555806817778723, "Recall": 0.5632648717675854, "F1": 0.5579788213394683}, "Partial": {"Correct": 4973, "Incorrect": 0, "Partial": 438, "Missed": 1615, "Spurious": 3908, "Possible": 7026, "Actual": 9319, "Precision": 0.5391148770884325, "Recall": 0.5447749281685644, "F1": 0.540955995750079}, "Strict": {"Correct": 4953, "Incorrect": 458, "Partial": 0, "Missed": 1615, "Spurious": 3908, "Possible": 7026, "Actual": 9319, "Precision": 0.519882231917988, "Recall": 0.5219218899648824, "F1": 0.5206342449717996}, "Exact": {"Correct": 4973, "Incorrect": 438, "Partial": 0, "Missed": 1615, "Spurious": 3908, "Possible": 7026, "Actual": 9319, "Precision": 0.5212124436877017, "Recall": 0.5240502287964244, "F1": 0.522230499095456}}}, "Exact_match": {"Precision": 0.20214063168691715, "Recall": 0.14565905728248946, "F1": 0.15793191853501157}}