{"Total_scores": {"Ent_type": {"Correct": 16356, "Incorrect": 48, "Partial": 0, "Missed": 4712, "Spurious": 10611, "Possible": 21116, "Actual": 27015, "Precision": 0.7349641108881118, "Recall": 0.7512976799904271, "F1": 0.7417770939510351}, "Partial": {"Correct": 15413, "Incorrect": 0, "Partial": 991, "Missed": 4712, "Spurious": 10611, "Possible": 21116, "Actual": 27015, "Precision": 0.7200658608792853, "Recall": 0.73448968629419, "F1": 0.7260384396672392}, "Strict": {"Correct": 15367, "Incorrect": 1037, "Partial": 0, "Missed": 4712, "Spurious": 10611, "Possible": 21116, "Actual": 27015, "Precision": 0.6989618036798136, "Recall": 0.7096851926740801, "F1": 0.703444620546208}, "Exact": {"Correct": 15413, "Incorrect": 991, "Partial": 0, "Missed": 4712, "Spurious": 10611, "Possible": 21116, "Actual": 27015, "Precision": 0.7019744778345587, "Recall": 0.7135545434351915, "F1": 0.7067665056201492}}, "Scores_per_tag": {"Subjects": {"Ent_type": {"Correct": 5899, "Incorrect": 24, "Partial": 0, "Missed": 1227, "Spurious": 3262, "Possible": 7150, "Actual": 9185, "Precision": 0.6169030209025778, "Recall": 0.6288499889208952, "F1": 0.6214343747691853}, "Partial": {"Correct": 5599, "Incorrect": 0, "Partial": 324, "Missed": 1227, "Spurious": 3262, "Possible": 7150, "Actual": 9185, "Precision": 0.6108464436073565, "Recall": 0.6197374252160426, "F1": 0.6142218775389615}, "Strict": {"Correct": 5576, "Incorrect": 347, "Partial": 0, "Missed": 1227, "Spurious": 3262, "Possible": 7150, "Actual": 9185, "Precision": 0.6012999482975109, "Recall": 0.6054176822512741, "F1": 0.6029470418790162}, "Exact": {"Correct": 5599, "Incorrect": 324, "Partial": 0, "Missed": 1227, "Spurious": 3262, "Possible": 7150, "Actual": 9185, "Precision": 0.6030172095428022, "Recall": 0.6079658763571903, "F1": 0.6049412807445158}}, "Predicates": {"Ent_type": {"Correct": 5197, "Incorrect": 2, "Partial": 0, "Missed": 1789, "Spurious": 3682, "Possible": 6988, "Actual": 8881, "Precision": 0.5623568948962258, "Recall": 0.5710170618214049, "F1": 0.5653039367752419}, "Partial": {"Correct": 4866, "Incorrect": 0, "Partial": 333, "Missed": 1789, "Spurious": 3682, "Possible": 6988, "Actual": 8881, "Precision": 0.5491681438806411, "Recall": 0.5539829381785951, "F1": 0.5508290863431569}, "Strict": {"Correct": 4865, "Incorrect": 334, "Partial": 0, "Missed": 1789, "Spurious": 3682, "Possible": 6988, "Actual": 8881, "Precision": 0.5358132062929315, "Recall": 0.5366164413915355, "F1": 0.536132653814905}, "Exact": {"Correct": 4866, "Incorrect": 333, "Partial": 0, "Missed": 1789, "Spurious": 3682, "Possible": 6988, "Actual": 8881, "Precision": 0.5358686018169732, "Recall": 0.5367272324396188, "F1": 0.5362065145136273}}, "Objects": {"Ent_type": {"Correct": 5260, "Incorrect": 22, "Partial": 0, "Missed": 1696, "Spurious": 3667, "Possible": 6978, "Actual": 8949, "Precision": 0.5702415724463143, "Recall": 0.5774429426102371, "F1": 0.5722768423687989}, "Partial": {"Correct": 4948, "Incorrect": 0, "Partial": 334, "Missed": 1696, "Spurious": 3667, "Possible": 6978, "Actual": 8949, "Precision": 0.5576021363967298, "Recall": 0.5627077332151562, "F1": 0.5591349497315595}, "Strict": {"Correct": 4926, "Incorrect": 356, "Partial": 0, "Missed": 1696, "Spurious": 3667, "Possible": 6978, "Actual": 8949, "Precision": 0.5419713420488957, "Recall": 0.5430977177044095, "F1": 0.5423738828569318}, "Exact": {"Correct": 4948, "Incorrect": 334, "Partial": 0, "Missed": 1696, "Spurious": 3667, "Possible": 6978, "Actual": 8949, "Precision": 0.5434670211980205, "Recall": 0.5455351207622424, "F1": 0.5441834699756259}}}, "Exact_match": {"Precision": 0.1881126678023343, "Recall": 0.1302949351298195, "F1": 0.14180966223599323}}