{"Total_scores": {"Ent_type": {"Correct": 16359, "Incorrect": 42, "Partial": 0, "Missed": 4731, "Spurious": 17075, "Possible": 21132, "Actual": 33476, "Precision": 0.7295850614595616, "Recall": 0.7430395439877253, "F1": 0.7351825016334484}, "Partial": {"Correct": 15406, "Incorrect": 0, "Partial": 995, "Missed": 4731, "Spurious": 17075, "Possible": 21132, "Actual": 33476, "Precision": 0.7150229815925908, "Recall": 0.7266607751152173, "F1": 0.7197674146978897}, "Strict": {"Correct": 15369, "Incorrect": 1032, "Partial": 0, "Missed": 4731, "Spurious": 17075, "Possible": 21132, "Actual": 33476, "Precision": 0.6945974862691093, "Recall": 0.7035100336741106, "F1": 0.6983071642690315}, "Exact": {"Correct": 15406, "Incorrect": 995, "Partial": 0, "Missed": 4731, "Spurious": 17075, "Possible": 21132, "Actual": 33476, "Precision": 0.6973790264284035, "Recall": 0.7067742102136304, "F1": 0.7012053122514562}}, "Scores_per_tag": {"Subjects": {"Ent_type": {"Correct": 5851, "Incorrect": 25, "Partial": 0, "Missed": 1269, "Spurious": 5475, "Possible": 7145, "Actual": 11351, "Precision": 0.4924451159896898, "Recall": 0.5013776553195272, "F1": 0.49583740704529966}, "Partial": {"Correct": 5587, "Incorrect": 0, "Partial": 289, "Missed": 1269, "Spurious": 5475, "Possible": 7145, "Actual": 11351, "Precision": 0.48891209670251534, "Recall": 0.4954226290996356, "F1": 0.49139335762747016}, "Strict": {"Correct": 5562, "Incorrect": 314, "Partial": 0, "Missed": 1269, "Spurious": 5475, "Possible": 7145, "Actual": 11351, "Precision": 0.4819127188694338, "Recall": 0.4850235534619145, "F1": 0.4831570527064261}, "Exact": {"Correct": 5587, "Incorrect": 289, "Partial": 0, "Missed": 1269, "Spurious": 5475, "Possible": 7145, "Actual": 11351, "Precision": 0.48364589814238734, "Recall": 0.48724557817082925, "F1": 0.48505318045803336}}, "Predicates": {"Ent_type": {"Correct": 5235, "Incorrect": 4, "Partial": 0, "Missed": 1776, "Spurious": 5837, "Possible": 7015, "Actual": 11076, "Precision": 0.452789381684591, "Recall": 0.45907030486179007, "F1": 0.4549610405001037}, "Partial": {"Correct": 4952, "Incorrect": 0, "Partial": 287, "Missed": 1776, "Spurious": 5837, "Possible": 7015, "Actual": 11076, "Precision": 0.44449011939679434, "Recall": 0.448226824282286, "F1": 0.4458077800491808}, "Strict": {"Correct": 4952, "Incorrect": 287, "Partial": 0, "Missed": 1776, "Spurious": 5837, "Possible": 7015, "Actual": 11076, "Precision": 0.43596865463810625, "Recall": 0.4370278197493556, "F1": 0.4363878766331882}, "Exact": {"Correct": 4952, "Incorrect": 287, "Partial": 0, "Missed": 1776, "Spurious": 5837, "Possible": 7015, "Actual": 11076, "Precision": 0.43596865463810625, "Recall": 0.4370278197493556, "F1": 0.4363878766331882}}, "Objects": {"Ent_type": {"Correct": 5273, "Incorrect": 13, "Partial": 0, "Missed": 1686, "Spurious": 5763, "Possible": 6972, "Actual": 11049, "Precision": 0.46050954200896427, "Recall": 0.4652030930583948, "F1": 0.46188042544366426}, "Partial": {"Correct": 4867, "Incorrect": 0, "Partial": 419, "Missed": 1686, "Spurious": 5763, "Possible": 6972, "Actual": 11049, "Precision": 0.4454208303177284, "Recall": 0.4486045684828015, "F1": 0.44639069119781943}, "Strict": {"Correct": 4855, "Incorrect": 431, "Partial": 0, "Missed": 1686, "Spurious": 5763, "Possible": 6972, "Actual": 11049, "Precision": 0.4289989038011436, "Recall": 0.4297840191982935, "F1": 0.42927147216543715}, "Exact": {"Correct": 4867, "Incorrect": 419, "Partial": 0, "Missed": 1686, "Spurious": 5763, "Possible": 6972, "Actual": 11049, "Precision": 0.42962107071963973, "Recall": 0.4308505910585726, "F1": 0.4300417740645276}}}, "Exact_match": {"Precision": 0.22697786226877675, "Recall": 0.16439845261967376, "F1": 0.17913501161158568}}