{"Total_scores": {"Ent_type": {"Correct": 16156, "Incorrect": 124, "Partial": 0, "Missed": 5703, "Spurious": 24539, "Possible": 21983, "Actual": 40819, "Precision": 0.6787620104726372, "Recall": 0.6884629019325686, "F1": 0.6827187810320501}, "Partial": {"Correct": 15392, "Incorrect": 0, "Partial": 888, "Missed": 5703, "Spurious": 24539, "Possible": 21983, "Actual": 40819, "Precision": 0.6690684040513108, "Recall": 0.6778110267070072, "F1": 0.672480219482361}, "Strict": {"Correct": 15281, "Incorrect": 999, "Partial": 0, "Missed": 5703, "Spurious": 24539, "Possible": 21983, "Actual": 40819, "Precision": 0.6474660437552054, "Recall": 0.653561133104263, "F1": 0.6499720072086485}, "Exact": {"Correct": 15392, "Incorrect": 888, "Partial": 0, "Missed": 5703, "Spurious": 24539, "Possible": 21983, "Actual": 40819, "Precision": 0.65323423746435, "Recall": 0.6601521640494877, "F1": 0.6559153062853917}}, "Scores_per_tag": {"Subjects": {"Ent_type": {"Correct": 5669, "Incorrect": 86, "Partial": 0, "Missed": 1598, "Spurious": 7887, "Possible": 7353, "Actual": 13642, "Precision": 0.4045385118917739, "Recall": 0.4073023492617645, "F1": 0.405571314277402}, "Partial": {"Correct": 5626, "Incorrect": 0, "Partial": 129, "Missed": 1598, "Spurious": 7887, "Possible": 7353, "Actual": 13642, "Precision": 0.4063750090915703, "Recall": 0.41012073605353117, "F1": 0.40770722719228064}, "Strict": {"Correct": 5544, "Incorrect": 211, "Partial": 0, "Missed": 1598, "Spurious": 7887, "Possible": 7353, "Actual": 13642, "Precision": 0.3998836279002109, "Recall": 0.4007200523674449, "F1": 0.40021819768710454}, "Exact": {"Correct": 5626, "Incorrect": 129, "Partial": 0, "Missed": 1598, "Spurious": 7887, "Possible": 7353, "Actual": 13642, "Precision": 0.40392028511164446, "Recall": 0.40668412248163505, "F1": 0.4048973258661236}}, "Predicates": {"Ent_type": {"Correct": 5332, "Incorrect": 3, "Partial": 0, "Missed": 2027, "Spurious": 8372, "Possible": 7362, "Actual": 13707, "Precision": 0.37577278347516185, "Recall": 0.3830824059931631, "F1": 0.37818508012703955}, "Partial": {"Correct": 4822, "Incorrect": 0, "Partial": 513, "Missed": 2027, "Spurious": 8372, "Possible": 7362, "Actual": 13707, "Precision": 0.36167781899289647, "Recall": 0.3658266055713143, "F1": 0.36306882924818773}, "Strict": {"Correct": 4822, "Incorrect": 513, "Partial": 0, "Missed": 2027, "Spurious": 8372, "Possible": 7362, "Actual": 13707, "Precision": 0.34747375566707883, "Recall": 0.3483526074623609, "F1": 0.3478071132445996}, "Exact": {"Correct": 4822, "Incorrect": 513, "Partial": 0, "Missed": 2027, "Spurious": 8372, "Possible": 7362, "Actual": 13707, "Precision": 0.34747375566707883, "Recall": 0.3483526074623609, "F1": 0.3478071132445996}}, "Objects": {"Ent_type": {"Correct": 5155, "Incorrect": 35, "Partial": 0, "Missed": 2078, "Spurious": 8280, "Possible": 7268, "Actual": 13470, "Precision": 0.37272154228296495, "Recall": 0.3744272310713506, "F1": 0.3731523331566971}, "Partial": {"Correct": 4944, "Incorrect": 0, "Partial": 246, "Missed": 2078, "Spurious": 8280, "Possible": 7268, "Actual": 13470, "Precision": 0.3666938862771287, "Recall": 0.3681540475670958, "F1": 0.36711085481541517}, "Strict": {"Correct": 4915, "Incorrect": 275, "Partial": 0, "Missed": 2078, "Spurious": 8280, "Possible": 7268, "Actual": 13470, "Precision": 0.35710233471525205, "Recall": 0.3572259800712779, "F1": 0.3571418181062519}, "Exact": {"Correct": 4944, "Incorrect": 246, "Partial": 0, "Missed": 2078, "Spurious": 8280, "Possible": 7268, "Actual": 13470, "Precision": 0.3587024510873518, "Recall": 0.3593352243799549, "F1": 0.3589116437905441}}}, "Exact_match": {"Precision": 0.14246171875014818, "Recall": 0.10407925843088198, "F1": 0.11157307954262467}}