{"Total_scores": {"Ent_type": {"Correct": 16269, "Incorrect": 51, "Partial": 0, "Missed": 4831, "Spurious": 12123, "Possible": 21151, "Actual": 28443, "Precision": 0.7280472975677303, "Recall": 0.7424890299524555, "F1": 0.7339740714033045}, "Partial": {"Correct": 15418, "Incorrect": 0, "Partial": 902, "Missed": 4831, "Spurious": 12123, "Possible": 21151, "Actual": 28443, "Precision": 0.715953732445728, "Recall": 0.7286721061470226, "F1": 0.7211013620922653}, "Strict": {"Correct": 15374, "Incorrect": 946, "Partial": 0, "Missed": 4831, "Spurious": 12123, "Possible": 21151, "Actual": 28443, "Precision": 0.6971451593100052, "Recall": 0.7065807142895865, "F1": 0.701045593370769}, "Exact": {"Correct": 15418, "Incorrect": 902, "Partial": 0, "Missed": 4831, "Spurious": 12123, "Possible": 21151, "Actual": 28443, "Precision": 0.7002201592350574, "Recall": 0.7104773364740481, "F1": 0.7043868437943958}}, "Scores_per_tag": {"Subjects": {"Ent_type": {"Correct": 5849, "Incorrect": 34, "Partial": 0, "Missed": 1281, "Spurious": 3807, "Possible": 7164, "Actual": 9690, "Precision": 0.5779725049847833, "Recall": 0.5895686850666387, "F1": 0.582376604750411}, "Partial": {"Correct": 5568, "Incorrect": 0, "Partial": 315, "Missed": 1281, "Spurious": 3807, "Possible": 7164, "Actual": 9690, "Precision": 0.5738272641410431, "Recall": 0.5826686955609193, "F1": 0.5771784377514255}, "Strict": {"Correct": 5536, "Incorrect": 347, "Partial": 0, "Missed": 1281, "Spurious": 3807, "Possible": 7164, "Actual": 9690, "Precision": 0.5648021828103683, "Recall": 0.5688424808479379, "F1": 0.5664183020253961}, "Exact": {"Correct": 5568, "Incorrect": 315, "Partial": 0, "Missed": 1281, "Spurious": 3807, "Possible": 7164, "Actual": 9690, "Precision": 0.5671633959492077, "Recall": 0.5722006506453983, "F1": 0.5691118340504425}}, "Predicates": {"Ent_type": {"Correct": 5178, "Incorrect": 7, "Partial": 0, "Missed": 1834, "Spurious": 4178, "Possible": 7019, "Actual": 9363, "Precision": 0.5287368384230594, "Recall": 0.5356280826949312, "F1": 0.531154021058523}, "Partial": {"Correct": 4906, "Incorrect": 0, "Partial": 279, "Missed": 1834, "Spurious": 4178, "Possible": 7019, "Actual": 9363, "Precision": 0.5193619477384825, "Recall": 0.5236646027914786, "F1": 0.5208993598488824}, "Strict": {"Correct": 4904, "Incorrect": 281, "Partial": 0, "Missed": 1834, "Spurious": 4178, "Possible": 7019, "Actual": 9363, "Precision": 0.5094623430230525, "Recall": 0.5107566376324902, "F1": 0.5099800608668276}, "Exact": {"Correct": 4906, "Incorrect": 279, "Partial": 0, "Missed": 1834, "Spurious": 4178, "Possible": 7019, "Actual": 9363, "Precision": 0.5095672858292231, "Recall": 0.5109665232448316, "F1": 0.5101199846083885}}, "Objects": {"Ent_type": {"Correct": 5242, "Incorrect": 10, "Partial": 0, "Missed": 1716, "Spurious": 4138, "Possible": 6968, "Actual": 9390, "Precision": 0.5391209745234302, "Recall": 0.5454927064749712, "F1": 0.5408688121617076}, "Partial": {"Correct": 4944, "Incorrect": 0, "Partial": 308, "Missed": 1716, "Spurious": 4138, "Possible": 6968, "Actual": 9390, "Precision": 0.5274137072568178, "Recall": 0.5315353132542764, "F1": 0.5286146978218549}, "Strict": {"Correct": 4934, "Incorrect": 318, "Partial": 0, "Missed": 1716, "Spurious": 4138, "Possible": 6968, "Actual": 9390, "Precision": 0.5145520691223283, "Recall": 0.515479063910169, "F1": 0.5148913841956134}, "Exact": {"Correct": 4944, "Incorrect": 308, "Partial": 0, "Missed": 1716, "Spurious": 4138, "Possible": 6968, "Actual": 9390, "Precision": 0.5151292545562668, "Recall": 0.5165284919718753, "F1": 0.5156259838388079}}}, "Exact_match": {"Precision": 0.1878131408117473, "Recall": 0.13334117002284826, "F1": 0.1447967698080751}}