{"Total_scores": {"Ent_type": {"Correct": 14087, "Incorrect": 124, "Partial": 0, "Missed": 6806, "Spurious": 22271, "Possible": 21017, "Actual": 36482, "Precision": 0.6294056161681576, "Recall": 0.6429931514554614, "F1": 0.6343378593075537}, "Partial": {"Correct": 13184, "Incorrect": 0, "Partial": 1027, "Missed": 6806, "Spurious": 22271, "Possible": 21017, "Actual": 36482, "Precision": 0.6158242717797663, "Recall": 0.6292490300795043, "F1": 0.6208953780492104}, "Strict": {"Correct": 13081, "Incorrect": 1130, "Partial": 0, "Missed": 6806, "Spurious": 22271, "Possible": 21017, "Actual": 36482, "Precision": 0.5887403847620899, "Recall": 0.5982607665044761, "F1": 0.5926173222141473}, "Exact": {"Correct": 13184, "Incorrect": 1027, "Partial": 0, "Missed": 6806, "Spurious": 22271, "Possible": 21017, "Actual": 36482, "Precision": 0.5950184486963325, "Recall": 0.6062294107266868, "F1": 0.5994908479721667}}, "Scores_per_tag": {"Subjects": {"Ent_type": {"Correct": 5102, "Incorrect": 75, "Partial": 0, "Missed": 1914, "Spurious": 7123, "Possible": 7091, "Actual": 12300, "Precision": 0.38406370300058007, "Recall": 0.3901281442809682, "F1": 0.3863840109687286}, "Partial": {"Correct": 4915, "Incorrect": 0, "Partial": 262, "Missed": 1914, "Spurious": 7123, "Possible": 7091, "Actual": 12300, "Precision": 0.3827321626324949, "Recall": 0.3890602752728999, "F1": 0.3850656541686442}, "Strict": {"Correct": 4850, "Incorrect": 327, "Partial": 0, "Missed": 1914, "Spurious": 7123, "Possible": 7091, "Actual": 12300, "Precision": 0.37467700258397935, "Recall": 0.3769182091441228, "F1": 0.3755734852080367}, "Exact": {"Correct": 4915, "Incorrect": 262, "Partial": 0, "Missed": 1914, "Spurious": 7123, "Possible": 7091, "Actual": 12300, "Precision": 0.37784105890418185, "Recall": 0.38205980066445183, "F1": 0.3793967199282814}}, "Predicates": {"Ent_type": {"Correct": 4438, "Incorrect": 14, "Partial": 0, "Missed": 2546, "Spurious": 7712, "Possible": 6998, "Actual": 12164, "Precision": 0.33866740494647474, "Recall": 0.3469387755102041, "F1": 0.3412939483656142}, "Partial": {"Correct": 4006, "Incorrect": 0, "Partial": 446, "Missed": 2546, "Spurious": 7712, "Possible": 6998, "Actual": 12164, "Precision": 0.32651940621209724, "Recall": 0.331375573485208, "F1": 0.3280938067364266}, "Strict": {"Correct": 4000, "Incorrect": 452, "Partial": 0, "Missed": 2546, "Spurious": 7712, "Possible": 6998, "Actual": 12164, "Precision": 0.31361994410167165, "Recall": 0.31434899541211836, "F1": 0.31390226079357547}, "Exact": {"Correct": 4006, "Incorrect": 446, "Partial": 0, "Missed": 2546, "Spurious": 7712, "Possible": 6998, "Actual": 12164, "Precision": 0.313844064757686, "Recall": 0.31478405315614616, "F1": 0.3141975727167944}}, "Objects": {"Ent_type": {"Correct": 4547, "Incorrect": 35, "Partial": 0, "Missed": 2346, "Spurious": 7436, "Possible": 6928, "Actual": 12018, "Precision": 0.3516334783183383, "Recall": 0.3559563360227812, "F1": 0.35294652744818855}, "Partial": {"Correct": 4263, "Incorrect": 0, "Partial": 319, "Missed": 2346, "Spurious": 7436, "Possible": 6928, "Actual": 12018, "Precision": 0.34359741732190713, "Recall": 0.3470376522702104, "F1": 0.3446955914148605}, "Strict": {"Correct": 4231, "Incorrect": 351, "Partial": 0, "Missed": 2346, "Spurious": 7436, "Possible": 6928, "Actual": 12018, "Precision": 0.3321204450772557, "Recall": 0.3328191741813004, "F1": 0.33238411643727256}, "Exact": {"Correct": 4263, "Incorrect": 319, "Partial": 0, "Missed": 2346, "Spurious": 7436, "Possible": 6928, "Actual": 12018, "Precision": 0.333781574645362, "Recall": 0.33535041923746245, "F1": 0.33433528450139743}}}, "Exact_match": {"Precision": 0.12930126983827983, "Recall": 0.08320292908058707, "F1": 0.09388358206660204}}