{"Total_scores": {"Ent_type": {"Correct": 16593, "Incorrect": 52, "Partial": 0, "Missed": 4489, "Spurious": 13419, "Possible": 21134, "Actual": 30064, "Precision": 0.7464451646991854, "Recall": 0.7623718137626202, "F1": 0.7531598339113904}, "Partial": {"Correct": 15718, "Incorrect": 0, "Partial": 927, "Missed": 4489, "Spurious": 13419, "Possible": 21134, "Actual": 30064, "Precision": 0.7319259393401087, "Recall": 0.7455998516171614, "F1": 0.7376207609903277}, "Strict": {"Correct": 15669, "Incorrect": 976, "Partial": 0, "Missed": 4489, "Spurious": 13419, "Possible": 21134, "Actual": 30064, "Precision": 0.7122000219819489, "Recall": 0.7227499240890661, "F1": 0.71665835119321}, "Exact": {"Correct": 15718, "Incorrect": 927, "Partial": 0, "Missed": 4489, "Spurious": 13419, "Possible": 21134, "Actual": 30064, "Precision": 0.7147502282464406, "Recall": 0.7257528565845407, "F1": 0.7193271870802094}}, "Scores_per_tag": {"Subjects": {"Ent_type": {"Correct": 5876, "Incorrect": 35, "Partial": 0, "Missed": 1231, "Spurious": 4277, "Possible": 7142, "Actual": 10188, "Precision": 0.552503718393654, "Recall": 0.561824491819534, "F1": 0.5560733763014378}, "Partial": {"Correct": 5635, "Incorrect": 0, "Partial": 276, "Missed": 1231, "Spurious": 4277, "Possible": 7142, "Actual": 10188, "Precision": 0.5496281606346058, "Recall": 0.5568170550322261, "F1": 0.5523715088415138}, "Strict": {"Correct": 5602, "Incorrect": 309, "Partial": 0, "Missed": 1231, "Spurious": 4277, "Possible": 7142, "Actual": 10188, "Precision": 0.5415964303420923, "Recall": 0.545066931085771, "F1": 0.5429846306395637}, "Exact": {"Correct": 5635, "Incorrect": 276, "Partial": 0, "Missed": 1231, "Spurious": 4277, "Possible": 7142, "Actual": 10188, "Precision": 0.5440753594447199, "Recall": 0.5483391175012394, "F1": 0.5457279788464716}}, "Predicates": {"Ent_type": {"Correct": 5375, "Incorrect": 0, "Partial": 0, "Missed": 1628, "Spurious": 4603, "Possible": 7003, "Actual": 9978, "Precision": 0.5181325400760205, "Recall": 0.5272186415468517, "F1": 0.5211270864319947}, "Partial": {"Correct": 4968, "Incorrect": 0, "Partial": 407, "Missed": 1628, "Spurious": 4603, "Possible": 7003, "Actual": 9978, "Precision": 0.503455627169063, "Recall": 0.5084779375309866, "F1": 0.5051446041976533}, "Strict": {"Correct": 4968, "Incorrect": 407, "Partial": 0, "Missed": 1628, "Spurious": 4603, "Possible": 7003, "Actual": 9978, "Precision": 0.48877871426210545, "Recall": 0.4897372335151215, "F1": 0.4891621219633118}, "Exact": {"Correct": 4968, "Incorrect": 407, "Partial": 0, "Missed": 1628, "Spurious": 4603, "Possible": 7003, "Actual": 9978, "Precision": 0.48877871426210545, "Recall": 0.4897372335151215, "F1": 0.4891621219633118}}, "Objects": {"Ent_type": {"Correct": 5342, "Incorrect": 17, "Partial": 0, "Missed": 1630, "Spurious": 4539, "Possible": 6989, "Actual": 9898, "Precision": 0.5197679250182968, "Recall": 0.5240456122954883, "F1": 0.5211485704842175}, "Partial": {"Correct": 5115, "Incorrect": 0, "Partial": 244, "Missed": 1630, "Spurious": 4539, "Possible": 6989, "Actual": 9898, "Precision": 0.5117059753995797, "Recall": 0.5150470996529499, "F1": 0.5128168897702859}, "Strict": {"Correct": 5099, "Incorrect": 260, "Partial": 0, "Missed": 1630, "Spurious": 4539, "Possible": 6989, "Actual": 9898, "Precision": 0.5016608824987605, "Recall": 0.502776400594943, "F1": 0.5020723847297968}, "Exact": {"Correct": 5115, "Incorrect": 244, "Partial": 0, "Missed": 1630, "Spurious": 4539, "Possible": 6989, "Actual": 9898, "Precision": 0.5026028755577591, "Recall": 0.5043629152206247, "F1": 0.503229218311023}}}, "Exact_match": {"Precision": 0.21266093536918212, "Recall": 0.15616280682909034, "F1": 0.1701399968834763}}