{"Total_scores": {"Ent_type": {"Correct": 15915, "Incorrect": 52, "Partial": 0, "Missed": 5066, "Spurious": 20015, "Possible": 21033, "Actual": 35982, "Precision": 0.7062038079604481, "Recall": 0.7207211509929499, "F1": 0.712084849418234}, "Partial": {"Correct": 15006, "Incorrect": 0, "Partial": 961, "Missed": 5066, "Spurious": 20015, "Possible": 21033, "Actual": 35982, "Precision": 0.6928542981429813, "Recall": 0.7059056612672908, "F1": 0.6980739780519432}, "Strict": {"Correct": 14959, "Incorrect": 1008, "Partial": 0, "Missed": 5066, "Spurious": 20015, "Possible": 21033, "Actual": 35982, "Precision": 0.6716769945471269, "Recall": 0.6810083342972452, "F1": 0.6754803459830608}, "Exact": {"Correct": 15006, "Incorrect": 961, "Partial": 0, "Missed": 5066, "Spurious": 20015, "Possible": 21033, "Actual": 35982, "Precision": 0.6753820747309843, "Recall": 0.6858017664538546, "F1": 0.6795513087009459}}, "Scores_per_tag": {"Subjects": {"Ent_type": {"Correct": 5664, "Incorrect": 30, "Partial": 0, "Missed": 1378, "Spurious": 6361, "Possible": 7072, "Actual": 12055, "Precision": 0.4495261639884631, "Recall": 0.4551297898640297, "F1": 0.45165224557066336}, "Partial": {"Correct": 5495, "Incorrect": 0, "Partial": 199, "Missed": 1378, "Spurious": 6361, "Possible": 7072, "Actual": 12055, "Precision": 0.44793984342810056, "Recall": 0.4523073753605274, "F1": 0.4495893421233347}, "Strict": {"Correct": 5467, "Incorrect": 227, "Partial": 0, "Missed": 1378, "Spurious": 6361, "Possible": 7072, "Actual": 12055, "Precision": 0.44276885043263287, "Recall": 0.4447053976102184, "F1": 0.44354346930366706}, "Exact": {"Correct": 5495, "Incorrect": 199, "Partial": 0, "Missed": 1378, "Spurious": 6361, "Possible": 7072, "Actual": 12055, "Precision": 0.4444993819530284, "Recall": 0.44701277297074576, "F1": 0.4454662821041066}}, "Predicates": {"Ent_type": {"Correct": 5114, "Incorrect": 4, "Partial": 0, "Missed": 1878, "Spurious": 6872, "Possible": 6996, "Actual": 11990, "Precision": 0.40947672023073756, "Recall": 0.4172229089410795, "F1": 0.4119818706221673}, "Partial": {"Correct": 4737, "Incorrect": 0, "Partial": 381, "Missed": 1878, "Spurious": 6872, "Possible": 6996, "Actual": 11990, "Precision": 0.3985647575882434, "Recall": 0.40290482076637824, "F1": 0.3999945062491416}, "Strict": {"Correct": 4736, "Incorrect": 382, "Partial": 0, "Missed": 1878, "Spurious": 6872, "Possible": 6996, "Actual": 11990, "Precision": 0.38744677928855925, "Recall": 0.3881747012772971, "F1": 0.387732454333196}, "Exact": {"Correct": 4737, "Incorrect": 381, "Partial": 0, "Missed": 1878, "Spurious": 6872, "Possible": 6996, "Actual": 11990, "Precision": 0.38748798241999727, "Recall": 0.38825710754017306, "F1": 0.38778739184177996}}, "Objects": {"Ent_type": {"Correct": 5137, "Incorrect": 18, "Partial": 0, "Missed": 1810, "Spurious": 6782, "Possible": 6965, "Actual": 11937, "Precision": 0.41630274134600465, "Recall": 0.4203543469303667, "F1": 0.4173797483933454}, "Partial": {"Correct": 4774, "Incorrect": 0, "Partial": 381, "Missed": 1810, "Spurious": 6782, "Possible": 6965, "Actual": 11937, "Precision": 0.4039246161063219, "Recall": 0.4068809229501442, "F1": 0.40478107046092215}, "Strict": {"Correct": 4756, "Incorrect": 399, "Partial": 0, "Missed": 1810, "Spurious": 6782, "Possible": 6965, "Actual": 11937, "Precision": 0.38981595934624363, "Recall": 0.3904408735063865, "F1": 0.3900398296937234}, "Exact": {"Correct": 4774, "Incorrect": 381, "Partial": 0, "Missed": 1810, "Spurious": 6782, "Possible": 6965, "Actual": 11937, "Precision": 0.39068122510644143, "Recall": 0.3919241862381541, "F1": 0.39111111111111113}}}, "Exact_match": {"Precision": 0.19594449116051235, "Recall": 0.14105611326298173, "F1": 0.1535382857736696}}