{"Total_scores": {"Ent_type": {"Correct": 15721, "Incorrect": 98, "Partial": 0, "Missed": 5291, "Spurious": 27755, "Possible": 21110, "Actual": 43574, "Precision": 0.6837708086371634, "Recall": 0.6998657891777776, "F1": 0.6904714175359513}, "Partial": {"Correct": 14803, "Incorrect": 0, "Partial": 1016, "Missed": 5291, "Spurious": 27755, "Possible": 21110, "Actual": 43574, "Precision": 0.6703730021580684, "Recall": 0.6856149651375112, "F1": 0.6766586907036604}, "Strict": {"Correct": 14706, "Incorrect": 1113, "Partial": 0, "Missed": 5291, "Spurious": 27755, "Possible": 21110, "Actual": 43574, "Precision": 0.6473362793111553, "Recall": 0.6577080371118851, "F1": 0.651671894410978}, "Exact": {"Correct": 14803, "Incorrect": 1016, "Partial": 0, "Missed": 5291, "Spurious": 27755, "Possible": 21110, "Actual": 43574, "Precision": 0.6521325356389158, "Recall": 0.6644974193443175, "F1": 0.6572299268209881}}, "Scores_per_tag": {"Subjects": {"Ent_type": {"Correct": 5648, "Incorrect": 67, "Partial": 0, "Missed": 1410, "Spurious": 8966, "Possible": 7125, "Actual": 14681, "Precision": 0.36759964327365025, "Recall": 0.37367085134115385, "F1": 0.3699297980837392}, "Partial": {"Correct": 5455, "Incorrect": 0, "Partial": 260, "Missed": 1410, "Spurious": 8966, "Possible": 7125, "Actual": 14681, "Precision": 0.3665191740412979, "Recall": 0.37279618577210677, "F1": 0.36884132537559167}, "Strict": {"Correct": 5388, "Incorrect": 327, "Partial": 0, "Missed": 1410, "Spurious": 8966, "Possible": 7125, "Actual": 14681, "Precision": 0.3604308156685189, "Recall": 0.36272895657542703, "F1": 0.36135007203128217}, "Exact": {"Correct": 5455, "Incorrect": 260, "Partial": 0, "Missed": 1410, "Spurious": 8966, "Possible": 7125, "Actual": 14681, "Precision": 0.3629347602387322, "Recall": 0.3673252383892433, "F1": 0.36455146234936314}}, "Predicates": {"Ent_type": {"Correct": 5026, "Incorrect": 4, "Partial": 0, "Missed": 1977, "Spurious": 9450, "Possible": 7007, "Actual": 14480, "Precision": 0.3340559328622716, "Recall": 0.34053646154901557, "F1": 0.33618028400905536}, "Partial": {"Correct": 4619, "Incorrect": 0, "Partial": 411, "Missed": 1977, "Spurious": 9450, "Possible": 7007, "Actual": 14480, "Precision": 0.32405330314879605, "Recall": 0.32777663442409277, "F1": 0.3252989869886351}, "Strict": {"Correct": 4616, "Incorrect": 414, "Partial": 0, "Missed": 1977, "Spurious": 9450, "Possible": 7007, "Actual": 14480, "Precision": 0.3138105691614644, "Recall": 0.3145365987514578, "F1": 0.3140975509364067}, "Exact": {"Correct": 4619, "Incorrect": 411, "Partial": 0, "Missed": 1977, "Spurious": 9450, "Possible": 7007, "Actual": 14480, "Precision": 0.313913470993117, "Recall": 0.314742402414763, "F1": 0.3142347533786101}}, "Objects": {"Ent_type": {"Correct": 5047, "Incorrect": 27, "Partial": 0, "Missed": 1904, "Spurious": 9339, "Possible": 6978, "Actual": 14413, "Precision": 0.3355073683947938, "Recall": 0.3397818481168965, "F1": 0.33691921716206547}, "Partial": {"Correct": 4729, "Incorrect": 0, "Partial": 345, "Missed": 1904, "Spurious": 9339, "Possible": 6978, "Actual": 14413, "Precision": 0.32791752678046154, "Recall": 0.3314124991424847, "F1": 0.32909851462022693}, "Strict": {"Correct": 4702, "Incorrect": 372, "Partial": 0, "Missed": 1904, "Spurious": 9339, "Possible": 6978, "Actual": 14413, "Precision": 0.318063844869772, "Recall": 0.31933868422857925, "F1": 0.3185337632343189}, "Exact": {"Correct": 4729, "Incorrect": 345, "Partial": 0, "Missed": 1904, "Spurious": 9339, "Possible": 6978, "Actual": 14413, "Precision": 0.31919576501795066, "Recall": 0.32119091719832615, "F1": 0.31990578765635364}}}, "Exact_match": {"Precision": 0.1784828048233914, "Recall": 0.13004558131549462, "F1": 0.14176312742994526}}