{"Total_scores": {"Ent_type": {"Correct": 14739, "Incorrect": 144, "Partial": 0, "Missed": 6137, "Spurious": 33286, "Possible": 21020, "Actual": 48169, "Precision": 0.5959611623587826, "Recall": 0.6106072148497875, "F1": 0.6016167112079597}, "Partial": {"Correct": 13924, "Incorrect": 0, "Partial": 959, "Missed": 6137, "Spurious": 33286, "Possible": 21020, "Actual": 48169, "Precision": 0.5866226813175333, "Recall": 0.600470753118917, "F1": 0.5919124639146064}, "Strict": {"Correct": 13799, "Incorrect": 1084, "Partial": 0, "Missed": 6137, "Spurious": 33286, "Possible": 21020, "Actual": 48169, "Precision": 0.5647208868339506, "Recall": 0.573909608197489, "F1": 0.5682386071106567}, "Exact": {"Correct": 13924, "Incorrect": 959, "Partial": 0, "Missed": 6137, "Spurious": 33286, "Possible": 21020, "Actual": 48169, "Precision": 0.5707028573334757, "Recall": 0.5817609744191564, "F1": 0.5749005967327301}}, "Scores_per_tag": {"Subjects": {"Ent_type": {"Correct": 5486, "Incorrect": 105, "Partial": 0, "Missed": 1507, "Spurious": 10632, "Possible": 7098, "Actual": 16223, "Precision": 0.3208706498180182, "Recall": 0.3257269046742731, "F1": 0.32272931746615957}, "Partial": {"Correct": 5351, "Incorrect": 0, "Partial": 240, "Missed": 1507, "Spurious": 10632, "Possible": 7098, "Actual": 16223, "Precision": 0.32206171021960495, "Recall": 0.3275058275058275, "F1": 0.32405635300372143}, "Strict": {"Correct": 5257, "Incorrect": 334, "Partial": 0, "Missed": 1507, "Spurious": 10632, "Possible": 7098, "Actual": 16223, "Precision": 0.3152782889624995, "Recall": 0.31707765918292236, "F1": 0.31599803705066865}, "Exact": {"Correct": 5351, "Incorrect": 240, "Partial": 0, "Missed": 1507, "Spurious": 10632, "Possible": 7098, "Actual": 16223, "Precision": 0.31905083220872693, "Recall": 0.32284382284382285, "F1": 0.32043512043512046}}, "Predicates": {"Ent_type": {"Correct": 4677, "Incorrect": 6, "Partial": 0, "Missed": 2318, "Spurious": 11330, "Possible": 7001, "Actual": 16013, "Precision": 0.2773800760642866, "Recall": 0.2834621518832045, "F1": 0.27932593722067406}, "Partial": {"Correct": 4289, "Incorrect": 0, "Partial": 394, "Missed": 2318, "Spurious": 11330, "Possible": 7001, "Actual": 16013, "Precision": 0.2691607369238948, "Recall": 0.2726045883940621, "F1": 0.2702835176519387}, "Strict": {"Correct": 4289, "Incorrect": 394, "Partial": 0, "Missed": 2318, "Spurious": 11330, "Possible": 7001, "Actual": 16013, "Precision": 0.2607573712836871, "Recall": 0.2613789719052877, "F1": 0.26099572941678206}, "Exact": {"Correct": 4289, "Incorrect": 394, "Partial": 0, "Missed": 2318, "Spurious": 11330, "Possible": 7001, "Actual": 16013, "Precision": 0.2607573712836871, "Recall": 0.2613789719052877, "F1": 0.26099572941678206}}, "Objects": {"Ent_type": {"Correct": 4576, "Incorrect": 33, "Partial": 0, "Missed": 2312, "Spurious": 11324, "Possible": 6921, "Actual": 15933, "Precision": 0.27379548946534593, "Recall": 0.2781867255551466, "F1": 0.2749544315333789}, "Partial": {"Correct": 4284, "Incorrect": 0, "Partial": 325, "Missed": 2312, "Spurious": 11324, "Possible": 6921, "Actual": 15933, "Precision": 0.2677533657198729, "Recall": 0.27087167218746167, "F1": 0.26864926009662854}, "Strict": {"Correct": 4253, "Incorrect": 356, "Partial": 0, "Missed": 2312, "Spurious": 11324, "Possible": 6921, "Actual": 15933, "Precision": 0.25913487097697624, "Recall": 0.2596307201570359, "F1": 0.25931787510734877}, "Exact": {"Correct": 4284, "Incorrect": 325, "Partial": 0, "Missed": 2312, "Spurious": 11324, "Possible": 6921, "Actual": 15933, "Precision": 0.2603617143090827, "Recall": 0.261532327321801, "F1": 0.2607696397170081}}}, "Exact_match": {"Precision": 0.16393661605697743, "Recall": 0.10510815976140685, "F1": 0.11858792096919432}}