{"Total_scores": {"Ent_type": {"Correct": 16290, "Incorrect": 33, "Partial": 0, "Missed": 4766, "Spurious": 15909, "Possible": 21089, "Actual": 32232, "Precision": 0.7196874232606637, "Recall": 0.7325290264329991, "F1": 0.7249229291149897}, "Partial": {"Correct": 15482, "Incorrect": 0, "Partial": 841, "Missed": 4766, "Spurious": 15909, "Possible": 21089, "Actual": 32232, "Precision": 0.7066887757950097, "Recall": 0.7181465602989526, "F1": 0.7113177901814999}, "Strict": {"Correct": 15451, "Incorrect": 872, "Partial": 0, "Missed": 4766, "Spurious": 15909, "Possible": 21089, "Actual": 32232, "Precision": 0.6891727637655874, "Recall": 0.6976583231635434, "F1": 0.6926341700488793}, "Exact": {"Correct": 15482, "Incorrect": 841, "Partial": 0, "Missed": 4766, "Spurious": 15909, "Possible": 21089, "Actual": 32232, "Precision": 0.6914030882232901, "Recall": 0.7006686719279525, "F1": 0.695139381259427}}, "Scores_per_tag": {"Subjects": {"Ent_type": {"Correct": 5587, "Incorrect": 20, "Partial": 0, "Missed": 1476, "Spurious": 5220, "Possible": 7083, "Actual": 10827, "Precision": 0.49734371139115396, "Recall": 0.5041697553743514, "F1": 0.49991969360019767}, "Partial": {"Correct": 5390, "Incorrect": 0, "Partial": 217, "Missed": 1476, "Spurious": 5220, "Possible": 7083, "Actual": 10827, "Precision": 0.4941160118606375, "Recall": 0.499351371386212, "F1": 0.4960866073634791}, "Strict": {"Correct": 5370, "Incorrect": 237, "Partial": 0, "Missed": 1476, "Spurious": 5220, "Possible": 7083, "Actual": 10827, "Precision": 0.48857178156659253, "Recall": 0.49082653817642696, "F1": 0.48947368421052634}, "Exact": {"Correct": 5390, "Incorrect": 217, "Partial": 0, "Missed": 1476, "Spurious": 5220, "Possible": 7083, "Actual": 10827, "Precision": 0.4897300469483568, "Recall": 0.49267976278724984, "F1": 0.49086360266864343}}, "Predicates": {"Ent_type": {"Correct": 5419, "Incorrect": 2, "Partial": 0, "Missed": 1595, "Spurious": 5303, "Possible": 7016, "Actual": 10724, "Precision": 0.4890042006424512, "Recall": 0.4955522609340252, "F1": 0.4911693847294292}, "Partial": {"Correct": 5124, "Incorrect": 0, "Partial": 297, "Missed": 1595, "Spurious": 5303, "Possible": 7016, "Actual": 10724, "Precision": 0.4797496602421547, "Recall": 0.48362212750185324, "F1": 0.4810677662466024}, "Strict": {"Correct": 5124, "Incorrect": 297, "Partial": 0, "Missed": 1595, "Spurious": 5303, "Possible": 7016, "Actual": 10724, "Precision": 0.470402458611317, "Recall": 0.47150667160859894, "F1": 0.47084259945638746}, "Exact": {"Correct": 5124, "Incorrect": 297, "Partial": 0, "Missed": 1595, "Spurious": 5303, "Possible": 7016, "Actual": 10724, "Precision": 0.470402458611317, "Recall": 0.47150667160859894, "F1": 0.47084259945638746}}, "Objects": {"Ent_type": {"Correct": 5284, "Incorrect": 11, "Partial": 0, "Missed": 1695, "Spurious": 5386, "Possible": 6990, "Actual": 10681, "Precision": 0.4797080729993999, "Recall": 0.48387694588584135, "F1": 0.48093053937661057}, "Partial": {"Correct": 4968, "Incorrect": 0, "Partial": 327, "Missed": 1695, "Spurious": 5386, "Possible": 6990, "Actual": 10681, "Precision": 0.4681249779378023, "Recall": 0.471182357301705, "F1": 0.4690759689717251}, "Strict": {"Correct": 4957, "Incorrect": 338, "Partial": 0, "Missed": 1695, "Spurious": 5386, "Possible": 6990, "Actual": 10681, "Precision": 0.4552446256486286, "Recall": 0.4564492216456634, "F1": 0.4556770447244873}, "Exact": {"Correct": 4968, "Incorrect": 327, "Partial": 0, "Missed": 1695, "Spurious": 5386, "Possible": 6990, "Actual": 10681, "Precision": 0.4558932542624166, "Recall": 0.45746849518161603, "F1": 0.4564492216456634}}}, "Exact_match": {"Precision": 0.2002156630765484, "Recall": 0.1510258357618878, "F1": 0.16200756197722196}}