{"Total_scores": {"Ent_type": {"Correct": 16687, "Incorrect": 63, "Partial": 0, "Missed": 4457, "Spurious": 15673, "Possible": 21207, "Actual": 32423, "Precision": 0.7114032850417943, "Recall": 0.7258443084243456, "F1": 0.717299420299457}, "Partial": {"Correct": 15687, "Incorrect": 0, "Partial": 1063, "Missed": 4457, "Spurious": 15673, "Possible": 21207, "Actual": 32423, "Precision": 0.6977484108978127, "Recall": 0.7099197626904712, "F1": 0.7025876213330223}, "Strict": {"Correct": 15632, "Incorrect": 1118, "Partial": 0, "Missed": 4457, "Spurious": 15673, "Possible": 21207, "Actual": 32423, "Precision": 0.6772351450810544, "Recall": 0.6866635420147129, "F1": 0.6810798929985667}, "Exact": {"Correct": 15687, "Incorrect": 1063, "Partial": 0, "Missed": 4457, "Spurious": 15673, "Possible": 21207, "Actual": 32423, "Precision": 0.6805665365562974, "Recall": 0.6902261345738252, "F1": 0.6843809178309141}}, "Scores_per_tag": {"Subjects": {"Ent_type": {"Correct": 6027, "Incorrect": 46, "Partial": 0, "Missed": 1159, "Spurious": 5010, "Possible": 7232, "Actual": 11083, "Precision": 0.5270405451874082, "Recall": 0.5376535684141424, "F1": 0.5311857200912814}, "Partial": {"Correct": 5720, "Incorrect": 0, "Partial": 353, "Missed": 1159, "Spurious": 5010, "Possible": 7232, "Actual": 11083, "Precision": 0.5239769920910313, "Recall": 0.5323079808684236, "F1": 0.5272109162524617}, "Strict": {"Correct": 5677, "Incorrect": 396, "Partial": 0, "Missed": 1159, "Spurious": 5010, "Possible": 7232, "Actual": 11083, "Precision": 0.5140204445278065, "Recall": 0.5186157741723717, "F1": 0.5158585763856326}, "Exact": {"Correct": 5720, "Incorrect": 353, "Partial": 0, "Missed": 1159, "Spurious": 5010, "Possible": 7232, "Actual": 11083, "Precision": 0.5173497139641752, "Recall": 0.5226484103910719, "F1": 0.5194223014161118}}, "Predicates": {"Ent_type": {"Correct": 5393, "Incorrect": 6, "Partial": 0, "Missed": 1590, "Spurious": 5279, "Possible": 6989, "Actual": 10678, "Precision": 0.49368689236925195, "Recall": 0.5016411891587733, "F1": 0.49622414847961127}, "Partial": {"Correct": 4992, "Incorrect": 0, "Partial": 407, "Missed": 1590, "Spurious": 5279, "Possible": 6989, "Actual": 10678, "Precision": 0.479655506580387, "Recall": 0.48415080183813186, "F1": 0.48111806290555237}, "Strict": {"Correct": 4991, "Incorrect": 408, "Partial": 0, "Missed": 1590, "Spurious": 5279, "Possible": 6989, "Actual": 10678, "Precision": 0.4652958829597674, "Recall": 0.46600393885398106, "F1": 0.46557432688915384}, "Exact": {"Correct": 4992, "Incorrect": 407, "Partial": 0, "Missed": 1590, "Spurious": 5279, "Possible": 6989, "Actual": 10678, "Precision": 0.46534277407858954, "Recall": 0.46609772109162523, "F1": 0.4656368483809167}}, "Objects": {"Ent_type": {"Correct": 5267, "Incorrect": 11, "Partial": 0, "Missed": 1708, "Spurious": 5384, "Possible": 6986, "Actual": 10662, "Precision": 0.48426110761288477, "Recall": 0.4886992403638751, "F1": 0.4855560535622432}, "Partial": {"Correct": 4975, "Incorrect": 0, "Partial": 303, "Missed": 1708, "Spurious": 5384, "Possible": 6986, "Actual": 10662, "Precision": 0.47360465427847964, "Recall": 0.47683578730188503, "F1": 0.4745983400137953}, "Strict": {"Correct": 4964, "Incorrect": 314, "Partial": 0, "Missed": 1708, "Spurious": 5384, "Possible": 6986, "Actual": 10662, "Precision": 0.46172903185470004, "Recall": 0.46290912501172277, "F1": 0.4621401106630404}, "Exact": {"Correct": 4975, "Incorrect": 303, "Partial": 0, "Missed": 1708, "Spurious": 5384, "Possible": 6986, "Actual": 10662, "Precision": 0.4623386163993873, "Recall": 0.46394072962580885, "F1": 0.46289036856419397}}}, "Exact_match": {"Precision": 0.17717869674584263, "Recall": 0.13507232110269288, "F1": 0.14379769990002847}}