{"Total_scores": {"Ent_type": {"Correct": 15773, "Incorrect": 70, "Partial": 0, "Missed": 5226, "Spurious": 14819, "Possible": 21069, "Actual": 30662, "Precision": 0.702355024659183, "Recall": 0.7171687577304978, "F1": 0.7083954157524487}, "Partial": {"Correct": 14855, "Incorrect": 0, "Partial": 988, "Missed": 5226, "Spurious": 14819, "Possible": 21069, "Actual": 30662, "Precision": 0.6891394084463041, "Recall": 0.7027452398979531, "F1": 0.6946005940467863}, "Strict": {"Correct": 14798, "Incorrect": 1045, "Partial": 0, "Missed": 5226, "Spurious": 14819, "Possible": 21069, "Actual": 30662, "Precision": 0.667430510979052, "Recall": 0.6769641106099527, "F1": 0.6713326672721762}, "Exact": {"Correct": 14855, "Incorrect": 988, "Partial": 0, "Missed": 5226, "Spurious": 14819, "Possible": 21069, "Actual": 30662, "Precision": 0.6713646400973814, "Recall": 0.6821840351827437, "F1": 0.6757047178573785}}, "Scores_per_tag": {"Subjects": {"Ent_type": {"Correct": 5689, "Incorrect": 35, "Partial": 0, "Missed": 1388, "Spurious": 4626, "Possible": 7112, "Actual": 10350, "Precision": 0.5239938080495355, "Recall": 0.5323142414860681, "F1": 0.5271478328173375}, "Partial": {"Correct": 5474, "Incorrect": 0, "Partial": 250, "Missed": 1388, "Spurious": 4626, "Possible": 7112, "Actual": 10350, "Precision": 0.5214702657378741, "Recall": 0.5281298374613003, "F1": 0.5239809081527348}, "Strict": {"Correct": 5443, "Incorrect": 281, "Partial": 0, "Missed": 1388, "Spurious": 4626, "Possible": 7112, "Actual": 10350, "Precision": 0.5145446336429309, "Recall": 0.5175599845201239, "F1": 0.5157507739938081}, "Exact": {"Correct": 5474, "Incorrect": 250, "Partial": 0, "Missed": 1388, "Spurious": 4626, "Possible": 7112, "Actual": 10350, "Precision": 0.516624742002064, "Recall": 0.5205592105263158, "F1": 0.5181372549019608}}, "Predicates": {"Ent_type": {"Correct": 5047, "Incorrect": 9, "Partial": 0, "Missed": 1942, "Spurious": 5126, "Possible": 6998, "Actual": 10182, "Precision": 0.47482423890608877, "Recall": 0.48316563467492263, "F1": 0.4775283797729618}, "Partial": {"Correct": 4655, "Incorrect": 0, "Partial": 401, "Missed": 1942, "Spurious": 5126, "Possible": 6998, "Actual": 10182, "Precision": 0.46104795536635707, "Recall": 0.4659200851393189, "F1": 0.4626580237358101}, "Strict": {"Correct": 4654, "Incorrect": 402, "Partial": 0, "Missed": 1942, "Spurious": 5126, "Possible": 6998, "Actual": 10182, "Precision": 0.4467879256965944, "Recall": 0.44770704334365324, "F1": 0.44714267285861714}, "Exact": {"Correct": 4655, "Incorrect": 401, "Partial": 0, "Missed": 1942, "Spurious": 5126, "Possible": 6998, "Actual": 10182, "Precision": 0.44683630030959753, "Recall": 0.44780379256965946, "F1": 0.44720717234262125}}, "Objects": {"Ent_type": {"Correct": 5037, "Incorrect": 26, "Partial": 0, "Missed": 1896, "Spurious": 5067, "Possible": 6959, "Actual": 10130, "Precision": 0.47860874613003096, "Recall": 0.4834558823529412, "F1": 0.47999418666988325}, "Partial": {"Correct": 4726, "Incorrect": 0, "Partial": 337, "Missed": 1896, "Spurious": 5067, "Possible": 6959, "Actual": 10130, "Precision": 0.4667698658410733, "Recall": 0.47063660990712075, "F1": 0.4679576196507311}, "Strict": {"Correct": 4701, "Incorrect": 362, "Partial": 0, "Missed": 1896, "Spurious": 5067, "Possible": 6959, "Actual": 10130, "Precision": 0.452125257997936, "Recall": 0.4528831269349845, "F1": 0.452405830753354}, "Exact": {"Correct": 4726, "Incorrect": 337, "Partial": 0, "Missed": 1896, "Spurious": 5067, "Possible": 6959, "Actual": 10130, "Precision": 0.4534797471620227, "Recall": 0.4553018575851393, "F1": 0.45411506707946336}}}, "Exact_match": {"Precision": 0.15726446016444492, "Recall": 0.1082502956227077, "F1": 0.11881543387407394}}