{"Total_scores": {"Ent_type": {"Correct": 15895, "Incorrect": 51, "Partial": 0, "Missed": 5139, "Spurious": 12724, "Possible": 21085, "Actual": 28670, "Precision": 0.7263274607780331, "Recall": 0.7426920831497529, "F1": 0.733022895329406}, "Partial": {"Correct": 14894, "Incorrect": 0, "Partial": 1052, "Missed": 5139, "Spurious": 12724, "Possible": 21085, "Actual": 28670, "Precision": 0.7094819511598492, "Recall": 0.7238375648643118, "F1": 0.7152995941198236}, "Strict": {"Correct": 14847, "Incorrect": 1099, "Partial": 0, "Missed": 5139, "Spurious": 12724, "Possible": 21085, "Actual": 28670, "Precision": 0.6867177949015044, "Recall": 0.6974887342087833, "F1": 0.691134095124268}, "Exact": {"Correct": 14894, "Incorrect": 1052, "Partial": 0, "Missed": 5139, "Spurious": 12724, "Possible": 21085, "Actual": 28670, "Precision": 0.6896273999584095, "Recall": 0.7011861721306517, "F1": 0.6943054757540793}}, "Scores_per_tag": {"Subjects": {"Ent_type": {"Correct": 5692, "Incorrect": 36, "Partial": 0, "Missed": 1398, "Spurious": 3965, "Possible": 7126, "Actual": 9693, "Precision": 0.5480045879296968, "Recall": 0.5570286408258274, "F1": 0.5514354147690854}, "Partial": {"Correct": 5448, "Incorrect": 0, "Partial": 280, "Missed": 1398, "Spurious": 3965, "Possible": 7126, "Actual": 9693, "Precision": 0.5439985831393583, "Recall": 0.55125999392774, "F1": 0.5467361603076611}, "Strict": {"Correct": 5412, "Incorrect": 316, "Partial": 0, "Missed": 1398, "Spurious": 3965, "Possible": 7126, "Actual": 9693, "Precision": 0.5350335661032959, "Recall": 0.5382046351583848, "F1": 0.5363019937253315}, "Exact": {"Correct": 5448, "Incorrect": 280, "Partial": 0, "Missed": 1398, "Spurious": 3965, "Possible": 7126, "Actual": 9693, "Precision": 0.537513072226158, "Recall": 0.5418479910940188, "F1": 0.5391694497857842}}, "Predicates": {"Ent_type": {"Correct": 5062, "Incorrect": 4, "Partial": 0, "Missed": 1929, "Spurious": 4451, "Possible": 6995, "Actual": 9517, "Precision": 0.4978865162095604, "Recall": 0.5072361097054954, "F1": 0.5009074655061904}, "Partial": {"Correct": 4687, "Incorrect": 0, "Partial": 379, "Missed": 1929, "Spurious": 4451, "Possible": 6995, "Actual": 9517, "Precision": 0.4845174240124144, "Recall": 0.4897277603481429, "F1": 0.48623283743210877}, "Strict": {"Correct": 4687, "Incorrect": 379, "Partial": 0, "Missed": 1929, "Spurious": 4451, "Possible": 6995, "Actual": 9517, "Precision": 0.4709459231521776, "Recall": 0.4718145936646089, "F1": 0.47128833114057284}, "Exact": {"Correct": 4687, "Incorrect": 379, "Partial": 0, "Missed": 1929, "Spurious": 4451, "Possible": 6995, "Actual": 9517, "Precision": 0.4709459231521776, "Recall": 0.4718145936646089, "F1": 0.47128833114057284}}, "Objects": {"Ent_type": {"Correct": 5141, "Incorrect": 11, "Partial": 0, "Missed": 1812, "Spurious": 4308, "Possible": 6964, "Actual": 9460, "Precision": 0.5105590290693013, "Recall": 0.5160408865499443, "F1": 0.5120643668310908}, "Partial": {"Correct": 4759, "Incorrect": 0, "Partial": 393, "Missed": 1812, "Spurious": 4308, "Possible": 6964, "Actual": 9460, "Precision": 0.4947753482896687, "Recall": 0.49833012852950104, "F1": 0.4958156061460383}, "Strict": {"Correct": 4748, "Incorrect": 404, "Partial": 0, "Missed": 1812, "Spurious": 4308, "Possible": 6964, "Actual": 9460, "Precision": 0.47757480686840065, "Recall": 0.4783928752150592, "F1": 0.4778801066018959}, "Exact": {"Correct": 4759, "Incorrect": 393, "Partial": 0, "Missed": 1812, "Spurious": 4308, "Possible": 6964, "Actual": 9460, "Precision": 0.4782832371892184, "Recall": 0.4795061228620585, "F1": 0.47872347603144083}}}, "Exact_match": {"Precision": 0.20668924789182336, "Recall": 0.1449030265095151, "F1": 0.15856402510153708}}