{"Total_scores": {"Ent_type": {"Correct": 16941, "Incorrect": 30, "Partial": 0, "Missed": 4111, "Spurious": 10143, "Possible": 21082, "Actual": 27114, "Precision": 0.7500274616140206, "Recall": 0.7623966222901635, "F1": 0.7552684256549181}, "Partial": {"Correct": 16176, "Incorrect": 0, "Partial": 795, "Missed": 4111, "Spurious": 10143, "Possible": 21082, "Actual": 27114, "Precision": 0.7378731842695845, "Recall": 0.7488643916631378, "F1": 0.742486751589181}, "Strict": {"Correct": 16148, "Incorrect": 823, "Partial": 0, "Missed": 4111, "Spurious": 10143, "Possible": 21082, "Actual": 27114, "Precision": 0.7203614654598182, "Recall": 0.7285092862056965, "F1": 0.723815330633697}, "Exact": {"Correct": 16176, "Incorrect": 795, "Partial": 0, "Missed": 4111, "Spurious": 10143, "Possible": 21082, "Actual": 27114, "Precision": 0.7230379652940907, "Recall": 0.7319151713749228, "F1": 0.726757031366581}}, "Scores_per_tag": {"Subjects": {"Ent_type": {"Correct": 5829, "Incorrect": 20, "Partial": 0, "Missed": 1187, "Spurious": 3209, "Possible": 7036, "Actual": 9058, "Precision": 0.6255753157332744, "Recall": 0.6330498177399757, "F1": 0.6283073750874479}, "Partial": {"Correct": 5667, "Incorrect": 0, "Partial": 182, "Missed": 1187, "Spurious": 3209, "Possible": 7036, "Actual": 9058, "Precision": 0.6226112890754446, "Recall": 0.6279133988733017, "F1": 0.6245590780220185}, "Strict": {"Correct": 5647, "Incorrect": 202, "Partial": 0, "Missed": 1187, "Spurious": 3209, "Possible": 7036, "Actual": 9058, "Precision": 0.6165543650355315, "Recall": 0.6183585551750801, "F1": 0.6172760410913509}, "Exact": {"Correct": 5667, "Incorrect": 182, "Partial": 0, "Missed": 1187, "Spurious": 3209, "Possible": 7036, "Actual": 9058, "Precision": 0.6181008137265731, "Recall": 0.6205677675908539, "F1": 0.61904341102397}}, "Predicates": {"Ent_type": {"Correct": 5663, "Incorrect": 0, "Partial": 0, "Missed": 1358, "Spurious": 3390, "Possible": 7021, "Actual": 9053, "Precision": 0.6086114573963906, "Recall": 0.6171434883464045, "F1": 0.6114823815309842}, "Partial": {"Correct": 5324, "Incorrect": 0, "Partial": 339, "Missed": 1358, "Spurious": 3390, "Possible": 7021, "Actual": 9053, "Precision": 0.595548962985172, "Recall": 0.6005191649177068, "F1": 0.5972651791303067}, "Strict": {"Correct": 5324, "Incorrect": 339, "Partial": 0, "Missed": 1358, "Spurious": 3390, "Possible": 7021, "Actual": 9053, "Precision": 0.5824864685739534, "Recall": 0.5838948414890092, "F1": 0.5830479767296293}, "Exact": {"Correct": 5324, "Incorrect": 339, "Partial": 0, "Missed": 1358, "Spurious": 3390, "Possible": 7021, "Actual": 9053, "Precision": 0.5824864685739534, "Recall": 0.5838948414890092, "F1": 0.5830479767296293}}, "Objects": {"Ent_type": {"Correct": 5449, "Incorrect": 10, "Partial": 0, "Missed": 1566, "Spurious": 3544, "Possible": 7025, "Actual": 9003, "Precision": 0.5872270702161346, "Recall": 0.5917375455650061, "F1": 0.5888361132589565}, "Partial": {"Correct": 5185, "Incorrect": 0, "Partial": 274, "Missed": 1566, "Spurious": 3544, "Possible": 7025, "Actual": 9003, "Precision": 0.5766366581980191, "Recall": 0.5802496410029825, "F1": 0.577926285945727}, "Strict": {"Correct": 5177, "Incorrect": 282, "Partial": 0, "Missed": 1566, "Spurious": 3544, "Possible": 7025, "Actual": 9003, "Precision": 0.5647207187304393, "Recall": 0.5667734452667624, "F1": 0.5654700099414559}, "Exact": {"Correct": 5185, "Incorrect": 274, "Partial": 0, "Missed": 1566, "Spurious": 3544, "Possible": 7025, "Actual": 9003, "Precision": 0.565328252144777, "Recall": 0.567657130233072, "F1": 0.5661695938731176}}}, "Exact_match": {"Precision": 0.22039030520514893, "Recall": 0.1737895085812618, "F1": 0.1829753963777453}}