{"Total_scores": {"Ent_type": {"Correct": 15526, "Incorrect": 60, "Partial": 0, "Missed": 5439, "Spurious": 13765, "Possible": 21025, "Actual": 29351, "Precision": 0.6924849435911237, "Recall": 0.7067741621127054, "F1": 0.6982793793462678}, "Partial": {"Correct": 14551, "Incorrect": 0, "Partial": 1035, "Missed": 5439, "Spurious": 13765, "Possible": 21025, "Actual": 29351, "Precision": 0.6772064677306274, "Recall": 0.690072478546888, "F1": 0.6823767537071144}, "Strict": {"Correct": 14497, "Incorrect": 1089, "Partial": 0, "Missed": 5439, "Spurious": 13765, "Possible": 21025, "Actual": 29351, "Precision": 0.6541265854466363, "Recall": 0.6633301466330537, "F1": 0.6578653290559924}, "Exact": {"Correct": 14551, "Incorrect": 1035, "Partial": 0, "Missed": 5439, "Spurious": 13765, "Possible": 21025, "Actual": 29351, "Precision": 0.6579426773107213, "Recall": 0.6682717218942065, "F1": 0.66208983938696}}, "Scores_per_tag": {"Subjects": {"Ent_type": {"Correct": 5635, "Incorrect": 33, "Partial": 0, "Missed": 1415, "Spurious": 4231, "Possible": 7083, "Actual": 9899, "Precision": 0.5382979430432326, "Recall": 0.5468049047951351, "F1": 0.5414049779018376}, "Partial": {"Correct": 5437, "Incorrect": 0, "Partial": 231, "Missed": 1415, "Spurious": 4231, "Possible": 7083, "Actual": 9899, "Precision": 0.5360715116472269, "Recall": 0.5423188116837803, "F1": 0.5383727112617552}, "Strict": {"Correct": 5405, "Incorrect": 263, "Partial": 0, "Missed": 1415, "Spurious": 4231, "Possible": 7083, "Actual": 9899, "Precision": 0.5288605323497159, "Recall": 0.5313528063004685, "F1": 0.5298574419300169}, "Exact": {"Correct": 5437, "Incorrect": 231, "Partial": 0, "Missed": 1415, "Spurious": 4231, "Possible": 7083, "Actual": 9899, "Precision": 0.5313029608214535, "Recall": 0.534542916957432, "F1": 0.5325490977968298}}, "Predicates": {"Ent_type": {"Correct": 4895, "Incorrect": 7, "Partial": 0, "Missed": 2079, "Spurious": 4823, "Possible": 6981, "Actual": 9725, "Precision": 0.47577011265078256, "Recall": 0.4843983650682883, "F1": 0.4785764131193301}, "Partial": {"Correct": 4432, "Incorrect": 0, "Partial": 470, "Missed": 2079, "Spurious": 4823, "Possible": 6981, "Actual": 9725, "Precision": 0.45767454225235105, "Recall": 0.46256604525969497, "F1": 0.45928621274050446}, "Strict": {"Correct": 4429, "Incorrect": 473, "Partial": 0, "Missed": 2079, "Spurious": 4823, "Possible": 6981, "Actual": 9725, "Precision": 0.439080517063769, "Recall": 0.43973681587080055, "F1": 0.4393314059748114}, "Exact": {"Correct": 4432, "Incorrect": 470, "Partial": 0, "Missed": 2079, "Spurious": 4823, "Possible": 6981, "Actual": 9725, "Precision": 0.4392300535008141, "Recall": 0.44003588874489086, "F1": 0.43953078789087163}}, "Objects": {"Ent_type": {"Correct": 4996, "Incorrect": 20, "Partial": 0, "Missed": 1945, "Spurious": 4711, "Possible": 6961, "Actual": 9727, "Precision": 0.4900782225450753, "Recall": 0.49496560661947964, "F1": 0.4913225422546527}, "Partial": {"Correct": 4682, "Incorrect": 0, "Partial": 334, "Missed": 1945, "Spurious": 4711, "Possible": 6961, "Actual": 9727, "Precision": 0.4774976564491568, "Recall": 0.4810836407137873, "F1": 0.4785032704532256}, "Strict": {"Correct": 4663, "Incorrect": 353, "Partial": 0, "Missed": 1945, "Spurious": 4711, "Possible": 6961, "Actual": 9727, "Precision": 0.46262419831854584, "Recall": 0.4633137274449207, "F1": 0.4628594215076121}, "Exact": {"Correct": 4682, "Incorrect": 334, "Partial": 0, "Missed": 1945, "Spurious": 4711, "Possible": 6961, "Actual": 9727, "Precision": 0.463720798856877, "Recall": 0.4652078556474928, "F1": 0.46422186460069026}}}, "Exact_match": {"Precision": 0.18347068691077512, "Recall": 0.12612514970716698, "F1": 0.13921312760204937}}