{"Total_scores": {"Ent_type": {"Correct": 16232, "Incorrect": 68, "Partial": 0, "Missed": 4826, "Spurious": 15435, "Possible": 21126, "Actual": 31735, "Precision": 0.715153103377158, "Recall": 0.7287899362509127, "F1": 0.7207445606348816}, "Partial": {"Correct": 15299, "Incorrect": 0, "Partial": 1001, "Missed": 4826, "Spurious": 15435, "Possible": 21126, "Actual": 31735, "Precision": 0.701561590713171, "Recall": 0.7135732734689018, "F1": 0.7063912363344786}, "Strict": {"Correct": 15243, "Incorrect": 1057, "Partial": 0, "Missed": 4826, "Spurious": 15435, "Possible": 21126, "Actual": 31735, "Precision": 0.6795150511557249, "Recall": 0.688776612729987, "F1": 0.6833083714939617}, "Exact": {"Correct": 15299, "Incorrect": 1001, "Partial": 0, "Missed": 4826, "Spurious": 15435, "Possible": 21126, "Actual": 31735, "Precision": 0.6833568490891287, "Recall": 0.6930864314950801, "F1": 0.6872578285389608}}, "Scores_per_tag": {"Subjects": {"Ent_type": {"Correct": 5761, "Incorrect": 47, "Partial": 0, "Missed": 1349, "Spurious": 4960, "Possible": 7157, "Actual": 10768, "Precision": 0.5143794543342438, "Recall": 0.5218988414806442, "F1": 0.5173463941477504}, "Partial": {"Correct": 5550, "Incorrect": 0, "Partial": 258, "Missed": 1349, "Spurious": 4960, "Possible": 7157, "Actual": 10768, "Precision": 0.5129744748987473, "Recall": 0.5193557502119243, "F1": 0.5154469247433362}, "Strict": {"Correct": 5511, "Incorrect": 297, "Partial": 0, "Missed": 1349, "Spurious": 4960, "Possible": 7157, "Actual": 10768, "Precision": 0.5052588615742049, "Recall": 0.5087124423095036, "F1": 0.5066402938683244}, "Exact": {"Correct": 5550, "Incorrect": 258, "Partial": 0, "Missed": 1349, "Spurious": 4960, "Possible": 7157, "Actual": 10768, "Precision": 0.5081787071049575, "Recall": 0.5123857963643214, "F1": 0.5098113089070987}}, "Predicates": {"Ent_type": {"Correct": 5310, "Incorrect": 7, "Partial": 0, "Missed": 1680, "Spurious": 5182, "Possible": 6997, "Actual": 10499, "Precision": 0.48866283633166935, "Recall": 0.4953376660073467, "F1": 0.49088030427391827}, "Partial": {"Correct": 4860, "Incorrect": 0, "Partial": 457, "Missed": 1680, "Spurious": 5182, "Possible": 6997, "Actual": 10499, "Precision": 0.4716900568271012, "Recall": 0.47560516153338983, "F1": 0.47301721856680884}, "Strict": {"Correct": 4857, "Incorrect": 460, "Partial": 0, "Missed": 1680, "Spurious": 5182, "Possible": 6997, "Actual": 10499, "Precision": 0.4542463344949923, "Recall": 0.4550720542526137, "F1": 0.4545701637535489}, "Exact": {"Correct": 4860, "Incorrect": 457, "Partial": 0, "Missed": 1680, "Spurious": 5182, "Possible": 6997, "Actual": 10499, "Precision": 0.45437191924900316, "Recall": 0.4553075256663841, "F1": 0.45473342393376304}}, "Objects": {"Ent_type": {"Correct": 5161, "Incorrect": 14, "Partial": 0, "Missed": 1797, "Spurious": 5293, "Possible": 6972, "Actual": 10468, "Precision": 0.47779437290598636, "Recall": 0.4815861354431572, "F1": 0.4788876330413488}, "Partial": {"Correct": 4889, "Incorrect": 0, "Partial": 286, "Missed": 1797, "Spurious": 5293, "Possible": 6972, "Actual": 10468, "Precision": 0.46775970254353977, "Recall": 0.470566073278704, "F1": 0.46862029449624815}, "Strict": {"Correct": 4875, "Incorrect": 300, "Partial": 0, "Missed": 1797, "Spurious": 5293, "Possible": 6972, "Actual": 10468, "Precision": 0.45593544943643843, "Recall": 0.45690873128002263, "F1": 0.4562808075099683}, "Exact": {"Correct": 4889, "Incorrect": 286, "Partial": 0, "Missed": 1797, "Spurious": 5293, "Possible": 6972, "Actual": 10468, "Precision": 0.45683024080876583, "Recall": 0.4582273711971367, "F1": 0.4573168817305579}}}, "Exact_match": {"Precision": 0.17989268018925486, "Recall": 0.13667774943609134, "F1": 0.14727782671474443}}