{"Total_scores": {"Ent_type": {"Correct": 15459, "Incorrect": 67, "Partial": 0, "Missed": 5524, "Spurious": 12544, "Possible": 21050, "Actual": 28070, "Precision": 0.6940721286621192, "Recall": 0.7092275707616073, "F1": 0.7002927039355459}, "Partial": {"Correct": 14503, "Incorrect": 0, "Partial": 1023, "Missed": 5524, "Spurious": 12544, "Possible": 21050, "Actual": 28070, "Precision": 0.6799652717779721, "Recall": 0.6938695773014415, "F1": 0.6855689706781323}, "Strict": {"Correct": 14442, "Incorrect": 1084, "Partial": 0, "Missed": 5524, "Spurious": 12544, "Possible": 21050, "Actual": 28070, "Precision": 0.6558398510016976, "Recall": 0.6654568718306135, "F1": 0.6598012559181498}, "Exact": {"Correct": 14503, "Incorrect": 1023, "Partial": 0, "Missed": 5524, "Spurious": 12544, "Possible": 21050, "Actual": 28070, "Precision": 0.660614126268439, "Recall": 0.6716831310209267, "F1": 0.6650658542165662}}, "Scores_per_tag": {"Subjects": {"Ent_type": {"Correct": 5505, "Incorrect": 32, "Partial": 0, "Missed": 1547, "Spurious": 3942, "Possible": 7084, "Actual": 9479, "Precision": 0.549445374633738, "Recall": 0.5590205106739221, "F1": 0.5529056788056369}, "Partial": {"Correct": 5285, "Incorrect": 0, "Partial": 252, "Missed": 1547, "Spurious": 3942, "Possible": 7084, "Actual": 9479, "Precision": 0.5462449420957165, "Recall": 0.5534480954374215, "F1": 0.5488750523231477}, "Strict": {"Correct": 5256, "Incorrect": 281, "Partial": 0, "Missed": 1547, "Spurious": 3942, "Possible": 7084, "Actual": 9479, "Precision": 0.5386493651458072, "Recall": 0.5414922561741314, "F1": 0.5397865215571369}, "Exact": {"Correct": 5285, "Incorrect": 252, "Partial": 0, "Missed": 1547, "Spurious": 3942, "Possible": 7084, "Actual": 9479, "Precision": 0.54074229105623, "Recall": 0.5445269987442445, "F1": 0.5421933863541231}}, "Predicates": {"Ent_type": {"Correct": 5058, "Incorrect": 7, "Partial": 0, "Missed": 1946, "Spurious": 4274, "Possible": 7011, "Actual": 9339, "Precision": 0.5135499511650621, "Recall": 0.5224989535370448, "F1": 0.5165136837489286}, "Partial": {"Correct": 4593, "Incorrect": 0, "Partial": 472, "Missed": 1946, "Spurious": 4274, "Possible": 7011, "Actual": 9339, "Precision": 0.49490372540812055, "Recall": 0.5001569694432817, "F1": 0.4966804700113616}, "Strict": {"Correct": 4589, "Incorrect": 476, "Partial": 0, "Missed": 1946, "Spurious": 4274, "Possible": 7011, "Actual": 9339, "Precision": 0.4756296218780522, "Recall": 0.47682084554206783, "F1": 0.47609380294604237}, "Exact": {"Correct": 4593, "Incorrect": 472, "Partial": 0, "Missed": 1946, "Spurious": 4274, "Possible": 7011, "Actual": 9339, "Precision": 0.4758737965676015, "Recall": 0.4771871075763918, "F1": 0.47637983615380014}}, "Objects": {"Ent_type": {"Correct": 4896, "Incorrect": 28, "Partial": 0, "Missed": 2031, "Spurious": 4328, "Possible": 6955, "Actual": 9252, "Precision": 0.5044370482315229, "Recall": 0.509104227710339, "F1": 0.5057504045417398}, "Partial": {"Correct": 4625, "Incorrect": 0, "Partial": 299, "Missed": 2031, "Spurious": 4328, "Possible": 6955, "Actual": 9252, "Precision": 0.4932320234878837, "Recall": 0.49720071159480955, "F1": 0.4944441990617168}, "Strict": {"Correct": 4597, "Incorrect": 327, "Partial": 0, "Missed": 2031, "Spurious": 4328, "Possible": 6955, "Actual": 9252, "Precision": 0.47878296358308914, "Recall": 0.4794370029300963, "F1": 0.4790219059578624}, "Exact": {"Correct": 4625, "Incorrect": 299, "Partial": 0, "Missed": 2031, "Spurious": 4328, "Possible": 6955, "Actual": 9252, "Precision": 0.4804049811636668, "Recall": 0.4823670992046882, "F1": 0.48107994976977814}}}, "Exact_match": {"Precision": 0.17933200032941235, "Recall": 0.12703400445733676, "F1": 0.13861913125281275}}