{"Total_scores": {"Ent_type": {"Correct": 15090, "Incorrect": 97, "Partial": 0, "Missed": 5803, "Spurious": 18331, "Possible": 20990, "Actual": 33518, "Precision": 0.680054708023193, "Recall": 0.6924452919792575, "F1": 0.6850607260336699}, "Partial": {"Correct": 14174, "Incorrect": 0, "Partial": 1013, "Missed": 5803, "Spurious": 18331, "Possible": 20990, "Actual": 33518, "Precision": 0.6667165921394743, "Recall": 0.6783045825198862, "F1": 0.671317202992155}, "Strict": {"Correct": 14087, "Incorrect": 1100, "Partial": 0, "Missed": 5803, "Spurious": 18331, "Possible": 20990, "Actual": 33518, "Precision": 0.64126116180336, "Recall": 0.6495374441682953, "F1": 0.6446749325492382}, "Exact": {"Correct": 14174, "Incorrect": 1013, "Partial": 0, "Missed": 5803, "Spurious": 18331, "Possible": 20990, "Actual": 33518, "Precision": 0.6471333966647883, "Recall": 0.6565841835273349, "F1": 0.6509055528243617}}, "Scores_per_tag": {"Subjects": {"Ent_type": {"Correct": 5453, "Incorrect": 55, "Partial": 0, "Missed": 1563, "Spurious": 5767, "Possible": 7071, "Actual": 11275, "Precision": 0.4536308339819539, "Recall": 0.45922338493470555, "F1": 0.45576984058347025}, "Partial": {"Correct": 5307, "Incorrect": 0, "Partial": 201, "Missed": 1563, "Spurious": 5767, "Possible": 7071, "Actual": 11275, "Precision": 0.453039868546225, "Recall": 0.4583801781544582, "F1": 0.45502608896191876}, "Strict": {"Correct": 5254, "Incorrect": 254, "Partial": 0, "Missed": 1563, "Spurious": 5767, "Possible": 7071, "Actual": 11275, "Precision": 0.44613566260197757, "Recall": 0.4481968347314711, "F1": 0.44696013145377494}, "Exact": {"Correct": 5307, "Incorrect": 201, "Partial": 0, "Missed": 1563, "Spurious": 5767, "Possible": 7071, "Actual": 11275, "Precision": 0.44924904148289085, "Recall": 0.4527804203061489, "F1": 0.45056357923260976}}, "Predicates": {"Ent_type": {"Correct": 4745, "Incorrect": 13, "Partial": 0, "Missed": 2225, "Spurious": 6404, "Possible": 6983, "Actual": 11162, "Precision": 0.39949984144829775, "Recall": 0.4070742886794085, "F1": 0.4019833376574707}, "Partial": {"Correct": 4258, "Incorrect": 0, "Partial": 500, "Missed": 2225, "Spurious": 6404, "Possible": 6983, "Actual": 11162, "Precision": 0.38289155063564817, "Recall": 0.3873994638069705, "F1": 0.38438698146386463}, "Strict": {"Correct": 4252, "Incorrect": 506, "Partial": 0, "Missed": 2225, "Spurious": 6404, "Possible": 6983, "Actual": 11162, "Precision": 0.3654616737294243, "Recall": 0.3660814667473839, "F1": 0.3656951771454928}, "Exact": {"Correct": 4258, "Incorrect": 500, "Partial": 0, "Missed": 2225, "Spurious": 6404, "Possible": 6983, "Actual": 11162, "Precision": 0.3657211219695004, "Recall": 0.3666003632275361, "F1": 0.36604110813226093}}, "Objects": {"Ent_type": {"Correct": 4892, "Incorrect": 29, "Partial": 0, "Missed": 2015, "Spurious": 6160, "Possible": 6936, "Actual": 11081, "Precision": 0.4171624456433762, "Recall": 0.4205655971633659, "F1": 0.41809740702761544}, "Partial": {"Correct": 4609, "Incorrect": 0, "Partial": 312, "Missed": 2015, "Spurious": 6160, "Possible": 6936, "Actual": 11081, "Precision": 0.40741586781001293, "Recall": 0.4102092882469947, "F1": 0.408253062244241}, "Strict": {"Correct": 4581, "Incorrect": 340, "Partial": 0, "Missed": 2015, "Spurious": 6160, "Possible": 6936, "Actual": 11081, "Precision": 0.3943829456023523, "Recall": 0.39492346276917756, "F1": 0.3945746490241863}, "Exact": {"Correct": 4609, "Incorrect": 312, "Partial": 0, "Missed": 2015, "Spurious": 6160, "Possible": 6936, "Actual": 11081, "Precision": 0.395982876416155, "Recall": 0.3973449796765545, "F1": 0.39644844186918043}}}, "Exact_match": {"Precision": 0.16732949622028023, "Recall": 0.11003253131681, "F1": 0.12292919353984295}}