{"Total_scores": {"Ent_type": {"Correct": 16860, "Incorrect": 39, "Partial": 0, "Missed": 4233, "Spurious": 10689, "Possible": 21132, "Actual": 27588, "Precision": 0.7510431857183077, "Recall": 0.7647272324209671, "F1": 0.7567436044405925}, "Partial": {"Correct": 15894, "Incorrect": 0, "Partial": 1005, "Missed": 4233, "Spurious": 10689, "Possible": 21132, "Actual": 27588, "Precision": 0.7347086186640651, "Recall": 0.7467223911844089, "F1": 0.7396605266149935}, "Strict": {"Correct": 15856, "Incorrect": 1043, "Partial": 0, "Missed": 4233, "Spurious": 10689, "Possible": 21132, "Actual": 27588, "Precision": 0.7139647793918182, "Recall": 0.7229622495634116, "F1": 0.7177185983865456}, "Exact": {"Correct": 15894, "Incorrect": 1005, "Partial": 0, "Missed": 4233, "Spurious": 10689, "Possible": 21132, "Actual": 27588, "Precision": 0.7161681545303775, "Recall": 0.7258382184617074, "F1": 0.7201465824788925}}, "Scores_per_tag": {"Subjects": {"Ent_type": {"Correct": 5910, "Incorrect": 25, "Partial": 0, "Missed": 1192, "Spurious": 3378, "Possible": 7127, "Actual": 9313, "Precision": 0.6138423609600464, "Recall": 0.6218185773330432, "F1": 0.6169675875571025}, "Partial": {"Correct": 5715, "Incorrect": 0, "Partial": 220, "Missed": 1192, "Spurious": 3378, "Possible": 7127, "Actual": 9313, "Precision": 0.6113226016967588, "Recall": 0.6178214052643028, "F1": 0.6138387354071496}, "Strict": {"Correct": 5690, "Incorrect": 245, "Partial": 0, "Missed": 1192, "Spurious": 3378, "Possible": 7127, "Actual": 9313, "Precision": 0.604887245304909, "Recall": 0.6083859038503372, "F1": 0.6062867087230803}, "Exact": {"Correct": 5715, "Incorrect": 220, "Partial": 0, "Missed": 1192, "Spurious": 3378, "Possible": 7127, "Actual": 9313, "Precision": 0.60684504386919, "Recall": 0.6111050685229498, "F1": 0.6084982959901385}}, "Predicates": {"Ent_type": {"Correct": 5556, "Incorrect": 0, "Partial": 0, "Missed": 1440, "Spurious": 3562, "Possible": 6996, "Actual": 9118, "Precision": 0.5911101442970053, "Recall": 0.5987600609092887, "F1": 0.5936516568776739}, "Partial": {"Correct": 5205, "Incorrect": 0, "Partial": 351, "Missed": 1440, "Spurious": 3562, "Possible": 6996, "Actual": 9118, "Precision": 0.576771082590095, "Recall": 0.5810582988905808, "F1": 0.5782267420781669}, "Strict": {"Correct": 5205, "Incorrect": 351, "Partial": 0, "Missed": 1440, "Spurious": 3562, "Possible": 6996, "Actual": 9118, "Precision": 0.5624320208831847, "Recall": 0.5633565368718729, "F1": 0.56280182727866}, "Exact": {"Correct": 5205, "Incorrect": 351, "Partial": 0, "Missed": 1440, "Spurious": 3562, "Possible": 6996, "Actual": 9118, "Precision": 0.5624320208831847, "Recall": 0.5633565368718729, "F1": 0.56280182727866}}, "Objects": {"Ent_type": {"Correct": 5394, "Incorrect": 14, "Partial": 0, "Missed": 1601, "Spurious": 3749, "Possible": 7009, "Actual": 9157, "Precision": 0.5726488289464143, "Recall": 0.5782031759843376, "F1": 0.5743896122730144}, "Partial": {"Correct": 4974, "Incorrect": 0, "Partial": 434, "Missed": 1601, "Spurious": 3749, "Possible": 7009, "Actual": 9157, "Precision": 0.5539781379160322, "Recall": 0.5582445072873613, "F1": 0.5553671131276091}, "Strict": {"Correct": 4961, "Incorrect": 447, "Partial": 0, "Missed": 1601, "Spurious": 3749, "Possible": 7009, "Actual": 9157, "Precision": 0.533567181495178, "Recall": 0.5353491407439634, "F1": 0.5342055377730818}, "Exact": {"Correct": 4974, "Incorrect": 434, "Partial": 0, "Missed": 1601, "Spurious": 3749, "Possible": 7009, "Actual": 9157, "Precision": 0.5343829308969618, "Recall": 0.536763106373722, "F1": 0.5352206925841905}}}, "Exact_match": {"Precision": 0.2089445613096997, "Recall": 0.165368349815087, "F1": 0.1755799178118213}}