{"Total_scores": {"Ent_type": {"Correct": 16250, "Incorrect": 44, "Partial": 0, "Missed": 4751, "Spurious": 13708, "Possible": 21045, "Actual": 30002, "Precision": 0.7355737021440876, "Recall": 0.7503832915566961, "F1": 0.7416873082956257}, "Partial": {"Correct": 15263, "Incorrect": 0, "Partial": 1031, "Missed": 4751, "Spurious": 13708, "Possible": 21045, "Actual": 30002, "Precision": 0.7179557778095783, "Recall": 0.7312112534654819, "F1": 0.7233936938771274}, "Strict": {"Correct": 15223, "Incorrect": 1071, "Partial": 0, "Missed": 4751, "Spurious": 13708, "Possible": 21045, "Actual": 30002, "Precision": 0.6948729091015059, "Recall": 0.7045386310247376, "F1": 0.6988743486600794}, "Exact": {"Correct": 15263, "Incorrect": 1031, "Partial": 0, "Missed": 4751, "Spurious": 13708, "Possible": 21045, "Actual": 30002, "Precision": 0.6975344867278337, "Recall": 0.7082309185591313, "F1": 0.70192405345095}}, "Scores_per_tag": {"Subjects": {"Ent_type": {"Correct": 5724, "Incorrect": 24, "Partial": 0, "Missed": 1307, "Spurious": 4296, "Possible": 7055, "Actual": 10044, "Precision": 0.5435864688738252, "Recall": 0.5501522742902053, "F1": 0.5460457805285391}, "Partial": {"Correct": 5559, "Incorrect": 0, "Partial": 189, "Missed": 1307, "Spurious": 4296, "Possible": 7055, "Actual": 10044, "Precision": 0.5410894979860497, "Recall": 0.5462717359269084, "F1": 0.543019943019943}, "Strict": {"Correct": 5536, "Incorrect": 212, "Partial": 0, "Missed": 1307, "Spurious": 4296, "Possible": 7055, "Actual": 10044, "Precision": 0.5357435242492714, "Recall": 0.5377738481186757, "F1": 0.5365556537970331}, "Exact": {"Correct": 5559, "Incorrect": 189, "Partial": 0, "Missed": 1307, "Spurious": 4296, "Possible": 7055, "Actual": 10044, "Precision": 0.5371189049349969, "Recall": 0.5400334021023676, "F1": 0.5382257589154141}}, "Predicates": {"Ent_type": {"Correct": 5245, "Incorrect": 3, "Partial": 0, "Missed": 1749, "Spurious": 4713, "Possible": 6997, "Actual": 9961, "Precision": 0.5026197727347153, "Recall": 0.5101679929266136, "F1": 0.5051544028555522}, "Partial": {"Correct": 4863, "Incorrect": 0, "Partial": 385, "Missed": 1749, "Spurious": 4713, "Possible": 6997, "Actual": 9961, "Precision": 0.4885466810754167, "Recall": 0.49282837213871694, "F1": 0.49001047909093887}, "Strict": {"Correct": 4863, "Incorrect": 385, "Partial": 0, "Missed": 1749, "Spurious": 4713, "Possible": 6997, "Actual": 9961, "Precision": 0.4743262271997904, "Recall": 0.47519402691816487, "F1": 0.4746700723712218}, "Exact": {"Correct": 4863, "Incorrect": 385, "Partial": 0, "Missed": 1749, "Spurious": 4713, "Possible": 6997, "Actual": 9961, "Precision": 0.4743262271997904, "Recall": 0.47519402691816487, "F1": 0.4746700723712218}}, "Objects": {"Ent_type": {"Correct": 5281, "Incorrect": 17, "Partial": 0, "Missed": 1695, "Spurious": 4699, "Possible": 6993, "Actual": 9997, "Precision": 0.5065683784074588, "Recall": 0.5124275469103056, "F1": 0.5082722513756996}, "Partial": {"Correct": 4841, "Incorrect": 0, "Partial": 457, "Missed": 1695, "Spurious": 4699, "Possible": 6993, "Actual": 9997, "Precision": 0.4889491202709593, "Recall": 0.49324589841831223, "F1": 0.4902726158473285}, "Strict": {"Correct": 4824, "Incorrect": 474, "Partial": 0, "Missed": 1695, "Spurious": 4699, "Possible": 6993, "Actual": 9997, "Precision": 0.4693650325834234, "Recall": 0.47072403968955695, "F1": 0.4698496905393457}, "Exact": {"Correct": 4841, "Incorrect": 457, "Partial": 0, "Missed": 1695, "Spurious": 4699, "Possible": 6993, "Actual": 9997, "Precision": 0.47034744735894163, "Recall": 0.4723941448079379, "F1": 0.4710613354291515}}}, "Exact_match": {"Precision": 0.20049276096186464, "Recall": 0.15064397792239406, "F1": 0.16150854934399253}}