{"Total_scores": {"Ent_type": {"Correct": 16105, "Incorrect": 71, "Partial": 0, "Missed": 4920, "Spurious": 18376, "Possible": 21096, "Actual": 34552, "Precision": 0.7002922549541372, "Recall": 0.7149964320538046, "F1": 0.7063036579633787}, "Partial": {"Correct": 15208, "Incorrect": 0, "Partial": 968, "Missed": 4920, "Spurious": 18376, "Possible": 21096, "Actual": 34552, "Precision": 0.6878908014102542, "Recall": 0.7012586185802119, "F1": 0.6932930310463397}, "Strict": {"Correct": 15147, "Incorrect": 1029, "Partial": 0, "Missed": 4920, "Spurious": 18376, "Possible": 21096, "Actual": 34552, "Precision": 0.6668285127313024, "Recall": 0.6766061952550207, "F1": 0.6708396591518139}, "Exact": {"Correct": 15208, "Incorrect": 968, "Partial": 0, "Missed": 4920, "Spurious": 18376, "Possible": 21096, "Actual": 34552, "Precision": 0.6708864159050927, "Recall": 0.6817436153307728, "F1": 0.6752763362723352}}, "Scores_per_tag": {"Subjects": {"Ent_type": {"Correct": 5731, "Incorrect": 42, "Partial": 0, "Missed": 1364, "Spurious": 5909, "Possible": 7137, "Actual": 11682, "Precision": 0.47310470885194533, "Recall": 0.48072068935503526, "F1": 0.47602634403922595}, "Partial": {"Correct": 5506, "Incorrect": 0, "Partial": 267, "Missed": 1364, "Spurious": 5909, "Possible": 7137, "Actual": 11682, "Precision": 0.47107378071778805, "Recall": 0.47728261815649753, "F1": 0.4734354600052224}, "Strict": {"Correct": 5470, "Incorrect": 303, "Partial": 0, "Missed": 1364, "Spurious": 5909, "Possible": 7137, "Actual": 11682, "Precision": 0.46403806539588593, "Recall": 0.4670554443380625, "F1": 0.46524501697275655}, "Exact": {"Correct": 5506, "Incorrect": 267, "Partial": 0, "Missed": 1364, "Spurious": 5909, "Possible": 7137, "Actual": 11682, "Precision": 0.46634461949110745, "Recall": 0.47018887631647666, "F1": 0.4678271970290423}}, "Predicates": {"Ent_type": {"Correct": 5288, "Incorrect": 8, "Partial": 0, "Missed": 1701, "Spurious": 6189, "Possible": 6997, "Actual": 11485, "Precision": 0.4483964993430569, "Recall": 0.45574027330490036, "F1": 0.45074115061059095}, "Partial": {"Correct": 4895, "Incorrect": 0, "Partial": 401, "Missed": 1701, "Spurious": 6189, "Possible": 6997, "Actual": 11485, "Precision": 0.43576220940112487, "Recall": 0.44011663330141876, "F1": 0.43718062964298493}, "Strict": {"Correct": 4891, "Incorrect": 405, "Partial": 0, "Missed": 1701, "Spurious": 6189, "Possible": 6997, "Actual": 11485, "Precision": 0.4226056807961238, "Recall": 0.4234485159717991, "F1": 0.4229237904579536}, "Exact": {"Correct": 4895, "Incorrect": 401, "Partial": 0, "Missed": 1701, "Spurious": 6189, "Possible": 6997, "Actual": 11485, "Precision": 0.42277976035048015, "Recall": 0.4237966750805118, "F1": 0.4231558965304287}}, "Objects": {"Ent_type": {"Correct": 5086, "Incorrect": 21, "Partial": 0, "Missed": 1855, "Spurious": 6278, "Possible": 6962, "Actual": 11385, "Precision": 0.43559122428040525, "Recall": 0.43920271564104796, "F1": 0.43657577227078487}, "Partial": {"Correct": 4807, "Incorrect": 0, "Partial": 300, "Missed": 1855, "Spurious": 6278, "Possible": 6962, "Actual": 11385, "Precision": 0.42594761260441477, "Recall": 0.4288449821568457, "F1": 0.42680908032113535}, "Strict": {"Correct": 4786, "Incorrect": 321, "Partial": 0, "Missed": 1855, "Spurious": 6278, "Possible": 6962, "Actual": 11385, "Precision": 0.41404096672179186, "Recall": 0.4148315780311602, "F1": 0.4143151420199031}, "Exact": {"Correct": 4807, "Incorrect": 300, "Partial": 0, "Missed": 1855, "Spurious": 6278, "Possible": 6962, "Actual": 11385, "Precision": 0.4151724838251081, "Recall": 0.4166594133519018, "F1": 0.4156787651956944}}}, "Exact_match": {"Precision": 0.17533622812771124, "Recall": 0.13131025271522415, "F1": 0.1416361239533238}}