{"Total_scores": {"Ent_type": {"Correct": 15063, "Incorrect": 112, "Partial": 0, "Missed": 5752, "Spurious": 25480, "Possible": 20927, "Actual": 40655, "Precision": 0.6570751467372477, "Recall": 0.6700243434981152, "F1": 0.6621658470896802}, "Partial": {"Correct": 14032, "Incorrect": 0, "Partial": 1143, "Missed": 5752, "Spurious": 25480, "Possible": 20927, "Actual": 40655, "Precision": 0.6412946453880237, "Recall": 0.6535858998106946, "F1": 0.646053049145838}, "Strict": {"Correct": 13931, "Incorrect": 1244, "Partial": 0, "Missed": 5752, "Spurious": 25480, "Possible": 20927, "Actual": 40655, "Precision": 0.6138988398832217, "Recall": 0.6223476678176479, "F1": 0.6172709393662973}, "Exact": {"Correct": 14032, "Incorrect": 1143, "Partial": 0, "Missed": 5752, "Spurious": 25480, "Possible": 20927, "Actual": 40655, "Precision": 0.6194513932084393, "Recall": 0.6294857869846223, "F1": 0.6233523996737844}}, "Scores_per_tag": {"Subjects": {"Ent_type": {"Correct": 5316, "Incorrect": 58, "Partial": 0, "Missed": 1620, "Spurious": 8147, "Possible": 6994, "Actual": 13521, "Precision": 0.376105553139046, "Recall": 0.37951283166594174, "F1": 0.37737180416606253}, "Partial": {"Correct": 5234, "Incorrect": 0, "Partial": 140, "Missed": 1620, "Spurious": 8147, "Possible": 6994, "Actual": 13521, "Precision": 0.3765767725097869, "Recall": 0.3801109177903436, "F1": 0.3778526895751776}, "Strict": {"Correct": 5177, "Incorrect": 197, "Partial": 0, "Missed": 1620, "Spurious": 8147, "Possible": 6994, "Actual": 13521, "Precision": 0.3713933594316369, "Recall": 0.3723720458170219, "F1": 0.37178483398579093}, "Exact": {"Correct": 5234, "Incorrect": 140, "Partial": 0, "Missed": 1620, "Spurious": 8147, "Possible": 6994, "Actual": 13521, "Precision": 0.3741844280121792, "Recall": 0.3765042772219806, "F1": 0.3750229568411387}}, "Predicates": {"Ent_type": {"Correct": 4856, "Incorrect": 16, "Partial": 0, "Missed": 2120, "Spurious": 8722, "Possible": 6992, "Actual": 13594, "Precision": 0.3410238751147842, "Recall": 0.3486298390604611, "F1": 0.34345850853027887}, "Partial": {"Correct": 4296, "Incorrect": 0, "Partial": 576, "Missed": 2120, "Spurious": 8722, "Possible": 6992, "Actual": 13594, "Precision": 0.3252410468319559, "Recall": 0.32976294040887344, "F1": 0.32671209704702525}, "Strict": {"Correct": 4290, "Incorrect": 582, "Partial": 0, "Missed": 2120, "Spurious": 8722, "Possible": 6992, "Actual": 13594, "Precision": 0.3086607703832584, "Recall": 0.3093011454255473, "F1": 0.30890242134261275}, "Exact": {"Correct": 4296, "Incorrect": 576, "Partial": 0, "Missed": 2120, "Spurious": 8722, "Possible": 6992, "Actual": 13594, "Precision": 0.3088782562466773, "Recall": 0.3097361171523851, "F1": 0.3091924024938379}}, "Objects": {"Ent_type": {"Correct": 4891, "Incorrect": 38, "Partial": 0, "Missed": 2012, "Spurious": 8611, "Possible": 6941, "Actual": 13540, "Precision": 0.34912397302566944, "Recall": 0.35239959402638826, "F1": 0.3499461463576296}, "Partial": {"Correct": 4502, "Incorrect": 0, "Partial": 427, "Missed": 2012, "Spurious": 8611, "Possible": 6941, "Actual": 13540, "Precision": 0.33727161872007455, "Recall": 0.3402203856749311, "F1": 0.3381261348964698}, "Strict": {"Correct": 4464, "Incorrect": 465, "Partial": 0, "Missed": 2012, "Spurious": 8611, "Possible": 6941, "Actual": 13540, "Precision": 0.3220844811753903, "Recall": 0.32253153545019575, "F1": 0.32224638731815763}, "Exact": {"Correct": 4502, "Incorrect": 427, "Partial": 0, "Missed": 2012, "Spurious": 8611, "Possible": 6941, "Actual": 13540, "Precision": 0.323751872794935, "Recall": 0.32528635638683484, "F1": 0.3242762553767338}}}, "Exact_match": {"Precision": 0.14186965822299002, "Recall": 0.09399636533026715, "F1": 0.10468001105407732}}