{"Total_scores": {"Ent_type": {"Correct": 15114, "Incorrect": 90, "Partial": 0, "Missed": 5747, "Spurious": 15661, "Possible": 20951, "Actual": 30865, "Precision": 0.6727943663868312, "Recall": 0.6879245029616113, "F1": 0.6787428398353466}, "Partial": {"Correct": 14102, "Incorrect": 0, "Partial": 1102, "Missed": 5747, "Spurious": 15661, "Possible": 20951, "Actual": 30865, "Precision": 0.6563270877442159, "Recall": 0.6702549759698702, "F1": 0.6617237558456049}, "Strict": {"Correct": 14023, "Incorrect": 1181, "Partial": 0, "Missed": 5747, "Spurious": 15661, "Possible": 20951, "Actual": 30865, "Precision": 0.6314341920188713, "Recall": 0.6410596260675618, "F1": 0.6352431387211384}, "Exact": {"Correct": 14102, "Incorrect": 1102, "Partial": 0, "Missed": 5747, "Spurious": 15661, "Possible": 20951, "Actual": 30865, "Precision": 0.6355217537395135, "Recall": 0.6467082761719251, "F1": 0.6398612769379541}}, "Scores_per_tag": {"Subjects": {"Ent_type": {"Correct": 5445, "Incorrect": 38, "Partial": 0, "Missed": 1523, "Spurious": 4796, "Possible": 7006, "Actual": 10279, "Precision": 0.4985720114239086, "Recall": 0.5039073533565578, "F1": 0.500524118883972}, "Partial": {"Correct": 5313, "Incorrect": 0, "Partial": 170, "Missed": 1523, "Spurious": 4796, "Possible": 7006, "Actual": 10279, "Precision": 0.4972852524872109, "Recall": 0.5016712173994916, "F1": 0.49888271663057465}, "Strict": {"Correct": 5277, "Incorrect": 206, "Partial": 0, "Missed": 1523, "Spurious": 4796, "Possible": 7006, "Actual": 10279, "Precision": 0.49100837962527066, "Recall": 0.49246775256567177, "F1": 0.4915921288014311}, "Exact": {"Correct": 5313, "Incorrect": 170, "Partial": 0, "Missed": 1523, "Spurious": 4796, "Possible": 7006, "Actual": 10279, "Precision": 0.4934092834949628, "Recall": 0.4958572639111195, "F1": 0.4943225684963751}}, "Predicates": {"Ent_type": {"Correct": 4838, "Incorrect": 9, "Partial": 0, "Missed": 2149, "Spurious": 5506, "Possible": 6996, "Actual": 10353, "Precision": 0.4403179236104573, "Recall": 0.45071085585161474, "F1": 0.44356463609829583}, "Partial": {"Correct": 4325, "Incorrect": 0, "Partial": 522, "Missed": 2149, "Spurious": 5506, "Possible": 6996, "Actual": 10353, "Precision": 0.4222546527320089, "Recall": 0.4281847283683269, "F1": 0.42413928380880644}, "Strict": {"Correct": 4323, "Incorrect": 524, "Partial": 0, "Missed": 2149, "Spurious": 5506, "Possible": 6996, "Actual": 10353, "Precision": 0.40367353984245047, "Recall": 0.4046229168628189, "F1": 0.4040234755045037}, "Exact": {"Correct": 4325, "Incorrect": 522, "Partial": 0, "Missed": 2149, "Spurious": 5506, "Possible": 6996, "Actual": 10353, "Precision": 0.4037676929353796, "Recall": 0.40481122304867717, "F1": 0.40414901296174244}}, "Objects": {"Ent_type": {"Correct": 4831, "Incorrect": 43, "Partial": 0, "Missed": 2075, "Spurious": 5359, "Possible": 6949, "Actual": 10233, "Precision": 0.44772227976022344, "Recall": 0.4525939177101968, "F1": 0.4490483133077992}, "Partial": {"Correct": 4464, "Incorrect": 0, "Partial": 410, "Missed": 2075, "Spurious": 5359, "Possible": 6949, "Actual": 10233, "Precision": 0.43358715437968803, "Recall": 0.4379060352132568, "F1": 0.43488727374896285}, "Strict": {"Correct": 4423, "Incorrect": 451, "Partial": 0, "Missed": 2075, "Spurious": 5359, "Possible": 6949, "Actual": 10233, "Precision": 0.4148856039920911, "Recall": 0.4153092929102721, "F1": 0.4150456642500706}, "Exact": {"Correct": 4464, "Incorrect": 410, "Partial": 0, "Missed": 2075, "Spurious": 5359, "Possible": 6949, "Actual": 10233, "Precision": 0.41709820167592504, "Recall": 0.4191695697203653, "F1": 0.4178074883093243}}}, "Exact_match": {"Precision": 0.16746500724853525, "Recall": 0.11375910567504365, "F1": 0.1262087369348194}}