{"Total_scores": {"Ent_type": {"Correct": 9988, "Incorrect": 1026, "Partial": 0, "Missed": 22848, "Spurious": 3129, "Possible": 33862, "Actual": 14143, "Precision": 0.7563179569223476, "Recall": 0.2817379195923325, "F1": 0.40359883354283854}, "Partial": {"Correct": 1629, "Incorrect": 0, "Partial": 9385, "Missed": 22848, "Spurious": 3129, "Possible": 33862, "Actual": 14143, "Precision": 0.4338525464403164, "Recall": 0.18754629218143573, "F1": 0.25127247948330517}, "Strict": {"Correct": 964, "Incorrect": 10050, "Partial": 0, "Missed": 22848, "Spurious": 3129, "Possible": 33862, "Actual": 14143, "Precision": 0.02897520220424851, "Recall": 0.021472165437146327, "F1": 0.02461368513275011}, "Exact": {"Correct": 1629, "Incorrect": 9385, "Partial": 0, "Missed": 22848, "Spurious": 3129, "Possible": 33862, "Actual": 14143, "Precision": 0.059757651171747694, "Recall": 0.050365893402067964, "F1": 0.05395710857447592}}, "Scores_per_tag": {"Subjects": {"Ent_type": {"Correct": 9988, "Incorrect": 0, "Partial": 0, "Missed": 1361, "Spurious": 2270, "Possible": 11349, "Actual": 12258, "Precision": 0.7563179569223476, "Recall": 0.8026842058483691, "F1": 0.7733031137972921}, "Partial": {"Correct": 964, "Incorrect": 0, "Partial": 9024, "Missed": 1361, "Spurious": 2270, "Possible": 11349, "Actual": 12258, "Precision": 0.39264657956329807, "Recall": 0.42291796284774685, "F1": 0.4039744615293455}, "Strict": {"Correct": 964, "Incorrect": 9024, "Partial": 0, "Missed": 1361, "Spurious": 2270, "Possible": 11349, "Actual": 12258, "Precision": 0.02897520220424851, "Recall": 0.0431517198471247, "F1": 0.034645809261398985}, "Exact": {"Correct": 964, "Incorrect": 9024, "Partial": 0, "Missed": 1361, "Spurious": 2270, "Possible": 11349, "Actual": 12258, "Precision": 0.02897520220424851, "Recall": 0.0431517198471247, "F1": 0.034645809261398985}}, "Predicates": {"Ent_type": {"Correct": 0, "Incorrect": 997, "Partial": 0, "Missed": 10265, "Spurious": 797, "Possible": 11262, "Actual": 1794, "Precision": 0.0, "Recall": 0.0, "F1": 0}, "Partial": {"Correct": 665, "Incorrect": 0, "Partial": 332, "Missed": 10265, "Spurious": 797, "Possible": 11262, "Actual": 1794, "Precision": 0.04161852279797351, "Recall": 0.07312683317038486, "F1": 0.05213610642017006}, "Strict": {"Correct": 0, "Incorrect": 997, "Partial": 0, "Missed": 10265, "Spurious": 797, "Possible": 11262, "Actual": 1794, "Precision": 0.0, "Recall": 0.0, "F1": 0}, "Exact": {"Correct": 665, "Incorrect": 332, "Partial": 0, "Missed": 10265, "Spurious": 797, "Possible": 11262, "Actual": 1794, "Precision": 0.030871329955855776, "Recall": 0.058617011821171454, "F1": 0.04012976624300062}}, "Objects": {"Ent_type": {"Correct": 0, "Incorrect": 29, "Partial": 0, "Missed": 11222, "Spurious": 62, "Possible": 11251, "Actual": 91, "Precision": 0.0, "Recall": 0.0, "F1": 0}, "Partial": {"Correct": 0, "Incorrect": 0, "Partial": 29, "Missed": 11222, "Spurious": 62, "Possible": 11251, "Actual": 91, "Precision": 0.0006443871655852813, "Recall": 0.0012887743311705627, "F1": 0.0008591828874470417}, "Strict": {"Correct": 0, "Incorrect": 29, "Partial": 0, "Missed": 11222, "Spurious": 62, "Possible": 11251, "Actual": 91, "Precision": 0.0, "Recall": 0.0, "F1": 0}, "Exact": {"Correct": 0, "Incorrect": 29, "Partial": 0, "Missed": 11222, "Spurious": 62, "Possible": 11251, "Actual": 91, "Precision": 0.0, "Recall": 0.0, "F1": 0}}}, "Exact_match": {"Precision": 0.0, "Recall": 0.0, "F1": 0.0}}