{"Total_scores": {"Ent_type": {"Correct": 16762, "Incorrect": 158, "Partial": 0, "Missed": 6739, "Spurious": 5699, "Possible": 23659, "Actual": 22619, "Precision": 0.6929707694757862, "Recall": 0.7044657405025297, "F1": 0.6951872078126259}, "Partial": {"Correct": 15394, "Incorrect": 0, "Partial": 1526, "Missed": 6739, "Spurious": 5699, "Possible": 23659, "Actual": 22619, "Precision": 0.6704324243203842, "Recall": 0.6831382385730211, "F1": 0.6739969061039295}, "Strict": {"Correct": 15291, "Incorrect": 1629, "Partial": 0, "Missed": 6739, "Spurious": 5699, "Possible": 23659, "Actual": 22619, "Precision": 0.6357853406348389, "Recall": 0.6461173998799417, "F1": 0.6400118183562999}, "Exact": {"Correct": 15394, "Incorrect": 1526, "Partial": 0, "Missed": 6739, "Spurious": 5699, "Possible": 23659, "Actual": 22619, "Precision": 0.6399959572200374, "Recall": 0.6522918274590516, "F1": 0.6446983804007216}}, "Scores_per_tag": {"Subjects": {"Ent_type": {"Correct": 6025, "Incorrect": 38, "Partial": 0, "Missed": 1834, "Spurious": 1578, "Possible": 7897, "Actual": 7641, "Precision": 0.7326344224337535, "Recall": 0.7459480319012092, "F1": 0.7377111739987994}, "Partial": {"Correct": 5674, "Incorrect": 0, "Partial": 389, "Missed": 1834, "Spurious": 1578, "Possible": 7897, "Actual": 7641, "Precision": 0.722397307263528, "Recall": 0.7330846411113969, "F1": 0.7264406997684589}, "Strict": {"Correct": 5637, "Incorrect": 426, "Partial": 0, "Missed": 1834, "Spurious": 1578, "Possible": 7897, "Actual": 7641, "Precision": 0.7057284966983963, "Recall": 0.7105737072292256, "F1": 0.7076665809107281}, "Exact": {"Correct": 5674, "Incorrect": 389, "Partial": 0, "Missed": 1834, "Spurious": 1578, "Possible": 7897, "Actual": 7641, "Precision": 0.7088800274419004, "Recall": 0.7153331618214561, "F1": 0.7113540862704743}}, "Predicates": {"Ent_type": {"Correct": 5560, "Incorrect": 56, "Partial": 0, "Missed": 2334, "Spurious": 2034, "Possible": 7950, "Actual": 7650, "Precision": 0.6732055569848212, "Recall": 0.6925649601234886, "F1": 0.6797444473029758}, "Partial": {"Correct": 4982, "Incorrect": 0, "Partial": 634, "Missed": 2334, "Spurious": 2034, "Possible": 7950, "Actual": 7650, "Precision": 0.6514771460423634, "Recall": 0.6646514021095961, "F1": 0.6560329302804219}, "Strict": {"Correct": 4979, "Incorrect": 637, "Partial": 0, "Missed": 2334, "Spurious": 2034, "Possible": 7950, "Actual": 7650, "Precision": 0.6253108652774204, "Recall": 0.6291484435297144, "F1": 0.6268330331875482}, "Exact": {"Correct": 4982, "Incorrect": 634, "Partial": 0, "Missed": 2334, "Spurious": 2034, "Possible": 7950, "Actual": 7650, "Precision": 0.6256324500471657, "Recall": 0.6295343452534088, "F1": 0.6271760569419432}}, "Objects": {"Ent_type": {"Correct": 5177, "Incorrect": 64, "Partial": 0, "Missed": 2571, "Spurious": 2087, "Possible": 7812, "Actual": 7328, "Precision": 0.6467905839979419, "Recall": 0.6578338049909956, "F1": 0.6501807000134759}, "Partial": {"Correct": 4738, "Incorrect": 0, "Partial": 503, "Missed": 2571, "Spurious": 2087, "Possible": 7812, "Actual": 7328, "Precision": 0.6255456221593345, "Recall": 0.6357409313094932, "F1": 0.6288121577419237}, "Strict": {"Correct": 4675, "Incorrect": 566, "Partial": 0, "Missed": 2571, "Spurious": 2087, "Possible": 7812, "Actual": 7328, "Precision": 0.5954892376297058, "Recall": 0.5973115513249293, "F1": 0.5961238315753365}, "Exact": {"Correct": 4738, "Incorrect": 503, "Partial": 0, "Missed": 2571, "Spurious": 2087, "Possible": 7812, "Actual": 7328, "Precision": 0.599862790498242, "Recall": 0.605415487522511, "F1": 0.6017408455535546}}}, "Exact_match": {"Precision": 0.1475245450339214, "Recall": 0.09268826249803067, "F1": 0.10592795938760817}}