{"Total_scores": {"Ent_type": {"Correct": 19397, "Incorrect": 432, "Partial": 0, "Missed": 8280, "Spurious": 7652, "Possible": 28109, "Actual": 27481, "Precision": 0.6627326238641091, "Recall": 0.6831967065760616, "F1": 0.671122630448542}, "Partial": {"Correct": 18180, "Incorrect": 0, "Partial": 1649, "Missed": 8280, "Spurious": 7652, "Possible": 28109, "Actual": 27481, "Precision": 0.6565228887173661, "Recall": 0.6753954985078919, "F1": 0.6638577308579693}, "Strict": {"Correct": 17763, "Incorrect": 2066, "Partial": 0, "Missed": 8280, "Spurious": 7652, "Possible": 28109, "Actual": 27481, "Precision": 0.6169151022996348, "Recall": 0.6284938697731277, "F1": 0.6217668762925903}, "Exact": {"Correct": 18180, "Incorrect": 1649, "Partial": 0, "Missed": 8280, "Spurious": 7652, "Possible": 28109, "Actual": 27481, "Precision": 0.6332366066321411, "Recall": 0.6477654334304103, "F1": 0.6388796344580936}}, "Scores_per_tag": {"Subjects": {"Ent_type": {"Correct": 7305, "Incorrect": 127, "Partial": 0, "Missed": 1832, "Spurious": 1548, "Possible": 9264, "Actual": 8980, "Precision": 0.7542336317549347, "Recall": 0.7691726890303096, "F1": 0.75963038866717}, "Partial": {"Correct": 7057, "Incorrect": 0, "Partial": 375, "Missed": 1832, "Spurious": 1548, "Possible": 9264, "Actual": 8980, "Precision": 0.7550965375903355, "Recall": 0.7673390141300831, "F1": 0.7594901664689174}, "Strict": {"Correct": 6931, "Incorrect": 501, "Partial": 0, "Missed": 1832, "Spurious": 1548, "Possible": 9264, "Actual": 8980, "Precision": 0.7350879085319815, "Recall": 0.7382159421853091, "F1": 0.7363391219933125}, "Exact": {"Correct": 7057, "Incorrect": 375, "Partial": 0, "Missed": 1832, "Spurious": 1548, "Possible": 9264, "Actual": 8980, "Precision": 0.7454967101715025, "Recall": 0.7518067090928703, "F1": 0.7478085787221803}}, "Predicates": {"Ent_type": {"Correct": 6425, "Incorrect": 15, "Partial": 0, "Missed": 3174, "Spurious": 3119, "Possible": 9614, "Actual": 9559, "Precision": 0.6325639089634344, "Recall": 0.6560241613633913, "F1": 0.640829827778377}, "Partial": {"Correct": 5511, "Incorrect": 0, "Partial": 929, "Missed": 3174, "Spurious": 3119, "Possible": 9614, "Actual": 9559, "Precision": 0.6016161507208859, "Recall": 0.6167889116600151, "F1": 0.6071009959371517}, "Strict": {"Correct": 5510, "Incorrect": 930, "Partial": 0, "Missed": 3174, "Spurious": 3119, "Possible": 9614, "Actual": 9559, "Precision": 0.5696436917987991, "Recall": 0.5758278502858376, "F1": 0.5721137597526337}, "Exact": {"Correct": 5511, "Incorrect": 929, "Partial": 0, "Missed": 3174, "Spurious": 3119, "Possible": 9614, "Actual": 9559, "Precision": 0.5696976234135117, "Recall": 0.5759357135152626, "F1": 0.5721856685722504}}, "Objects": {"Ent_type": {"Correct": 5667, "Incorrect": 290, "Partial": 0, "Missed": 3274, "Spurious": 2985, "Possible": 9231, "Actual": 8942, "Precision": 0.6028366185522911, "Recall": 0.6088879301046274, "F1": 0.6046720187373839}, "Partial": {"Correct": 5612, "Incorrect": 0, "Partial": 345, "Missed": 3274, "Spurious": 2985, "Possible": 9231, "Actual": 8942, "Precision": 0.6089189523069364, "Recall": 0.6221551073239133, "F1": 0.6132440636701234}, "Strict": {"Correct": 5322, "Incorrect": 635, "Partial": 0, "Missed": 3274, "Spurious": 2985, "Possible": 9231, "Actual": 8942, "Precision": 0.5723953104386714, "Recall": 0.5728616114766476, "F1": 0.5725585671654057}, "Exact": {"Correct": 5612, "Incorrect": 345, "Partial": 0, "Missed": 3274, "Spurious": 2985, "Possible": 9231, "Actual": 8942, "Precision": 0.5936982982501265, "Recall": 0.6041419480099234, "F1": 0.5971873378841344}}}, "Exact_match": {"Precision": 0.181037762343637, "Recall": 0.12264634667520914, "F1": 0.13329072779606987}}