{"Total_scores": {"Ent_type": {"Correct": 29724, "Incorrect": 640, "Partial": 0, "Missed": 15228, "Spurious": 15407, "Possible": 45592, "Actual": 45771, "Precision": 0.6299009760745834, "Recall": 0.6490332612222823, "F1": 0.6373895019108649}, "Partial": {"Correct": 26942, "Incorrect": 0, "Partial": 3422, "Missed": 15228, "Spurious": 15407, "Possible": 45592, "Actual": 45771, "Precision": 0.6147358718140221, "Recall": 0.6297187669010276, "F1": 0.6202851693556128}, "Strict": {"Correct": 26325, "Incorrect": 4039, "Partial": 0, "Missed": 15228, "Spurious": 15407, "Possible": 45592, "Actual": 45771, "Precision": 0.5702993145157829, "Recall": 0.5803317108346854, "F1": 0.5743653895830748}, "Exact": {"Correct": 26942, "Incorrect": 3422, "Partial": 0, "Missed": 15228, "Spurious": 15407, "Possible": 45592, "Actual": 45771, "Precision": 0.5846223720243461, "Recall": 0.5950919415900486, "F1": 0.5884936828690209}}, "Scores_per_tag": {"Subjects": {"Ent_type": {"Correct": 10405, "Incorrect": 158, "Partial": 0, "Missed": 4591, "Spurious": 4184, "Possible": 15154, "Actual": 14747, "Precision": 0.6642441860465116, "Recall": 0.6774607896160086, "F1": 0.6692266089778258}, "Partial": {"Correct": 9982, "Incorrect": 0, "Partial": 581, "Missed": 4591, "Spurious": 4184, "Possible": 15154, "Actual": 14747, "Precision": 0.664396295294754, "Recall": 0.6749932395889671, "F1": 0.668361276365603}, "Strict": {"Correct": 9826, "Incorrect": 737, "Partial": 0, "Missed": 4591, "Spurious": 4184, "Possible": 15154, "Actual": 14747, "Precision": 0.6469713358572201, "Recall": 0.6512979989183343, "F1": 0.6487020010816658}, "Exact": {"Correct": 9982, "Incorrect": 581, "Partial": 0, "Missed": 4591, "Spurious": 4184, "Possible": 15154, "Actual": 14747, "Precision": 0.6556922660897783, "Recall": 0.6618442401297999, "F1": 0.6580313683071931}}, "Predicates": {"Ent_type": {"Correct": 10251, "Incorrect": 22, "Partial": 0, "Missed": 5272, "Spurious": 6089, "Possible": 15545, "Actual": 16362, "Precision": 0.6073575806742383, "Recall": 0.6421038399134668, "F1": 0.6190395709392464}, "Partial": {"Correct": 8006, "Incorrect": 0, "Partial": 2267, "Missed": 5272, "Spurious": 6089, "Possible": 15545, "Actual": 16362, "Precision": 0.5577096854155399, "Recall": 0.5796883450513791, "F1": 0.5653675410131602}, "Strict": {"Correct": 8004, "Incorrect": 2269, "Partial": 0, "Missed": 5272, "Spurious": 6089, "Possible": 15545, "Actual": 16362, "Precision": 0.5071491346673878, "Recall": 0.5156503515413737, "F1": 0.5105462412114656}, "Exact": {"Correct": 8006, "Incorrect": 2267, "Partial": 0, "Missed": 5272, "Spurious": 6089, "Possible": 15545, "Actual": 16362, "Precision": 0.5072167387777177, "Recall": 0.5157855597620336, "F1": 0.5106363800252389}}, "Objects": {"Ent_type": {"Correct": 9068, "Incorrect": 460, "Partial": 0, "Missed": 5365, "Spurious": 5134, "Possible": 14893, "Actual": 14662, "Precision": 0.5928751706198975, "Recall": 0.6024202271498107, "F1": 0.5962178719513765}, "Partial": {"Correct": 8954, "Incorrect": 0, "Partial": 574, "Missed": 5365, "Spurious": 5134, "Possible": 14893, "Actual": 14662, "Precision": 0.6054165378969327, "Recall": 0.6167691995673337, "F1": 0.6093402321718303}, "Strict": {"Correct": 8495, "Incorrect": 1033, "Partial": 0, "Missed": 5365, "Spurious": 5134, "Possible": 14893, "Actual": 14662, "Precision": 0.5672210203713719, "Recall": 0.5689899945916712, "F1": 0.5679286100594916}, "Exact": {"Correct": 8954, "Incorrect": 574, "Partial": 0, "Missed": 5365, "Spurious": 5134, "Possible": 14893, "Actual": 14662, "Precision": 0.5925725617450874, "Recall": 0.6000202812330989, "F1": 0.5951730665224446}}}, "Exact_match": {"Precision": 0.1653948367155512, "Recall": 0.11810574577564077, "F1": 0.127279956549212}}