{"Total_scores": {"Ent_type": {"Correct": 34020, "Incorrect": 1054, "Partial": 0, "Missed": 8492, "Spurious": 7606, "Possible": 43566, "Actual": 42680, "Precision": 0.7534847052564134, "Recall": 0.7799079151338469, "F1": 0.7636912070676907}, "Partial": {"Correct": 31494, "Incorrect": 0, "Partial": 3580, "Missed": 8492, "Spurious": 7606, "Possible": 43566, "Actual": 42680, "Precision": 0.7421729478845811, "Recall": 0.7638173573031628, "F1": 0.7505593752244686}, "Strict": {"Correct": 30557, "Incorrect": 4517, "Partial": 0, "Missed": 8492, "Spurious": 7606, "Possible": 43566, "Actual": 42680, "Precision": 0.6864996532970434, "Recall": 0.7021008306147475, "F1": 0.692533747265822}, "Exact": {"Correct": 31494, "Incorrect": 3580, "Partial": 0, "Missed": 8492, "Spurious": 7606, "Possible": 43566, "Actual": 42680, "Precision": 0.707573899612492, "Recall": 0.7236123643599176, "F1": 0.7137924828231623}}, "Scores_per_tag": {"Subjects": {"Ent_type": {"Correct": 12419, "Incorrect": 416, "Partial": 0, "Missed": 1641, "Spurious": 1545, "Possible": 14476, "Actual": 14380, "Precision": 0.8302387728187687, "Recall": 0.8572221836607204, "F1": 0.837879734388376}, "Partial": {"Correct": 11676, "Incorrect": 0, "Partial": 1159, "Missed": 1641, "Spurious": 1545, "Possible": 14476, "Actual": 14380, "Precision": 0.8320839406769858, "Recall": 0.8470708683278961, "F1": 0.8364128548622197}, "Strict": {"Correct": 11323, "Incorrect": 1512, "Partial": 0, "Missed": 1641, "Spurious": 1545, "Possible": 14476, "Actual": 14380, "Precision": 0.7826461673723422, "Recall": 0.7835427222877768, "F1": 0.7829804955924203}, "Exact": {"Correct": 11676, "Incorrect": 1159, "Partial": 0, "Missed": 1641, "Spurious": 1545, "Possible": 14476, "Actual": 14380, "Precision": 0.8061879641840772, "Recall": 0.808044700492816, "F1": 0.8068346405682423}}, "Predicates": {"Ent_type": {"Correct": 10331, "Incorrect": 12, "Partial": 0, "Missed": 4180, "Spurious": 3521, "Possible": 14523, "Actual": 13864, "Precision": 0.6984579255454525, "Recall": 0.7092385645866592, "F1": 0.7019021837929313}, "Partial": {"Correct": 9562, "Incorrect": 0, "Partial": 781, "Missed": 4180, "Spurious": 3521, "Possible": 14523, "Actual": 13864, "Precision": 0.6785463085074385, "Recall": 0.6847712917331853, "F1": 0.6805901231874717}, "Strict": {"Correct": 9559, "Incorrect": 784, "Partial": 0, "Missed": 4180, "Spurious": 3521, "Possible": 14523, "Actual": 13864, "Precision": 0.658218227250642, "Recall": 0.6595752064968418, "F1": 0.6587505412382209}, "Exact": {"Correct": 9562, "Incorrect": 781, "Partial": 0, "Missed": 4180, "Spurious": 3521, "Possible": 14523, "Actual": 13864, "Precision": 0.6582876379537724, "Recall": 0.6596793225515375, "F1": 0.6588338340819774}}, "Objects": {"Ent_type": {"Correct": 11270, "Incorrect": 626, "Partial": 0, "Missed": 2671, "Spurious": 2540, "Possible": 14567, "Actual": 14436, "Precision": 0.7566553295851554, "Recall": 0.7720552509196918, "F1": 0.761224206486926}, "Partial": {"Correct": 10256, "Incorrect": 0, "Partial": 1640, "Missed": 2671, "Spurious": 2540, "Possible": 14567, "Actual": 14436, "Precision": 0.7430172832650794, "Recall": 0.7604116054695634, "F1": 0.7485455152422599}, "Strict": {"Correct": 9675, "Incorrect": 2221, "Partial": 0, "Missed": 2671, "Spurious": 2540, "Possible": 14567, "Actual": 14436, "Precision": 0.6643992503644062, "Recall": 0.6664468661067536, "F1": 0.6651488859582148}, "Exact": {"Correct": 10256, "Incorrect": 1640, "Partial": 0, "Missed": 2671, "Spurious": 2540, "Possible": 14567, "Actual": 14436, "Precision": 0.6959753360634876, "Recall": 0.7062886097036163, "F1": 0.6994585965155827}}}, "Exact_match": {"Precision": 0.21212672726593454, "Recall": 0.13793563244161258, "F1": 0.15561670610805178}}