{"Total_scores": {"Ent_type": {"Correct": 20200, "Incorrect": 99, "Partial": 0, "Missed": 8879, "Spurious": 9154, "Possible": 29178, "Actual": 29453, "Precision": 0.6678631395889241, "Recall": 0.6906338545492706, "F1": 0.6770500077457785}, "Partial": {"Correct": 18597, "Incorrect": 0, "Partial": 1702, "Missed": 8879, "Spurious": 9154, "Possible": 29178, "Actual": 29453, "Precision": 0.6491255807251715, "Recall": 0.6682390597124567, "F1": 0.656712989148187}, "Strict": {"Correct": 18506, "Incorrect": 1793, "Partial": 0, "Missed": 8879, "Spurious": 9154, "Possible": 29178, "Actual": 29453, "Precision": 0.6241264344265708, "Recall": 0.6365918074649316, "F1": 0.6293767851066623}, "Exact": {"Correct": 18597, "Incorrect": 1702, "Partial": 0, "Missed": 8879, "Spurious": 9154, "Possible": 29178, "Actual": 29453, "Precision": 0.6270683310928877, "Recall": 0.6410518767271837, "F1": 0.6327154655258339}}, "Scores_per_tag": {"Subjects": {"Ent_type": {"Correct": 7894, "Incorrect": 34, "Partial": 0, "Missed": 1964, "Spurious": 2209, "Possible": 9892, "Actual": 10137, "Precision": 0.7601881974323993, "Recall": 0.7841326477069996, "F1": 0.7691538111729108}, "Partial": {"Correct": 7310, "Incorrect": 0, "Partial": 618, "Missed": 1964, "Spurious": 2209, "Possible": 9892, "Actual": 10137, "Precision": 0.749842585790744, "Recall": 0.7663448420610767, "F1": 0.7560814356175884}, "Strict": {"Correct": 7277, "Incorrect": 651, "Partial": 0, "Missed": 1964, "Spurious": 2209, "Possible": 9892, "Actual": 10137, "Precision": 0.7341448910343863, "Recall": 0.7415258684017211, "F1": 0.7370972819813202}, "Exact": {"Correct": 7310, "Incorrect": 618, "Partial": 0, "Missed": 1964, "Spurious": 2209, "Possible": 9892, "Actual": 10137, "Precision": 0.7367684611886521, "Recall": 0.744988981005352, "F1": 0.7400006996187078}}, "Predicates": {"Ent_type": {"Correct": 6438, "Incorrect": 8, "Partial": 0, "Missed": 3285, "Spurious": 3413, "Possible": 9731, "Actual": 9859, "Precision": 0.6323153881134782, "Recall": 0.6544233392800923, "F1": 0.6395949207681814}, "Partial": {"Correct": 5764, "Incorrect": 0, "Partial": 682, "Missed": 3285, "Spurious": 3413, "Possible": 9731, "Actual": 9859, "Precision": 0.6117072445517193, "Recall": 0.6247769965368873, "F1": 0.6161349564487354}, "Strict": {"Correct": 5762, "Incorrect": 684, "Partial": 0, "Missed": 3285, "Spurious": 3413, "Possible": 9731, "Actual": 9859, "Precision": 0.590521915556022, "Recall": 0.5940812257319761, "F1": 0.5919403924860951}, "Exact": {"Correct": 5764, "Incorrect": 682, "Partial": 0, "Missed": 3285, "Spurious": 3413, "Possible": 9731, "Actual": 9859, "Precision": 0.5906268583621926, "Recall": 0.5942911113443173, "F1": 0.5920803162276559}}, "Objects": {"Ent_type": {"Correct": 5868, "Incorrect": 57, "Partial": 0, "Missed": 3630, "Spurious": 3532, "Possible": 9555, "Actual": 9457, "Precision": 0.6010171956283825, "Recall": 0.6112918459439606, "F1": 0.6041314983334083}, "Partial": {"Correct": 5523, "Incorrect": 0, "Partial": 402, "Missed": 3630, "Spurious": 3532, "Possible": 9555, "Actual": 9457, "Precision": 0.5888039768326262, "Recall": 0.5973082170217232, "F1": 0.591498008585321}, "Strict": {"Correct": 5467, "Incorrect": 458, "Partial": 0, "Missed": 3630, "Spurious": 3532, "Possible": 9555, "Actual": 9457, "Precision": 0.5705565466820582, "Recall": 0.5714660510022038, "F1": 0.5708888655682653}, "Exact": {"Correct": 5523, "Incorrect": 402, "Partial": 0, "Missed": 3630, "Spurious": 3532, "Possible": 9555, "Actual": 9457, "Precision": 0.5735474166579214, "Recall": 0.5773428481477595, "F1": 0.5748417112673593}}}, "Exact_match": {"Precision": 0.1878131408117473, "Recall": 0.13334117002284826, "F1": 0.1447967698080751}}