{"Total_scores": {"Ent_type": {"Correct": 19443, "Incorrect": 430, "Partial": 0, "Missed": 5772, "Spurious": 7406, "Possible": 25645, "Actual": 27279, "Precision": 0.7030122698565617, "Recall": 0.7576188182402055, "F1": 0.7237533186413244}, "Partial": {"Correct": 17124, "Incorrect": 0, "Partial": 2749, "Missed": 5772, "Spurious": 7406, "Possible": 25645, "Actual": 27279, "Precision": 0.6806866360063615, "Recall": 0.7235117614001284, "F1": 0.6969941747398395}, "Strict": {"Correct": 16864, "Incorrect": 3009, "Partial": 0, "Missed": 5772, "Spurious": 7406, "Possible": 25645, "Actual": 27279, "Precision": 0.6331680372052482, "Recall": 0.6623956326268465, "F1": 0.6444214123224239}, "Exact": {"Correct": 17124, "Incorrect": 2749, "Partial": 0, "Missed": 5772, "Spurious": 7406, "Possible": 25645, "Actual": 27279, "Precision": 0.6429203654004955, "Recall": 0.6725975433526011, "F1": 0.6543449806455587}}, "Scores_per_tag": {"Subjects": {"Ent_type": {"Correct": 7673, "Incorrect": 122, "Partial": 0, "Missed": 938, "Spurious": 2623, "Possible": 8733, "Actual": 10418, "Precision": 0.7898614551793742, "Recall": 0.8725915221579962, "F1": 0.8128700645319142}, "Partial": {"Correct": 6301, "Incorrect": 0, "Partial": 1494, "Missed": 938, "Spurious": 2623, "Possible": 8733, "Actual": 10418, "Precision": 0.7613769038443894, "Recall": 0.810001204238921, "F1": 0.7752557574089366}, "Strict": {"Correct": 6228, "Incorrect": 1567, "Partial": 0, "Missed": 938, "Spurious": 2623, "Possible": 8733, "Actual": 10418, "Precision": 0.7127213505826222, "Recall": 0.7242894990366089, "F1": 0.7166033963360553}, "Exact": {"Correct": 6301, "Incorrect": 1494, "Partial": 0, "Missed": 938, "Spurious": 2623, "Possible": 8733, "Actual": 10418, "Precision": 0.7200471373520506, "Recall": 0.7329600192678227, "F1": 0.724318553689941}}, "Predicates": {"Ent_type": {"Correct": 5681, "Incorrect": 7, "Partial": 0, "Missed": 2763, "Spurious": 2555, "Possible": 8451, "Actual": 8243, "Precision": 0.6480511400128453, "Recall": 0.6664258188824663, "F1": 0.6543673731535004}, "Partial": {"Correct": 5159, "Incorrect": 0, "Partial": 529, "Missed": 2763, "Spurious": 2555, "Possible": 8451, "Actual": 8243, "Precision": 0.6289639531149647, "Recall": 0.6398422447013488, "F1": 0.6327833975594092}, "Strict": {"Correct": 5159, "Incorrect": 529, "Partial": 0, "Missed": 2763, "Spurious": 2555, "Possible": 8451, "Actual": 8243, "Precision": 0.6094552825947335, "Recall": 0.6124157032755299, "F1": 0.6106374438021837}, "Exact": {"Correct": 5159, "Incorrect": 529, "Partial": 0, "Missed": 2763, "Spurious": 2555, "Possible": 8451, "Actual": 8243, "Precision": 0.6094552825947335, "Recall": 0.6124157032755299, "F1": 0.6106374438021837}}, "Objects": {"Ent_type": {"Correct": 6089, "Incorrect": 301, "Partial": 0, "Missed": 2071, "Spurious": 2228, "Possible": 8461, "Actual": 8618, "Precision": 0.6927883292045142, "Recall": 0.7159200385356455, "F1": 0.6997726282227728}, "Partial": {"Correct": 5664, "Incorrect": 0, "Partial": 726, "Missed": 2071, "Spurious": 2228, "Possible": 8461, "Actual": 8618, "Precision": 0.6898260448206257, "Recall": 0.7116148843930635, "F1": 0.6967957209377007}, "Strict": {"Correct": 5477, "Incorrect": 913, "Partial": 0, "Missed": 2071, "Spurious": 2228, "Possible": 8461, "Actual": 8618, "Precision": 0.6477480732177264, "Recall": 0.6508911368015414, "F1": 0.6489528855858335}, "Exact": {"Correct": 5664, "Incorrect": 726, "Partial": 0, "Missed": 2071, "Spurious": 2228, "Possible": 8461, "Actual": 8618, "Precision": 0.662935533076429, "Recall": 0.6726276493256262, "F1": 0.666309982567208}}}, "Exact_match": {"Precision": 0.1663932472709592, "Recall": 0.12173362260151727, "F1": 0.1321778005739223}}