{"Total_scores": {"Ent_type": {"Correct": 17756, "Incorrect": 358, "Partial": 0, "Missed": 6320, "Spurious": 5141, "Possible": 24434, "Actual": 23255, "Precision": 0.6913455671213209, "Recall": 0.7256762981574539, "F1": 0.7050040418821826}, "Partial": {"Correct": 15873, "Incorrect": 0, "Partial": 2241, "Missed": 6320, "Spurious": 5141, "Possible": 24434, "Actual": 23255, "Precision": 0.6685491694584031, "Recall": 0.6965253350083752, "F1": 0.6796921639917871}, "Strict": {"Correct": 15610, "Incorrect": 2504, "Partial": 0, "Missed": 6320, "Spurious": 5141, "Possible": 24434, "Actual": 23255, "Precision": 0.622720347770599, "Recall": 0.6421712730318258, "F1": 0.6305403083795044}, "Exact": {"Correct": 15873, "Incorrect": 2241, "Partial": 0, "Missed": 6320, "Spurious": 5141, "Possible": 24434, "Actual": 23255, "Precision": 0.6327403884501874, "Recall": 0.6529082914572865, "F1": 0.6408292314887792}}, "Scores_per_tag": {"Subjects": {"Ent_type": {"Correct": 6836, "Incorrect": 109, "Partial": 0, "Missed": 1301, "Spurious": 1162, "Possible": 8246, "Actual": 8107, "Precision": 0.7835741206030151, "Recall": 0.8232412060301507, "F1": 0.7960259631490787}, "Partial": {"Correct": 6069, "Incorrect": 0, "Partial": 876, "Missed": 1301, "Spurious": 1162, "Possible": 8246, "Actual": 8107, "Precision": 0.7659778056951424, "Recall": 0.7905150753768844, "F1": 0.7738307609475951}, "Strict": {"Correct": 6001, "Incorrect": 944, "Partial": 0, "Missed": 1301, "Spurious": 1162, "Possible": 8246, "Actual": 8107, "Precision": 0.7289091289782245, "Recall": 0.7361180904522613, "F1": 0.7315308686288586}, "Exact": {"Correct": 6069, "Incorrect": 876, "Partial": 0, "Missed": 1301, "Spurious": 1162, "Possible": 8246, "Actual": 8107, "Precision": 0.7364258793969849, "Recall": 0.7444723618090452, "F1": 0.7392863125149557}}, "Predicates": {"Ent_type": {"Correct": 5304, "Incorrect": 7, "Partial": 0, "Missed": 2787, "Spurious": 2067, "Possible": 8098, "Actual": 7378, "Precision": 0.6346628978224456, "Recall": 0.6489949748743719, "F1": 0.639677554438861}, "Partial": {"Correct": 4866, "Incorrect": 0, "Partial": 445, "Missed": 2787, "Spurious": 2067, "Possible": 8098, "Actual": 7378, "Precision": 0.6174204355108878, "Recall": 0.6262562814070352, "F1": 0.6205799832495812}, "Strict": {"Correct": 4866, "Incorrect": 445, "Partial": 0, "Missed": 2787, "Spurious": 2067, "Possible": 8098, "Actual": 7378, "Precision": 0.5997382747068677, "Recall": 0.6026381909547739, "F1": 0.6008961474036851}, "Exact": {"Correct": 4866, "Incorrect": 445, "Partial": 0, "Missed": 2787, "Spurious": 2067, "Possible": 8098, "Actual": 7378, "Precision": 0.5997382747068677, "Recall": 0.6026381909547739, "F1": 0.6008961474036851}}, "Objects": {"Ent_type": {"Correct": 5616, "Incorrect": 242, "Partial": 0, "Missed": 2232, "Spurious": 1912, "Possible": 8090, "Actual": 7770, "Precision": 0.6689109236659488, "Recall": 0.6909547738693468, "F1": 0.6754495692749461}, "Partial": {"Correct": 4938, "Incorrect": 0, "Partial": 920, "Missed": 2232, "Spurious": 1912, "Possible": 8090, "Actual": 7770, "Precision": 0.6444931502751855, "Recall": 0.665891959798995, "F1": 0.6511442629815746}, "Strict": {"Correct": 4743, "Incorrect": 1115, "Partial": 0, "Missed": 2232, "Spurious": 1912, "Possible": 8090, "Actual": 7770, "Precision": 0.5858752093802345, "Recall": 0.5885678391959799, "F1": 0.5868975831538645}, "Exact": {"Correct": 4938, "Incorrect": 920, "Partial": 0, "Missed": 2232, "Spurious": 1912, "Possible": 8090, "Actual": 7770, "Precision": 0.6010804020100502, "Recall": 0.6121859296482413, "F1": 0.6047619047619047}}}, "Exact_match": {"Precision": 0.18368069588527508, "Recall": 0.13539736683884374, "F1": 0.14679932701563478}}