{"Total_scores": {"Ent_type": {"Correct": 20827, "Incorrect": 98, "Partial": 0, "Missed": 9424, "Spurious": 8492, "Possible": 30349, "Actual": 29417, "Precision": 0.668396255612534, "Recall": 0.6834399893343999, "F1": 0.6742244390279587}, "Partial": {"Correct": 19268, "Incorrect": 0, "Partial": 1657, "Missed": 9424, "Spurious": 8492, "Possible": 30349, "Actual": 29417, "Precision": 0.6500428528575714, "Recall": 0.6618004866180048, "F1": 0.6543738555437385}, "Strict": {"Correct": 19172, "Incorrect": 1753, "Partial": 0, "Missed": 9424, "Spurious": 8492, "Possible": 30349, "Actual": 29417, "Precision": 0.6241685355273996, "Recall": 0.6322284438222844, "F1": 0.6271963857005353}, "Exact": {"Correct": 19268, "Incorrect": 1657, "Partial": 0, "Missed": 9424, "Spurious": 8492, "Possible": 30349, "Actual": 29417, "Precision": 0.6278914965646293, "Recall": 0.6361613838616138, "F1": 0.6308255465939697}}, "Scores_per_tag": {"Subjects": {"Ent_type": {"Correct": 7388, "Incorrect": 57, "Partial": 0, "Missed": 2755, "Spurious": 2553, "Possible": 10200, "Actual": 9998, "Precision": 0.7019298070192981, "Recall": 0.7157284271572842, "F1": 0.7068959770689598}, "Partial": {"Correct": 7092, "Incorrect": 0, "Partial": 353, "Missed": 2755, "Spurious": 2553, "Possible": 10200, "Actual": 9998, "Precision": 0.7000133320001333, "Recall": 0.7095290470952905, "F1": 0.7034963170349632}, "Strict": {"Correct": 7036, "Incorrect": 409, "Partial": 0, "Missed": 2755, "Spurious": 2553, "Possible": 10200, "Actual": 9998, "Precision": 0.6881978468819785, "Recall": 0.692030796920308, "F1": 0.6897310268973103}, "Exact": {"Correct": 7092, "Incorrect": 353, "Partial": 0, "Missed": 2755, "Spurious": 2553, "Possible": 10200, "Actual": 9998, "Precision": 0.6930973569309735, "Recall": 0.6976302369763023, "F1": 0.6948638469486385}}, "Predicates": {"Ent_type": {"Correct": 6798, "Incorrect": 3, "Partial": 0, "Missed": 3268, "Spurious": 2983, "Possible": 10069, "Actual": 9784, "Precision": 0.6568693130686931, "Recall": 0.672932706729327, "F1": 0.6619242837621}, "Partial": {"Correct": 5906, "Incorrect": 0, "Partial": 895, "Missed": 3268, "Spurious": 2983, "Possible": 10069, "Actual": 9784, "Precision": 0.6213903609639037, "Recall": 0.6301869813018698, "F1": 0.6242037700991806}, "Strict": {"Correct": 5903, "Incorrect": 898, "Partial": 0, "Missed": 3268, "Spurious": 2983, "Possible": 10069, "Actual": 9784, "Precision": 0.5856114388561144, "Recall": 0.5868413158684131, "F1": 0.5860832964322615}, "Exact": {"Correct": 5906, "Incorrect": 895, "Partial": 0, "Missed": 3268, "Spurious": 2983, "Possible": 10069, "Actual": 9784, "Precision": 0.5857614238576142, "Recall": 0.5871412858714129, "F1": 0.5862832764342614}}, "Objects": {"Ent_type": {"Correct": 6641, "Incorrect": 38, "Partial": 0, "Missed": 3401, "Spurious": 2956, "Possible": 10080, "Actual": 9635, "Precision": 0.648925107489251, "Recall": 0.6548345165483451, "F1": 0.6508568190799967}, "Partial": {"Correct": 6270, "Incorrect": 0, "Partial": 409, "Missed": 3401, "Spurious": 2956, "Possible": 10080, "Actual": 9635, "Precision": 0.6347440255974403, "Recall": 0.6404859514048595, "F1": 0.6366444307950158}, "Strict": {"Correct": 6233, "Incorrect": 446, "Partial": 0, "Missed": 3401, "Spurious": 2956, "Possible": 10080, "Actual": 9635, "Precision": 0.6164633536646336, "Recall": 0.6186381361863814, "F1": 0.6171992324577066}, "Exact": {"Correct": 6270, "Incorrect": 409, "Partial": 0, "Missed": 3401, "Spurious": 2956, "Possible": 10080, "Actual": 9635, "Precision": 0.6184631536846316, "Recall": 0.6223377662233777, "F1": 0.6197656424833707}}}, "Exact_match": {"Precision": 0.18746421493648718, "Recall": 0.12965306749817013, "F1": 0.14288165489910123}}