{"Total_scores": {"Ent_type": {"Correct": 19748, "Incorrect": 428, "Partial": 0, "Missed": 5380, "Spurious": 7419, "Possible": 25556, "Actual": 27595, "Precision": 0.7202912452432778, "Recall": 0.7718211616101052, "F1": 0.739577912527307}, "Partial": {"Correct": 17430, "Incorrect": 0, "Partial": 2746, "Missed": 5380, "Spurious": 7419, "Possible": 25556, "Actual": 27595, "Precision": 0.6979674016473992, "Recall": 0.7373316145021386, "F1": 0.7127687007333847}, "Strict": {"Correct": 17126, "Incorrect": 3050, "Partial": 0, "Missed": 5380, "Spurious": 7419, "Possible": 25556, "Actual": 27595, "Precision": 0.6471003959731625, "Recall": 0.6735220050365751, "F1": 0.6571746470475335}, "Exact": {"Correct": 17430, "Incorrect": 2746, "Partial": 0, "Missed": 5380, "Spurious": 7419, "Possible": 25556, "Actual": 27595, "Precision": 0.6589374896066346, "Recall": 0.6857436942878842, "F1": 0.6691567935601992}}, "Scores_per_tag": {"Subjects": {"Ent_type": {"Correct": 7681, "Incorrect": 113, "Partial": 0, "Missed": 811, "Spurious": 2606, "Possible": 8605, "Actual": 10400, "Precision": 0.8093553526459151, "Recall": 0.8893152656193788, "F1": 0.8299574384656528}, "Partial": {"Correct": 6357, "Incorrect": 0, "Partial": 1437, "Missed": 811, "Spurious": 2606, "Possible": 8605, "Actual": 10400, "Precision": 0.7800260108840275, "Recall": 0.8245592996762202, "F1": 0.791833124903637}, "Strict": {"Correct": 6280, "Incorrect": 1514, "Partial": 0, "Missed": 811, "Spurious": 2606, "Possible": 8605, "Actual": 10400, "Precision": 0.7303105316955899, "Recall": 0.7371987048806812, "F1": 0.7325831767731276}, "Exact": {"Correct": 6357, "Incorrect": 1437, "Partial": 0, "Missed": 811, "Spurious": 2606, "Possible": 8605, "Actual": 10400, "Precision": 0.738524945893935, "Recall": 0.7463724667226286, "F1": 0.7411173735193402}}, "Predicates": {"Ent_type": {"Correct": 5801, "Incorrect": 9, "Partial": 0, "Missed": 2671, "Spurious": 2648, "Possible": 8481, "Actual": 8458, "Precision": 0.662057800695527, "Recall": 0.6786185393932126, "F1": 0.6675300795459088}, "Partial": {"Correct": 5193, "Incorrect": 0, "Partial": 617, "Missed": 2671, "Spurious": 2648, "Possible": 8481, "Actual": 8458, "Precision": 0.6370058360314986, "Recall": 0.6469600671543351, "F1": 0.6403925330775073}, "Strict": {"Correct": 5192, "Incorrect": 618, "Partial": 0, "Missed": 2671, "Spurious": 2648, "Possible": 8481, "Actual": 8458, "Precision": 0.6112343606347683, "Recall": 0.6141024103609546, "F1": 0.6123755846024703}, "Exact": {"Correct": 5193, "Incorrect": 617, "Partial": 0, "Missed": 2671, "Spurious": 2648, "Possible": 8481, "Actual": 8458, "Precision": 0.6113542790902187, "Recall": 0.6142223288164048, "F1": 0.6124955030579207}}, "Objects": {"Ent_type": {"Correct": 6266, "Incorrect": 306, "Partial": 0, "Missed": 1898, "Spurious": 2165, "Possible": 8470, "Actual": 8737, "Precision": 0.7172120101188335, "Recall": 0.735100131910301, "F1": 0.7228635956121267}, "Partial": {"Correct": 5880, "Incorrect": 0, "Partial": 692, "Missed": 1898, "Spurious": 2165, "Possible": 8470, "Actual": 8737, "Precision": 0.7116370867809889, "Recall": 0.7340208658112484, "F1": 0.7189709568921705}, "Strict": {"Correct": 5654, "Incorrect": 918, "Partial": 0, "Missed": 1898, "Spurious": 2165, "Possible": 8470, "Actual": 8737, "Precision": 0.6668445457089179, "Recall": 0.6698644921453412, "F1": 0.6679903379987323}, "Exact": {"Correct": 5880, "Incorrect": 692, "Partial": 0, "Missed": 1898, "Spurious": 2165, "Possible": 8470, "Actual": 8737, "Precision": 0.6830806480164916, "Recall": 0.6967262261662069, "F1": 0.6877269171249265}}}, "Exact_match": {"Precision": 0.17532859039916573, "Recall": 0.13332637797637625, "F1": 0.14273727634515626}}