{"Total_scores": {"Ent_type": {"Correct": 18454, "Incorrect": 345, "Partial": 0, "Missed": 5983, "Spurious": 6012, "Possible": 24782, "Actual": 24811, "Precision": 0.7045357384425087, "Recall": 0.7435216015127225, "F1": 0.7194622839924356}, "Partial": {"Correct": 16204, "Incorrect": 0, "Partial": 2595, "Missed": 5983, "Spurious": 6012, "Possible": 24782, "Actual": 24811, "Precision": 0.6774974722116787, "Recall": 0.7069644839067702, "F1": 0.6888642665141}, "Strict": {"Correct": 15928, "Incorrect": 2871, "Partial": 0, "Missed": 5983, "Spurious": 6012, "Possible": 24782, "Actual": 24811, "Precision": 0.6262750249709184, "Recall": 0.6452193036543757, "F1": 0.6337581356449281}, "Exact": {"Correct": 16204, "Incorrect": 2595, "Partial": 0, "Missed": 5983, "Spurious": 6012, "Possible": 24782, "Actual": 24811, "Precision": 0.6371346518405342, "Recall": 0.6564516792041765, "F1": 0.6447480979852419}}, "Scores_per_tag": {"Subjects": {"Ent_type": {"Correct": 7131, "Incorrect": 75, "Partial": 0, "Missed": 1097, "Spurious": 1654, "Possible": 8303, "Actual": 8860, "Precision": 0.800458338471657, "Recall": 0.855715871254162, "F1": 0.8152575915062041}, "Partial": {"Correct": 6119, "Incorrect": 0, "Partial": 1087, "Missed": 1097, "Spurious": 1654, "Possible": 8303, "Actual": 8860, "Precision": 0.7734461709211987, "Recall": 0.8036749290911334, "F1": 0.7818241342658657}, "Strict": {"Correct": 6071, "Incorrect": 1135, "Partial": 0, "Missed": 1097, "Spurious": 1654, "Possible": 8303, "Actual": 8860, "Precision": 0.7326838492210301, "Recall": 0.7368356147490442, "F1": 0.7342911168660337}, "Exact": {"Correct": 6119, "Incorrect": 1087, "Partial": 0, "Missed": 1097, "Spurious": 1654, "Possible": 8303, "Actual": 8860, "Precision": 0.7381099190200189, "Recall": 0.7426316438525096, "F1": 0.7398405064331812}}, "Predicates": {"Ent_type": {"Correct": 5505, "Incorrect": 9, "Partial": 0, "Missed": 2732, "Spurious": 2308, "Possible": 8246, "Actual": 7822, "Precision": 0.6464504460064948, "Recall": 0.661980515476631, "F1": 0.6516463189049204}, "Partial": {"Correct": 4950, "Incorrect": 0, "Partial": 564, "Missed": 2732, "Spurious": 2308, "Possible": 8246, "Actual": 7822, "Precision": 0.6231029308998233, "Recall": 0.6325379208287089, "F1": 0.6263493237966046}, "Strict": {"Correct": 4949, "Incorrect": 565, "Partial": 0, "Missed": 2732, "Spurious": 2308, "Possible": 8246, "Actual": 7822, "Precision": 0.5990154971841987, "Recall": 0.6018621284991984, "F1": 0.6001479837217906}, "Exact": {"Correct": 4950, "Incorrect": 564, "Partial": 0, "Missed": 2732, "Spurious": 2308, "Possible": 8246, "Actual": 7822, "Precision": 0.5991388169523575, "Recall": 0.6019854482673572, "F1": 0.6002713034899494}}, "Objects": {"Ent_type": {"Correct": 5818, "Incorrect": 261, "Partial": 0, "Missed": 2154, "Spurious": 2050, "Possible": 8233, "Actual": 8129, "Precision": 0.6847697150138882, "Recall": 0.7026760389690467, "F1": 0.6903226280029832}, "Partial": {"Correct": 5135, "Incorrect": 0, "Partial": 944, "Missed": 2154, "Spurious": 2050, "Possible": 8233, "Actual": 8129, "Precision": 0.657273810991902, "Recall": 0.6798002219755827, "F1": 0.6645160579955253}, "Strict": {"Correct": 4908, "Incorrect": 1171, "Partial": 0, "Missed": 2154, "Spurious": 2050, "Possible": 8233, "Actual": 8129, "Precision": 0.5950774859209932, "Recall": 0.5978542360340362, "F1": 0.5961242358578651}, "Exact": {"Correct": 5135, "Incorrect": 944, "Partial": 0, "Missed": 2154, "Spurious": 2050, "Possible": 8233, "Actual": 8129, "Precision": 0.6112643799658228, "Recall": 0.6254778641016155, "F1": 0.6160036761035651}}}, "Exact_match": {"Precision": 0.18577581044429606, "Recall": 0.14351093521019936, "F1": 0.15310631583951526}}