{"Total_scores": {"Ent_type": {"Correct": 17970, "Incorrect": 208, "Partial": 0, "Missed": 5664, "Spurious": 4911, "Possible": 23842, "Actual": 23089, "Precision": 0.7194947432729747, "Recall": 0.7522755306026966, "F1": 0.7321114413887009}, "Partial": {"Correct": 15842, "Incorrect": 0, "Partial": 2336, "Missed": 5664, "Spurious": 4911, "Possible": 23842, "Actual": 23089, "Precision": 0.6878138095440635, "Recall": 0.713193824167411, "F1": 0.697657672998252}, "Strict": {"Correct": 15689, "Incorrect": 2489, "Partial": 0, "Missed": 5664, "Spurious": 4911, "Possible": 23842, "Actual": 23089, "Precision": 0.642846997472492, "Recall": 0.6595019352643443, "F1": 0.6494169996380476}, "Exact": {"Correct": 15842, "Incorrect": 2336, "Partial": 0, "Missed": 5664, "Spurious": 4911, "Possible": 23842, "Actual": 23089, "Precision": 0.6487107167852351, "Recall": 0.66577559440262, "F1": 0.6554355171533113}}, "Scores_per_tag": {"Subjects": {"Ent_type": {"Correct": 6811, "Incorrect": 57, "Partial": 0, "Missed": 1081, "Spurious": 1142, "Possible": 7949, "Actual": 8010, "Precision": 0.8166762366551826, "Recall": 0.8547913742503509, "F1": 0.8272794294869068}, "Partial": {"Correct": 5931, "Incorrect": 0, "Partial": 937, "Missed": 1081, "Spurious": 1142, "Possible": 7949, "Actual": 8010, "Precision": 0.7849703330356004, "Recall": 0.8058568329718004, "F1": 0.790940765315526}, "Strict": {"Correct": 5904, "Incorrect": 964, "Partial": 0, "Missed": 1081, "Spurious": 1142, "Possible": 7949, "Actual": 8010, "Precision": 0.7436306409765642, "Recall": 0.7462039045553145, "F1": 0.7446067798051975}, "Exact": {"Correct": 5931, "Incorrect": 937, "Partial": 0, "Missed": 1081, "Spurious": 1142, "Possible": 7949, "Actual": 8010, "Precision": 0.7468844370720088, "Recall": 0.7496491004210795, "F1": 0.7479243758240823}}, "Predicates": {"Ent_type": {"Correct": 5327, "Incorrect": 5, "Partial": 0, "Missed": 2599, "Spurious": 2054, "Possible": 7931, "Actual": 7386, "Precision": 0.6537982221088001, "Recall": 0.6677299987240015, "F1": 0.658483870771736}, "Partial": {"Correct": 4782, "Incorrect": 0, "Partial": 550, "Missed": 2599, "Spurious": 2054, "Possible": 7931, "Actual": 7386, "Precision": 0.6280315596954616, "Recall": 0.6362766364680362, "F1": 0.6308551620214247}, "Strict": {"Correct": 4781, "Incorrect": 551, "Partial": 0, "Missed": 2599, "Spurious": 2054, "Possible": 7931, "Actual": 7386, "Precision": 0.6018820977414827, "Recall": 0.6040576751307899, "F1": 0.6027160538835925}, "Exact": {"Correct": 4782, "Incorrect": 550, "Partial": 0, "Missed": 2599, "Spurious": 2054, "Possible": 7931, "Actual": 7386, "Precision": 0.6019458976649228, "Recall": 0.60418527497767, "F1": 0.6028011204481792}}, "Objects": {"Ent_type": {"Correct": 5832, "Incorrect": 146, "Partial": 0, "Missed": 1984, "Spurious": 1715, "Possible": 7962, "Actual": 7693, "Precision": 0.7118643552865832, "Recall": 0.7305091233890519, "F1": 0.7174565704806869}, "Partial": {"Correct": 5129, "Incorrect": 0, "Partial": 849, "Missed": 1984, "Spurious": 1715, "Possible": 7962, "Actual": 7693, "Precision": 0.6802452651342533, "Recall": 0.6966632640040832, "F1": 0.6854085017955122}, "Strict": {"Correct": 5004, "Incorrect": 974, "Partial": 0, "Missed": 1984, "Spurious": 1715, "Possible": 7962, "Actual": 7693, "Precision": 0.6290608651269618, "Recall": 0.6316830419803496, "F1": 0.6300394344288691}, "Exact": {"Correct": 5129, "Incorrect": 849, "Partial": 0, "Missed": 1984, "Spurious": 1715, "Possible": 7962, "Actual": 7693, "Precision": 0.6383650206286419, "Recall": 0.646484624218451, "F1": 0.6411193544662984}}}, "Exact_match": {"Precision": 0.18835860705347232, "Recall": 0.1409187726476271, "F1": 0.1517117009252022}}