{"Total_scores": {"Ent_type": {"Correct": 19100, "Incorrect": 237, "Partial": 0, "Missed": 5059, "Spurious": 6212, "Possible": 24396, "Actual": 25549, "Precision": 0.7335117479139218, "Recall": 0.781463434949192, "F1": 0.7514122761818767}, "Partial": {"Correct": 16771, "Incorrect": 0, "Partial": 2566, "Missed": 5059, "Spurious": 6212, "Possible": 24396, "Actual": 25549, "Precision": 0.7038257747028361, "Recall": 0.740266325170748, "F1": 0.7175660277758126}, "Strict": {"Correct": 16606, "Incorrect": 2731, "Partial": 0, "Missed": 5059, "Spurious": 6212, "Possible": 24396, "Actual": 25549, "Precision": 0.6587204278452404, "Recall": 0.6827544561052806, "F1": 0.6679346621603435}, "Exact": {"Correct": 16771, "Incorrect": 2566, "Partial": 0, "Missed": 5059, "Spurious": 6212, "Possible": 24396, "Actual": 25549, "Precision": 0.6651623457751643, "Recall": 0.6895114942528735, "F1": 0.6745037829723428}}, "Scores_per_tag": {"Subjects": {"Ent_type": {"Correct": 7295, "Incorrect": 78, "Partial": 0, "Missed": 793, "Spurious": 2003, "Possible": 8166, "Actual": 9376, "Precision": 0.8237867673306204, "Recall": 0.8911794102948526, "F1": 0.8416067759770908}, "Partial": {"Correct": 6053, "Incorrect": 0, "Partial": 1320, "Missed": 793, "Spurious": 2003, "Possible": 8166, "Actual": 9376, "Precision": 0.7868271965207873, "Recall": 0.8235257371314343, "F1": 0.7967650599303523}, "Strict": {"Correct": 6011, "Incorrect": 1362, "Partial": 0, "Missed": 793, "Spurious": 2003, "Possible": 8166, "Actual": 9376, "Precision": 0.736811653696961, "Recall": 0.7408795602198901, "F1": 0.7382218612915764}, "Exact": {"Correct": 6053, "Incorrect": 1320, "Partial": 0, "Missed": 793, "Spurious": 2003, "Possible": 8166, "Actual": 9376, "Precision": 0.7413718735870161, "Recall": 0.7461269365317341, "F1": 0.7430111333222278}}, "Predicates": {"Ent_type": {"Correct": 5600, "Incorrect": 5, "Partial": 0, "Missed": 2493, "Spurious": 2405, "Possible": 8098, "Actual": 8010, "Precision": 0.6686219390304847, "Recall": 0.6879060469765117, "F1": 0.6746466052687942}, "Partial": {"Correct": 4978, "Incorrect": 0, "Partial": 627, "Missed": 2493, "Spurious": 2405, "Possible": 8098, "Actual": 8010, "Precision": 0.6414042978510744, "Recall": 0.6522988505747126, "F1": 0.6448873777397016}, "Strict": {"Correct": 4977, "Incorrect": 628, "Partial": 0, "Missed": 2493, "Spurious": 2405, "Possible": 8098, "Actual": 8010, "Precision": 0.613811844077961, "Recall": 0.6159420289855072, "F1": 0.6146284000856714}, "Exact": {"Correct": 4978, "Incorrect": 627, "Partial": 0, "Missed": 2493, "Spurious": 2405, "Possible": 8098, "Actual": 8010, "Precision": 0.6138743128435782, "Recall": 0.6160669665167416, "F1": 0.614711691773161}}, "Objects": {"Ent_type": {"Correct": 6205, "Incorrect": 154, "Partial": 0, "Missed": 1773, "Spurious": 1804, "Possible": 8132, "Actual": 8163, "Precision": 0.741551843126056, "Recall": 0.7602448775612194, "F1": 0.7472272792175341}, "Partial": {"Correct": 5740, "Incorrect": 0, "Partial": 619, "Missed": 1773, "Spurious": 1804, "Possible": 8132, "Actual": 8163, "Precision": 0.7279275540801028, "Recall": 0.7435344827586207, "F1": 0.7328997703529188}, "Strict": {"Correct": 5618, "Incorrect": 741, "Partial": 0, "Missed": 1773, "Spurious": 1804, "Possible": 8132, "Actual": 8163, "Precision": 0.6915646343494919, "Recall": 0.6944027986006996, "F1": 0.6926310654196711}, "Exact": {"Correct": 5740, "Incorrect": 619, "Partial": 0, "Missed": 1773, "Spurious": 1804, "Possible": 8132, "Actual": 8163, "Precision": 0.7016533399966683, "Recall": 0.7089580209895052, "F1": 0.7041961162276005}}}, "Exact_match": {"Precision": 0.17984873539186322, "Recall": 0.13277288378457716, "F1": 0.14341832808267527}}