{"Total_scores": {"Ent_type": {"Correct": 22710, "Incorrect": 421, "Partial": 0, "Missed": 6275, "Spurious": 5823, "Possible": 29406, "Actual": 28954, "Precision": 0.7273168094791806, "Recall": 0.770852233676976, "F1": 0.7438745072224453}, "Partial": {"Correct": 19742, "Incorrect": 0, "Partial": 3389, "Missed": 6275, "Spurious": 5823, "Possible": 29406, "Actual": 28954, "Precision": 0.6945281180732211, "Recall": 0.7286795532646048, "F1": 0.7073500889145219}, "Strict": {"Correct": 19485, "Incorrect": 3646, "Partial": 0, "Missed": 6275, "Spurious": 5823, "Possible": 29406, "Actual": 28954, "Precision": 0.6383815474330938, "Recall": 0.6632079037800687, "F1": 0.647908033261126}, "Exact": {"Correct": 19742, "Incorrect": 3389, "Partial": 0, "Missed": 6275, "Spurious": 5823, "Possible": 29406, "Actual": 28954, "Precision": 0.6469701581351066, "Recall": 0.6720481099656357, "F1": 0.6565123607778247}}, "Scores_per_tag": {"Subjects": {"Ent_type": {"Correct": 8242, "Incorrect": 161, "Partial": 0, "Missed": 1362, "Spurious": 1520, "Possible": 9765, "Actual": 9923, "Precision": 0.797803264604811, "Recall": 0.8429896907216495, "F1": 0.8107857961053837}, "Partial": {"Correct": 7175, "Incorrect": 0, "Partial": 1228, "Missed": 1362, "Spurious": 1520, "Possible": 9765, "Actual": 9923, "Precision": 0.7743698453608248, "Recall": 0.7979639175257732, "F1": 0.7812202176403207}, "Strict": {"Correct": 7134, "Incorrect": 1269, "Partial": 0, "Missed": 1362, "Spurious": 1520, "Possible": 9765, "Actual": 9923, "Precision": 0.7308848797250859, "Recall": 0.7321134020618557, "F1": 0.7313453608247422}, "Exact": {"Correct": 7175, "Incorrect": 1228, "Partial": 0, "Missed": 1362, "Spurious": 1520, "Possible": 9765, "Actual": 9923, "Precision": 0.7349570446735395, "Recall": 0.7363402061855671, "F1": 0.7354690721649485}}, "Predicates": {"Ent_type": {"Correct": 6747, "Incorrect": 14, "Partial": 0, "Missed": 3005, "Spurious": 2279, "Possible": 9766, "Actual": 9040, "Precision": 0.6762577319587629, "Recall": 0.6887628865979382, "F1": 0.680213058419244}, "Partial": {"Correct": 6004, "Incorrect": 0, "Partial": 757, "Missed": 3005, "Spurious": 2279, "Possible": 9766, "Actual": 9040, "Precision": 0.6455472508591066, "Recall": 0.6528865979381443, "F1": 0.6479106529209622}, "Strict": {"Correct": 6002, "Incorrect": 759, "Partial": 0, "Missed": 3005, "Spurious": 2279, "Possible": 9766, "Actual": 9040, "Precision": 0.6140120274914089, "Recall": 0.615360824742268, "F1": 0.6145085910652921}, "Exact": {"Correct": 6004, "Incorrect": 757, "Partial": 0, "Missed": 3005, "Spurious": 2279, "Possible": 9766, "Actual": 9040, "Precision": 0.6141151202749141, "Recall": 0.6155670103092783, "F1": 0.6146460481099656}}, "Objects": {"Ent_type": {"Correct": 7721, "Incorrect": 246, "Partial": 0, "Missed": 1908, "Spurious": 2024, "Possible": 9875, "Actual": 9991, "Precision": 0.7499414580265096, "Recall": 0.7779381443298969, "F1": 0.7577291768941253}, "Partial": {"Correct": 6563, "Incorrect": 0, "Partial": 1404, "Missed": 1908, "Spurious": 2024, "Possible": 9875, "Actual": 9991, "Precision": 0.7119166053019146, "Recall": 0.735360824742268, "F1": 0.7187924234986091}, "Strict": {"Correct": 6349, "Incorrect": 1618, "Partial": 0, "Missed": 1908, "Spurious": 2024, "Possible": 9875, "Actual": 9991, "Precision": 0.6418213058419244, "Recall": 0.6455154639175258, "F1": 0.6431615120274914}, "Exact": {"Correct": 6563, "Incorrect": 1404, "Partial": 0, "Missed": 1908, "Spurious": 2024, "Possible": 9875, "Actual": 9991, "Precision": 0.6562972508591065, "Recall": 0.6675257731958762, "F1": 0.6599278350515464}}}, "Exact_match": {"Precision": 0.1906529362869585, "Recall": 0.1329805241997667, "F1": 0.14701635945231356}}