{"Total_scores": {"Ent_type": {"Correct": 17131, "Incorrect": 112, "Partial": 0, "Missed": 7060, "Spurious": 6338, "Possible": 24303, "Actual": 23581, "Precision": 0.6873990670360636, "Recall": 0.7025008287750705, "F1": 0.6933171309600946}, "Partial": {"Correct": 16065, "Incorrect": 0, "Partial": 1178, "Missed": 7060, "Spurious": 6338, "Possible": 24303, "Actual": 23581, "Precision": 0.6710843337832398, "Recall": 0.6853451848168407, "F1": 0.6764433153729523}, "Strict": {"Correct": 15962, "Incorrect": 1281, "Partial": 0, "Missed": 7060, "Spurious": 6338, "Possible": 24303, "Actual": 23581, "Precision": 0.6479322061992375, "Recall": 0.6554885629040278, "F1": 0.6510496920616264}, "Exact": {"Correct": 16065, "Incorrect": 1178, "Partial": 0, "Missed": 7060, "Spurious": 6338, "Possible": 24303, "Actual": 23581, "Precision": 0.6511437095972153, "Recall": 0.6616007790485662, "F1": 0.6550941144054023}}, "Scores_per_tag": {"Subjects": {"Ent_type": {"Correct": 6166, "Incorrect": 17, "Partial": 0, "Missed": 1892, "Spurious": 1564, "Possible": 8075, "Actual": 7747, "Precision": 0.7442400132604011, "Recall": 0.7522376926902039, "F1": 0.747182164760484}, "Partial": {"Correct": 6000, "Incorrect": 0, "Partial": 183, "Missed": 1892, "Spurious": 1564, "Possible": 8075, "Actual": 7747, "Precision": 0.7408627548483342, "Recall": 0.746550223769269, "F1": 0.7429761312779711}, "Strict": {"Correct": 5987, "Incorrect": 196, "Partial": 0, "Missed": 1892, "Spurious": 1564, "Possible": 8075, "Actual": 7747, "Precision": 0.7347505387037958, "Recall": 0.7371332670313276, "F1": 0.7357036300348085}, "Exact": {"Correct": 6000, "Incorrect": 183, "Partial": 0, "Missed": 1892, "Spurious": 1564, "Possible": 8075, "Actual": 7747, "Precision": 0.7359315431791812, "Recall": 0.7387493784186971, "F1": 0.737029670147522}}, "Predicates": {"Ent_type": {"Correct": 5621, "Incorrect": 5, "Partial": 0, "Missed": 2513, "Spurious": 2427, "Possible": 8139, "Actual": 8053, "Precision": 0.6668096303663186, "Recall": 0.6869716558925908, "F1": 0.6730695460680542}, "Partial": {"Correct": 4969, "Incorrect": 0, "Partial": 657, "Missed": 2513, "Spurious": 2427, "Possible": 8139, "Actual": 8053, "Precision": 0.6384012928891099, "Recall": 0.6497078567876678, "F1": 0.6419934408372996}, "Strict": {"Correct": 4968, "Incorrect": 658, "Partial": 0, "Missed": 2513, "Spurious": 2427, "Possible": 8139, "Actual": 8053, "Precision": 0.6095578484999171, "Recall": 0.6116981601193436, "F1": 0.6103786318107551}, "Exact": {"Correct": 4969, "Incorrect": 657, "Partial": 0, "Missed": 2513, "Spurious": 2427, "Possible": 8139, "Actual": 8053, "Precision": 0.6096200066302006, "Recall": 0.6118224763799105, "F1": 0.6104615093177997}}, "Objects": {"Ent_type": {"Correct": 5344, "Incorrect": 90, "Partial": 0, "Missed": 2655, "Spurious": 2347, "Possible": 8089, "Actual": 7781, "Precision": 0.6523102105088678, "Recall": 0.6576330183988066, "F1": 0.6540527100944804}, "Partial": {"Correct": 5096, "Incorrect": 0, "Partial": 338, "Missed": 2655, "Spurious": 2347, "Possible": 8089, "Actual": 7781, "Precision": 0.6408099204375932, "Recall": 0.6494903033316758, "F1": 0.6437054533399635}, "Strict": {"Correct": 5007, "Incorrect": 427, "Partial": 0, "Missed": 2655, "Spurious": 2347, "Possible": 8089, "Actual": 7781, "Precision": 0.617686060003315, "Recall": 0.6190949776230731, "F1": 0.6181916127962871}, "Exact": {"Correct": 5096, "Incorrect": 338, "Partial": 0, "Missed": 2655, "Spurious": 2347, "Possible": 8089, "Actual": 7781, "Precision": 0.6234667661196751, "Recall": 0.6301591248135257, "F1": 0.6257334659373446}}}, "Exact_match": {"Precision": 0.1770332665740589, "Recall": 0.13069437089800645, "F1": 0.1411731645026334}}