{"Total_scores": {"Ent_type": {"Correct": 1245, "Incorrect": 35, "Partial": 0, "Missed": 328, "Spurious": 337, "Possible": 1608, "Actual": 1617, "Precision": 0.7382925298179536, "Recall": 0.7730696798493408, "F1": 0.7508793884500099}, "Partial": {"Correct": 1127, "Incorrect": 0, "Partial": 153, "Missed": 328, "Spurious": 337, "Possible": 1608, "Actual": 1617, "Precision": 0.7177237467491705, "Recall": 0.748352165725047, "F1": 0.7287830551954846}, "Strict": {"Correct": 1101, "Incorrect": 179, "Partial": 0, "Missed": 328, "Spurious": 337, "Possible": 1608, "Actual": 1617, "Precision": 0.6641355035422832, "Recall": 0.6853421217827997, "F1": 0.6718549498210515}, "Exact": {"Correct": 1127, "Incorrect": 153, "Partial": 0, "Missed": 328, "Spurious": 337, "Possible": 1608, "Actual": 1617, "Precision": 0.6786992198009147, "Recall": 0.7016635279347143, "F1": 0.6870227700736176}}, "Scores_per_tag": {"Subjects": {"Ent_type": {"Correct": 464, "Incorrect": 14, "Partial": 0, "Missed": 58, "Spurious": 96, "Possible": 536, "Actual": 574, "Precision": 0.8229441305712493, "Recall": 0.864406779661017, "F1": 0.8322392610528204}, "Partial": {"Correct": 407, "Incorrect": 0, "Partial": 71, "Missed": 58, "Spurious": 96, "Possible": 536, "Actual": 574, "Precision": 0.8047551789077213, "Recall": 0.826271186440678, "F1": 0.809716617343736}, "Strict": {"Correct": 402, "Incorrect": 76, "Partial": 0, "Missed": 58, "Spurious": 96, "Possible": 536, "Actual": 574, "Precision": 0.7507846829880728, "Recall": 0.7523540489642184, "F1": 0.751412429378531}, "Exact": {"Correct": 407, "Incorrect": 71, "Partial": 0, "Missed": 58, "Spurious": 96, "Possible": 536, "Actual": 574, "Precision": 0.7602008788449467, "Recall": 0.7617702448210922, "F1": 0.7608286252354048}}, "Predicates": {"Ent_type": {"Correct": 366, "Incorrect": 0, "Partial": 0, "Missed": 171, "Spurious": 145, "Possible": 537, "Actual": 511, "Precision": 0.6679221594475832, "Recall": 0.6779661016949152, "F1": 0.6713119899560578}, "Partial": {"Correct": 317, "Incorrect": 0, "Partial": 49, "Missed": 171, "Spurious": 145, "Possible": 537, "Actual": 511, "Precision": 0.6286880100439423, "Recall": 0.6346516007532956, "F1": 0.6307595731324545}, "Strict": {"Correct": 317, "Incorrect": 49, "Partial": 0, "Missed": 171, "Spurious": 145, "Possible": 537, "Actual": 511, "Precision": 0.5894538606403014, "Recall": 0.591337099811676, "F1": 0.5902071563088512}, "Exact": {"Correct": 317, "Incorrect": 49, "Partial": 0, "Missed": 171, "Spurious": 145, "Possible": 537, "Actual": 511, "Precision": 0.5894538606403014, "Recall": 0.591337099811676, "F1": 0.5902071563088512}}, "Objects": {"Ent_type": {"Correct": 415, "Incorrect": 21, "Partial": 0, "Missed": 99, "Spurious": 96, "Possible": 535, "Actual": 532, "Precision": 0.7650659133709982, "Recall": 0.7740112994350282, "F1": 0.7679221594475831}, "Partial": {"Correct": 403, "Incorrect": 0, "Partial": 33, "Missed": 99, "Spurious": 96, "Possible": 535, "Actual": 532, "Precision": 0.764202762084118, "Recall": 0.7843691148775894, "F1": 0.7700968523002422}, "Strict": {"Correct": 382, "Incorrect": 54, "Partial": 0, "Missed": 99, "Spurious": 96, "Possible": 535, "Actual": 532, "Precision": 0.714375392341494, "Recall": 0.7156308851224106, "F1": 0.7148775894538606}, "Exact": {"Correct": 403, "Incorrect": 33, "Partial": 0, "Missed": 99, "Spurious": 96, "Possible": 535, "Actual": 532, "Precision": 0.738857501569366, "Recall": 0.7551789077212806, "F1": 0.7435745673033809}}}, "Exact_match": {"Precision": 0.21689497716894976, "Recall": 0.19942922374429223, "F1": 0.20524026962383124}}