{"Total_scores": {"Ent_type": {"Correct": 22643, "Incorrect": 448, "Partial": 0, "Missed": 6575, "Spurious": 6118, "Possible": 29666, "Actual": 29209, "Precision": 0.7177302201656842, "Recall": 0.7612425732431879, "F1": 0.733554445575849}, "Partial": {"Correct": 20241, "Incorrect": 0, "Partial": 2850, "Missed": 6575, "Spurious": 6118, "Possible": 29666, "Actual": 29209, "Precision": 0.694957117821285, "Recall": 0.7296506863347675, "F1": 0.7076192501433833}, "Strict": {"Correct": 19876, "Incorrect": 3215, "Partial": 0, "Missed": 6575, "Spurious": 6118, "Possible": 29666, "Actual": 29209, "Precision": 0.6458742315072985, "Recall": 0.6706651642423, "F1": 0.6550296953890721}, "Exact": {"Correct": 20241, "Incorrect": 2850, "Partial": 0, "Missed": 6575, "Spurious": 6118, "Possible": 29666, "Actual": 29209, "Precision": 0.6578125296702433, "Recall": 0.6830004097521, "F1": 0.6671096810093159}}, "Scores_per_tag": {"Subjects": {"Ent_type": {"Correct": 8227, "Incorrect": 197, "Partial": 0, "Missed": 1428, "Spurious": 1941, "Possible": 9852, "Actual": 10365, "Precision": 0.7889465712529634, "Recall": 0.833640647408318, "F1": 0.7994954520768903}, "Partial": {"Correct": 7311, "Incorrect": 0, "Partial": 1113, "Missed": 1428, "Spurious": 1941, "Possible": 9852, "Actual": 10365, "Precision": 0.7742555560433557, "Recall": 0.798939766441303, "F1": 0.7802691355856691}, "Strict": {"Correct": 7147, "Incorrect": 1277, "Partial": 0, "Missed": 1428, "Spurious": 1941, "Possible": 9852, "Actual": 10365, "Precision": 0.725418532502122, "Recall": 0.7275660725261217, "F1": 0.7261182817728608}, "Exact": {"Correct": 7311, "Incorrect": 1113, "Partial": 0, "Missed": 1428, "Spurious": 1941, "Possible": 9852, "Actual": 10365, "Precision": 0.7411086233305041, "Recall": 0.7442634706002869, "F1": 0.7421327596803934}}, "Predicates": {"Ent_type": {"Correct": 6848, "Incorrect": 12, "Partial": 0, "Missed": 3037, "Spurious": 2415, "Possible": 9897, "Actual": 9275, "Precision": 0.6694205422386124, "Recall": 0.6878713378406064, "F1": 0.675221217353977}, "Partial": {"Correct": 6100, "Incorrect": 0, "Partial": 760, "Missed": 3037, "Spurious": 2415, "Possible": 9897, "Actual": 9275, "Precision": 0.6427320221266134, "Recall": 0.6534265519360787, "F1": 0.6461934517712022}, "Strict": {"Correct": 6097, "Incorrect": 763, "Partial": 0, "Missed": 3037, "Spurious": 2415, "Possible": 9897, "Actual": 9275, "Precision": 0.6153776548521478, "Recall": 0.6177525097316123, "F1": 0.6163052067784704}, "Exact": {"Correct": 6100, "Incorrect": 760, "Partial": 0, "Missed": 3037, "Spurious": 2415, "Possible": 9897, "Actual": 9275, "Precision": 0.6154971658813084, "Recall": 0.6179573857816021, "F1": 0.6164554492151296}}, "Objects": {"Ent_type": {"Correct": 7568, "Incorrect": 239, "Partial": 0, "Missed": 2110, "Spurious": 1762, "Possible": 9917, "Actual": 9569, "Precision": 0.7379997733946719, "Recall": 0.7593730792870313, "F1": 0.7440888444115242}, "Partial": {"Correct": 6830, "Incorrect": 0, "Partial": 977, "Missed": 2110, "Spurious": 1762, "Possible": 9917, "Actual": 9569, "Precision": 0.7222863235924084, "Recall": 0.73740012292563, "F1": 0.7268014302049336}, "Strict": {"Correct": 6632, "Incorrect": 1175, "Partial": 0, "Missed": 2110, "Spurious": 1762, "Possible": 9917, "Actual": 9569, "Precision": 0.6684317824837186, "Recall": 0.6714300348289285, "F1": 0.6695412352449844}, "Exact": {"Correct": 6830, "Incorrect": 977, "Partial": 0, "Missed": 2110, "Spurious": 1762, "Possible": 9917, "Actual": 9569, "Precision": 0.6859657577620085, "Recall": 0.6914566687154272, "F1": 0.6878459347113312}}}, "Exact_match": {"Precision": 0.14599064132517464, "Recall": 0.08093186287807463, "F1": 0.09642026505713984}}