{"Total_scores": {"Ent_type": {"Correct": 6, "Incorrect": 0, "Partial": 0, "Missed": 3, "Spurious": 0, "Possible": 9, "Actual": 6, "Precision": 0.6666666666666666, "Recall": 0.6666666666666666, "F1": 0.6666666666666666}, "Partial": {"Correct": 6, "Incorrect": 0, "Partial": 0, "Missed": 3, "Spurious": 0, "Possible": 9, "Actual": 6, "Precision": 0.6666666666666666, "Recall": 0.6666666666666666, "F1": 0.6666666666666666}, "Strict": {"Correct": 6, "Incorrect": 0, "Partial": 0, "Missed": 3, "Spurious": 0, "Possible": 9, "Actual": 6, "Precision": 0.6666666666666666, "Recall": 0.6666666666666666, "F1": 0.6666666666666666}, "Exact": {"Correct": 6, "Incorrect": 0, "Partial": 0, "Missed": 3, "Spurious": 0, "Possible": 9, "Actual": 6, "Precision": 0.6666666666666666, "Recall": 0.6666666666666666, "F1": 0.6666666666666666}}, "Scores_per_tag": {"Subjects": {"Ent_type": {"Correct": 2, "Incorrect": 0, "Partial": 0, "Missed": 1, "Spurious": 0, "Possible": 3, "Actual": 2, "Precision": 0.6666666666666666, "Recall": 0.6666666666666666, "F1": 0.6666666666666666}, "Partial": {"Correct": 2, "Incorrect": 0, "Partial": 0, "Missed": 1, "Spurious": 0, "Possible": 3, "Actual": 2, "Precision": 0.6666666666666666, "Recall": 0.6666666666666666, "F1": 0.6666666666666666}, "Strict": {"Correct": 2, "Incorrect": 0, "Partial": 0, "Missed": 1, "Spurious": 0, "Possible": 3, "Actual": 2, "Precision": 0.6666666666666666, "Recall": 0.6666666666666666, "F1": 0.6666666666666666}, "Exact": {"Correct": 2, "Incorrect": 0, "Partial": 0, "Missed": 1, "Spurious": 0, "Possible": 3, "Actual": 2, "Precision": 0.6666666666666666, "Recall": 0.6666666666666666, "F1": 0.6666666666666666}}, "Predicates": {"Ent_type": {"Correct": 2, "Incorrect": 0, "Partial": 0, "Missed": 1, "Spurious": 0, "Possible": 3, "Actual": 2, "Precision": 0.6666666666666666, "Recall": 0.6666666666666666, "F1": 0.6666666666666666}, "Partial": {"Correct": 2, "Incorrect": 0, "Partial": 0, "Missed": 1, "Spurious": 0, "Possible": 3, "Actual": 2, "Precision": 0.6666666666666666, "Recall": 0.6666666666666666, "F1": 0.6666666666666666}, "Strict": {"Correct": 2, "Incorrect": 0, "Partial": 0, "Missed": 1, "Spurious": 0, "Possible": 3, "Actual": 2, "Precision": 0.6666666666666666, "Recall": 0.6666666666666666, "F1": 0.6666666666666666}, "Exact": {"Correct": 2, "Incorrect": 0, "Partial": 0, "Missed": 1, "Spurious": 0, "Possible": 3, "Actual": 2, "Precision": 0.6666666666666666, "Recall": 0.6666666666666666, "F1": 0.6666666666666666}}, "Objects": {"Ent_type": {"Correct": 2, "Incorrect": 0, "Partial": 0, "Missed": 1, "Spurious": 0, "Possible": 3, "Actual": 2, "Precision": 0.6666666666666666, "Recall": 0.6666666666666666, "F1": 0.6666666666666666}, "Partial": {"Correct": 2, "Incorrect": 0, "Partial": 0, "Missed": 1, "Spurious": 0, "Possible": 3, "Actual": 2, "Precision": 0.6666666666666666, "Recall": 0.6666666666666666, "F1": 0.6666666666666666}, "Strict": {"Correct": 2, "Incorrect": 0, "Partial": 0, "Missed": 1, "Spurious": 0, "Possible": 3, "Actual": 2, "Precision": 0.6666666666666666, "Recall": 0.6666666666666666, "F1": 0.6666666666666666}, "Exact": {"Correct": 2, "Incorrect": 0, "Partial": 0, "Missed": 1, "Spurious": 0, "Possible": 3, "Actual": 2, "Precision": 0.6666666666666666, "Recall": 0.6666666666666666, "F1": 0.6666666666666666}}}, "Exact_match": {"Precision": 0.3333333333333333, "Recall": 0.3333333333333333, "F1": 0.3333333333333333}}