{"Total_scores": {"Ent_type": {"Correct": 23298, "Incorrect": 586, "Partial": 0, "Missed": 5899, "Spurious": 6877, "Possible": 29783, "Actual": 30761, "Precision": 0.7315631107691455, "Recall": 0.7810626841410139, "F1": 0.749145752217807}, "Partial": {"Correct": 20610, "Incorrect": 0, "Partial": 3274, "Missed": 5899, "Spurious": 6877, "Possible": 29783, "Actual": 30761, "Precision": 0.706683617724459, "Recall": 0.7466228114734668, "F1": 0.720947910154931}, "Strict": {"Correct": 20131, "Incorrect": 3753, "Partial": 0, "Missed": 5899, "Spurious": 6877, "Possible": 29783, "Actual": 30761, "Precision": 0.6480505023327333, "Recall": 0.6763029564157269, "F1": 0.6582255732048657}, "Exact": {"Correct": 20610, "Incorrect": 3274, "Partial": 0, "Missed": 5899, "Spurious": 6877, "Possible": 29783, "Actual": 30761, "Precision": 0.6634338059132329, "Recall": 0.6924735006265027, "F1": 0.6738983823400339}}, "Scores_per_tag": {"Subjects": {"Ent_type": {"Correct": 8489, "Incorrect": 271, "Partial": 0, "Missed": 1128, "Spurious": 2430, "Possible": 9888, "Actual": 11190, "Precision": 0.8032104033323174, "Recall": 0.8578685360154424, "F1": 0.8153452054396888}, "Partial": {"Correct": 7438, "Incorrect": 0, "Partial": 1322, "Missed": 1128, "Spurious": 2430, "Possible": 9888, "Actual": 11190, "Precision": 0.7899226184428867, "Recall": 0.8192370212333638, "F1": 0.7966520805213277}, "Strict": {"Correct": 7242, "Incorrect": 1518, "Partial": 0, "Missed": 1128, "Spurious": 2430, "Possible": 9888, "Actual": 11190, "Precision": 0.7324409902130109, "Recall": 0.7334654068881439, "F1": 0.7327830268549561}, "Exact": {"Correct": 7438, "Incorrect": 1322, "Partial": 0, "Missed": 1128, "Spurious": 2430, "Possible": 9888, "Actual": 11190, "Precision": 0.7509820854075654, "Recall": 0.7532764401097226, "F1": 0.7517474347251855}}, "Predicates": {"Ent_type": {"Correct": 6929, "Incorrect": 1, "Partial": 0, "Missed": 2988, "Spurious": 2539, "Possible": 9918, "Actual": 9469, "Precision": 0.6803549053472857, "Recall": 0.6963324189779538, "F1": 0.6854927117651897}, "Partial": {"Correct": 5962, "Incorrect": 0, "Partial": 968, "Missed": 2988, "Spurious": 2539, "Possible": 9918, "Actual": 9469, "Precision": 0.6404559924142369, "Recall": 0.6491669206542721, "F1": 0.6432993231835048}, "Strict": {"Correct": 5962, "Incorrect": 968, "Partial": 0, "Missed": 2988, "Spurious": 2539, "Possible": 9918, "Actual": 9469, "Precision": 0.600506281960107, "Recall": 0.6018998272884283, "F1": 0.601038204573712}, "Exact": {"Correct": 5962, "Incorrect": 968, "Partial": 0, "Missed": 2988, "Spurious": 2539, "Possible": 9918, "Actual": 9469, "Precision": 0.600506281960107, "Recall": 0.6018998272884283, "F1": 0.601038204573712}}, "Objects": {"Ent_type": {"Correct": 7880, "Incorrect": 314, "Partial": 0, "Missed": 1783, "Spurious": 1908, "Possible": 9977, "Actual": 10102, "Precision": 0.7635454448697362, "Recall": 0.7868536015442447, "F1": 0.7699623973168624}, "Partial": {"Correct": 7210, "Incorrect": 0, "Partial": 984, "Missed": 1783, "Spurious": 1908, "Possible": 9977, "Actual": 10102, "Precision": 0.7533809103795388, "Recall": 0.7718937315858986, "F1": 0.7586632076650364}, "Strict": {"Correct": 6927, "Incorrect": 1267, "Partial": 0, "Missed": 1783, "Spurious": 1908, "Possible": 9977, "Actual": 10102, "Precision": 0.6940409889815559, "Recall": 0.6968911917098446, "F1": 0.695034830725169}, "Exact": {"Correct": 7210, "Incorrect": 984, "Partial": 0, "Missed": 1783, "Spurious": 1908, "Possible": 9977, "Actual": 10102, "Precision": 0.7173841431689648, "Recall": 0.7254393985573504, "F1": 0.7198786888210844}}}, "Exact_match": {"Precision": 0.1400882733373948, "Recall": 0.07805927942680979, "F1": 0.0926806822958509}}