{"Total_scores": {"Ent_type": {"Correct": 22828, "Incorrect": 549, "Partial": 0, "Missed": 6116, "Spurious": 6369, "Possible": 29493, "Actual": 29746, "Precision": 0.7266809960460022, "Recall": 0.772750102501025, "F1": 0.7432381909178993}, "Partial": {"Correct": 20231, "Incorrect": 0, "Partial": 3146, "Missed": 6116, "Spurious": 6369, "Possible": 29493, "Actual": 29746, "Precision": 0.7018500146498301, "Recall": 0.7388393467268006, "F1": 0.7152207934776128}, "Strict": {"Correct": 19765, "Incorrect": 3612, "Partial": 0, "Missed": 6116, "Spurious": 6369, "Possible": 29493, "Actual": 29746, "Precision": 0.6439137647009726, "Recall": 0.6703601202678693, "F1": 0.6535345086630269}, "Exact": {"Correct": 20231, "Incorrect": 3146, "Partial": 0, "Missed": 6116, "Spurious": 6369, "Possible": 29493, "Actual": 29746, "Precision": 0.6592282720127124, "Recall": 0.6862392373923739, "F1": 0.6690684798396794}}, "Scores_per_tag": {"Subjects": {"Ent_type": {"Correct": 8303, "Incorrect": 253, "Partial": 0, "Missed": 1239, "Spurious": 2191, "Possible": 9795, "Actual": 10747, "Precision": 0.7962279622796228, "Recall": 0.8469659696596966, "F1": 0.8077368749877974}, "Partial": {"Correct": 7262, "Incorrect": 0, "Partial": 1294, "Missed": 1239, "Spurious": 2191, "Possible": 9795, "Actual": 10747, "Precision": 0.7802548858821922, "Recall": 0.8076055760557606, "F1": 0.7866653487963451}, "Strict": {"Correct": 7066, "Incorrect": 1490, "Partial": 0, "Missed": 1239, "Spurious": 2191, "Possible": 9795, "Actual": 10747, "Precision": 0.7212313789804564, "Recall": 0.7222222222222222, "F1": 0.7215525488588219}, "Exact": {"Correct": 7262, "Incorrect": 1294, "Partial": 0, "Missed": 1239, "Spurious": 2191, "Possible": 9795, "Actual": 10747, "Precision": 0.7400403170698374, "Recall": 0.7423124231242313, "F1": 0.7407885745524122}}, "Predicates": {"Ent_type": {"Correct": 6795, "Incorrect": 0, "Partial": 0, "Missed": 3013, "Spurious": 2417, "Possible": 9808, "Actual": 9212, "Precision": 0.6759908432417657, "Recall": 0.6911644116441165, "F1": 0.6807766649095063}, "Partial": {"Correct": 5889, "Incorrect": 0, "Partial": 906, "Missed": 3013, "Spurious": 2417, "Possible": 9808, "Actual": 9212, "Precision": 0.6379962757960913, "Recall": 0.6460639606396064, "F1": 0.6405738105000097}, "Strict": {"Correct": 5889, "Incorrect": 906, "Partial": 0, "Missed": 3013, "Spurious": 2417, "Possible": 9808, "Actual": 9212, "Precision": 0.6000017083504169, "Recall": 0.6009635096350964, "F1": 0.6003709560905133}, "Exact": {"Correct": 5889, "Incorrect": 906, "Partial": 0, "Missed": 3013, "Spurious": 2417, "Possible": 9808, "Actual": 9212, "Precision": 0.6000017083504169, "Recall": 0.6009635096350964, "F1": 0.6003709560905133}}, "Objects": {"Ent_type": {"Correct": 7730, "Incorrect": 296, "Partial": 0, "Missed": 1864, "Spurious": 1761, "Possible": 9890, "Actual": 9787, "Precision": 0.7558336062256726, "Recall": 0.7784952849528495, "F1": 0.7622192172776429}, "Partial": {"Correct": 7080, "Incorrect": 0, "Partial": 946, "Missed": 1864, "Spurious": 1761, "Possible": 9890, "Actual": 9787, "Precision": 0.7463360431764491, "Recall": 0.7636582615826158, "F1": 0.7514432588617705}, "Strict": {"Correct": 6810, "Incorrect": 1216, "Partial": 0, "Missed": 1864, "Spurious": 1761, "Possible": 9890, "Actual": 9787, "Precision": 0.6881880769565272, "Recall": 0.6911131611316114, "F1": 0.6892010476881325}, "Exact": {"Correct": 7080, "Incorrect": 946, "Partial": 0, "Missed": 1864, "Spurious": 1761, "Possible": 9890, "Actual": 9787, "Precision": 0.7114113925230161, "Recall": 0.7186859368593685, "F1": 0.7137724957835659}}}, "Exact_match": {"Precision": 0.13578963385569826, "Recall": 0.07697333466354159, "F1": 0.09127690535320954}}