{"Total_scores": {"Ent_type": {"Correct": 68, "Incorrect": 0, "Partial": 0, "Missed": 16, "Spurious": 8, "Possible": 84, "Actual": 76, "Precision": 0.8005952380952381, "Recall": 0.8095238095238095, "F1": 0.8044217687074829}, "Partial": {"Correct": 66, "Incorrect": 0, "Partial": 2, "Missed": 16, "Spurious": 8, "Possible": 84, "Actual": 76, "Precision": 0.7901785714285714, "Recall": 0.7976190476190476, "F1": 0.7933673469387755}, "Strict": {"Correct": 66, "Incorrect": 2, "Partial": 0, "Missed": 16, "Spurious": 8, "Possible": 84, "Actual": 76, "Precision": 0.7797619047619048, "Recall": 0.7857142857142857, "F1": 0.782312925170068}, "Exact": {"Correct": 66, "Incorrect": 2, "Partial": 0, "Missed": 16, "Spurious": 8, "Possible": 84, "Actual": 76, "Precision": 0.7797619047619048, "Recall": 0.7857142857142857, "F1": 0.782312925170068}}, "Scores_per_tag": {"Subjects": {"Ent_type": {"Correct": 24, "Incorrect": 0, "Partial": 0, "Missed": 4, "Spurious": 1, "Possible": 28, "Actual": 25, "Precision": 0.8571428571428571, "Recall": 0.8571428571428571, "F1": 0.8571428571428571}, "Partial": {"Correct": 24, "Incorrect": 0, "Partial": 0, "Missed": 4, "Spurious": 1, "Possible": 28, "Actual": 25, "Precision": 0.8571428571428571, "Recall": 0.8571428571428571, "F1": 0.8571428571428571}, "Strict": {"Correct": 24, "Incorrect": 0, "Partial": 0, "Missed": 4, "Spurious": 1, "Possible": 28, "Actual": 25, "Precision": 0.8571428571428571, "Recall": 0.8571428571428571, "F1": 0.8571428571428571}, "Exact": {"Correct": 24, "Incorrect": 0, "Partial": 0, "Missed": 4, "Spurious": 1, "Possible": 28, "Actual": 25, "Precision": 0.8571428571428571, "Recall": 0.8571428571428571, "F1": 0.8571428571428571}}, "Predicates": {"Ent_type": {"Correct": 22, "Incorrect": 0, "Partial": 0, "Missed": 6, "Spurious": 3, "Possible": 28, "Actual": 25, "Precision": 0.7857142857142857, "Recall": 0.7857142857142857, "F1": 0.7857142857142857}, "Partial": {"Correct": 22, "Incorrect": 0, "Partial": 0, "Missed": 6, "Spurious": 3, "Possible": 28, "Actual": 25, "Precision": 0.7857142857142857, "Recall": 0.7857142857142857, "F1": 0.7857142857142857}, "Strict": {"Correct": 22, "Incorrect": 0, "Partial": 0, "Missed": 6, "Spurious": 3, "Possible": 28, "Actual": 25, "Precision": 0.7857142857142857, "Recall": 0.7857142857142857, "F1": 0.7857142857142857}, "Exact": {"Correct": 22, "Incorrect": 0, "Partial": 0, "Missed": 6, "Spurious": 3, "Possible": 28, "Actual": 25, "Precision": 0.7857142857142857, "Recall": 0.7857142857142857, "F1": 0.7857142857142857}}, "Objects": {"Ent_type": {"Correct": 22, "Incorrect": 0, "Partial": 0, "Missed": 6, "Spurious": 4, "Possible": 28, "Actual": 26, "Precision": 0.7678571428571429, "Recall": 0.7857142857142857, "F1": 0.7738095238095238}, "Partial": {"Correct": 20, "Incorrect": 0, "Partial": 2, "Missed": 6, "Spurious": 4, "Possible": 28, "Actual": 26, "Precision": 0.7410714285714286, "Recall": 0.75, "F1": 0.7440476190476191}, "Strict": {"Correct": 20, "Incorrect": 2, "Partial": 0, "Missed": 6, "Spurious": 4, "Possible": 28, "Actual": 26, "Precision": 0.7142857142857143, "Recall": 0.7142857142857143, "F1": 0.7142857142857143}, "Exact": {"Correct": 20, "Incorrect": 2, "Partial": 0, "Missed": 6, "Spurious": 4, "Possible": 28, "Actual": 26, "Precision": 0.7142857142857143, "Recall": 0.7142857142857143, "F1": 0.7142857142857143}}}, "Exact_match": {"Precision": 0.39473684210526316, "Recall": 0.39473684210526316, "F1": 0.39473684210526316}}