{"Total_scores": {"Ent_type": {"Correct": 21569, "Incorrect": 464, "Partial": 0, "Missed": 6963, "Spurious": 5729, "Possible": 28996, "Actual": 27762, "Precision": 0.6999089254471217, "Recall": 0.7420437523948863, "F1": 0.715253967005948}, "Partial": {"Correct": 19262, "Incorrect": 0, "Partial": 2771, "Missed": 6963, "Spurious": 5729, "Possible": 28996, "Actual": 27762, "Precision": 0.6781084640618029, "Recall": 0.7114876162608423, "F1": 0.6902611763018838}, "Strict": {"Correct": 18903, "Incorrect": 3130, "Partial": 0, "Missed": 6963, "Spurious": 5729, "Possible": 28996, "Actual": 27762, "Precision": 0.628233466351347, "Recall": 0.6523757271745567, "F1": 0.6371041913661156}, "Exact": {"Correct": 19262, "Incorrect": 2771, "Partial": 0, "Missed": 6963, "Spurious": 5729, "Possible": 28996, "Actual": 27762, "Precision": 0.6405572400451698, "Recall": 0.6648552617828404, "F1": 0.6494586527800399}}, "Scores_per_tag": {"Subjects": {"Ent_type": {"Correct": 7871, "Incorrect": 215, "Partial": 0, "Missed": 1576, "Spurious": 1899, "Possible": 9662, "Actual": 9985, "Precision": 0.7649806667363361, "Recall": 0.8128331069077228, "F1": 0.7765472831414936}, "Partial": {"Correct": 6876, "Incorrect": 0, "Partial": 1210, "Missed": 1576, "Spurious": 1899, "Possible": 9662, "Actual": 9985, "Precision": 0.7484942696903194, "Recall": 0.7745062179956108, "F1": 0.7549943020368353}, "Strict": {"Correct": 6725, "Incorrect": 1361, "Partial": 0, "Missed": 1576, "Spurious": 1899, "Possible": 9662, "Actual": 9985, "Precision": 0.6959539485142997, "Recall": 0.6979308182673215, "F1": 0.6966558679067824}, "Exact": {"Correct": 6876, "Incorrect": 1210, "Partial": 0, "Missed": 1576, "Spurious": 1899, "Possible": 9662, "Actual": 9985, "Precision": 0.7108980388058662, "Recall": 0.7137109415821925, "F1": 0.7118786358727837}}, "Predicates": {"Ent_type": {"Correct": 6575, "Incorrect": 6, "Partial": 0, "Missed": 3077, "Spurious": 2164, "Possible": 9658, "Actual": 8745, "Precision": 0.662641516006549, "Recall": 0.6778137736440589, "F1": 0.6674922492771798}, "Partial": {"Correct": 5868, "Incorrect": 0, "Partial": 713, "Missed": 3077, "Spurious": 2164, "Possible": 9658, "Actual": 8745, "Precision": 0.634892186574703, "Recall": 0.6435102936565994, "F1": 0.6377033476155641}, "Strict": {"Correct": 5867, "Incorrect": 714, "Partial": 0, "Missed": 3077, "Spurious": 2164, "Possible": 9658, "Actual": 8745, "Precision": 0.6067770926951614, "Recall": 0.6084752847737486, "F1": 0.6074267600236876}, "Exact": {"Correct": 5868, "Incorrect": 713, "Partial": 0, "Missed": 3077, "Spurious": 2164, "Possible": 9658, "Actual": 8745, "Precision": 0.606829344759118, "Recall": 0.6085797889016616, "F1": 0.6074964294422963}}, "Objects": {"Ent_type": {"Correct": 7123, "Incorrect": 243, "Partial": 0, "Missed": 2310, "Spurious": 1666, "Possible": 9676, "Actual": 9032, "Precision": 0.7149894658934266, "Recall": 0.7333054655658898, "F1": 0.720112706234558}, "Partial": {"Correct": 6518, "Incorrect": 0, "Partial": 848, "Missed": 2310, "Spurious": 1666, "Possible": 9676, "Actual": 9032, "Precision": 0.7033071258695671, "Recall": 0.7170028216114537, "F1": 0.7073525097770056}, "Strict": {"Correct": 6311, "Incorrect": 1055, "Partial": 0, "Missed": 2310, "Spurious": 1666, "Possible": 9676, "Actual": 9032, "Precision": 0.6517320767503649, "Recall": 0.653986832479883, "F1": 0.6525468191891015}, "Exact": {"Correct": 6518, "Incorrect": 848, "Partial": 0, "Missed": 2310, "Spurious": 1666, "Possible": 9676, "Actual": 9032, "Precision": 0.6700760346700362, "Recall": 0.6755146828299717, "F1": 0.6718905332658076}}}, "Exact_match": {"Precision": 0.15185721659649, "Recall": 0.08425767257685324, "F1": 0.0998899666219017}}