{"Total_scores": {"Ent_type": {"Correct": 13733, "Incorrect": 354, "Partial": 0, "Missed": 8596, "Spurious": 6839, "Possible": 22683, "Actual": 20926, "Precision": 0.5912139217371776, "Recall": 0.6020635130373503, "F1": 0.5951263672210575}, "Partial": {"Correct": 12322, "Incorrect": 0, "Partial": 1765, "Missed": 8596, "Spurious": 6839, "Possible": 22683, "Actual": 20926, "Precision": 0.576327947730564, "Recall": 0.5824138918252291, "F1": 0.5767056804587476}, "Strict": {"Correct": 12040, "Incorrect": 2047, "Partial": 0, "Missed": 8596, "Spurious": 6839, "Possible": 22683, "Actual": 20926, "Precision": 0.5222264169938589, "Recall": 0.528552237491191, "F1": 0.5246304457250293}, "Exact": {"Correct": 12322, "Incorrect": 1765, "Partial": 0, "Missed": 8596, "Spurious": 6839, "Possible": 22683, "Actual": 20926, "Precision": 0.5397497608980167, "Recall": 0.5438689217758985, "F1": 0.5396727919447011}}, "Scores_per_tag": {"Subjects": {"Ent_type": {"Correct": 4837, "Incorrect": 146, "Partial": 0, "Missed": 2524, "Spurious": 1887, "Possible": 7507, "Actual": 6870, "Precision": 0.633919133192389, "Recall": 0.6379492600422833, "F1": 0.6352889358703312}, "Partial": {"Correct": 4862, "Incorrect": 0, "Partial": 121, "Missed": 2524, "Spurious": 1887, "Possible": 7507, "Actual": 6870, "Precision": 0.6426180408738549, "Recall": 0.649544133192389, "F1": 0.6449392177589852}, "Strict": {"Correct": 4731, "Incorrect": 252, "Partial": 0, "Missed": 2524, "Spurious": 1887, "Possible": 7507, "Actual": 6870, "Precision": 0.6243393234672304, "Recall": 0.6245375264270613, "F1": 0.6244186046511628}, "Exact": {"Correct": 4862, "Incorrect": 121, "Partial": 0, "Missed": 2524, "Spurious": 1887, "Possible": 7507, "Actual": 6870, "Precision": 0.6370683579985905, "Recall": 0.6418472515856237, "F1": 0.6386671952078928}}, "Predicates": {"Ent_type": {"Correct": 4647, "Incorrect": 117, "Partial": 0, "Missed": 2907, "Spurious": 2560, "Possible": 7671, "Actual": 7324, "Precision": 0.5821110817477096, "Recall": 0.6008192389006343, "F1": 0.5882619802677942}, "Partial": {"Correct": 3824, "Incorrect": 0, "Partial": 940, "Missed": 2907, "Spurious": 2560, "Possible": 7671, "Actual": 7324, "Precision": 0.5435000440451022, "Recall": 0.557181553911205, "F1": 0.548090644820296}, "Strict": {"Correct": 3751, "Incorrect": 1013, "Partial": 0, "Missed": 2907, "Spurious": 2560, "Possible": 7671, "Actual": 7324, "Precision": 0.4867204016913319, "Recall": 0.48903276955602537, "F1": 0.487623326286117}, "Exact": {"Correct": 3824, "Incorrect": 940, "Partial": 0, "Missed": 2907, "Spurious": 2560, "Possible": 7671, "Actual": 7324, "Precision": 0.4941860465116279, "Recall": 0.49848044397463004, "F1": 0.495754052149401}}, "Objects": {"Ent_type": {"Correct": 4249, "Incorrect": 91, "Partial": 0, "Missed": 3165, "Spurious": 2392, "Possible": 7505, "Actual": 6732, "Precision": 0.5545379545577749, "Recall": 0.5581395348837209, "F1": 0.555521161361542}, "Partial": {"Correct": 3636, "Incorrect": 0, "Partial": 704, "Missed": 3165, "Spurious": 2392, "Possible": 7505, "Actual": 6732, "Precision": 0.5185476235357314, "Recall": 0.524478065539112, "F1": 0.5204270711670289}, "Strict": {"Correct": 3558, "Incorrect": 782, "Partial": 0, "Missed": 3165, "Spurious": 2392, "Possible": 7505, "Actual": 6732, "Precision": 0.4678902734862037, "Recall": 0.4684857293868922, "F1": 0.46811134601832277}, "Exact": {"Correct": 3636, "Incorrect": 704, "Partial": 0, "Missed": 3165, "Spurious": 2392, "Possible": 7505, "Actual": 6732, "Precision": 0.47449703881389926, "Recall": 0.47879228329809725, "F1": 0.47595137420718814}}}, "Exact_match": {"Precision": 0.08019398573576121, "Recall": 0.03589523514151096, "F1": 0.04476373722883111}}