{"Total_scores": {"Ent_type": {"Correct": 13598, "Incorrect": 300, "Partial": 0, "Missed": 8215, "Spurious": 7405, "Possible": 22113, "Actual": 21303, "Precision": 0.5931800381894989, "Recall": 0.6102063341893048, "F1": 0.5993517675984702}, "Partial": {"Correct": 11993, "Incorrect": 0, "Partial": 1905, "Missed": 8215, "Spurious": 7405, "Possible": 22113, "Actual": 21303, "Precision": 0.5694925670581165, "Recall": 0.5858111456503131, "F1": 0.5754422629979143}, "Strict": {"Correct": 11755, "Incorrect": 2143, "Partial": 0, "Missed": 8215, "Spurious": 7405, "Possible": 22113, "Actual": 21303, "Precision": 0.5183689559078125, "Recall": 0.5284160021624543, "F1": 0.5221792636093455}, "Exact": {"Correct": 11993, "Incorrect": 1905, "Partial": 0, "Missed": 8215, "Spurious": 7405, "Possible": 22113, "Actual": 21303, "Precision": 0.5305868231871745, "Recall": 0.543192773798261, "F1": 0.5353006206352843}}, "Scores_per_tag": {"Subjects": {"Ent_type": {"Correct": 4833, "Incorrect": 101, "Partial": 0, "Missed": 2349, "Spurious": 1935, "Possible": 7283, "Actual": 6869, "Precision": 0.6479028697571744, "Recall": 0.65211515069604, "F1": 0.6493309906744155}, "Partial": {"Correct": 4822, "Incorrect": 0, "Partial": 112, "Missed": 2349, "Spurious": 1935, "Possible": 7283, "Actual": 6869, "Precision": 0.651675902148939, "Recall": 0.6584673604541155, "F1": 0.6539352164706942}, "Strict": {"Correct": 4724, "Incorrect": 210, "Partial": 0, "Missed": 2349, "Spurious": 1935, "Possible": 7283, "Actual": 6869, "Precision": 0.6377438392575573, "Recall": 0.6379240437897014, "F1": 0.637815921070415}, "Exact": {"Correct": 4822, "Incorrect": 112, "Partial": 0, "Missed": 2349, "Spurious": 1935, "Possible": 7283, "Actual": 6869, "Precision": 0.6463936568004686, "Recall": 0.6511690769022841, "F1": 0.6479749515700319}}, "Predicates": {"Ent_type": {"Correct": 4628, "Incorrect": 111, "Partial": 0, "Missed": 2761, "Spurious": 2907, "Possible": 7500, "Actual": 7646, "Precision": 0.584979952245799, "Recall": 0.6118394377618597, "F1": 0.5928992978459122}, "Partial": {"Correct": 3705, "Incorrect": 0, "Partial": 1034, "Missed": 2761, "Spurious": 2907, "Possible": 7500, "Actual": 7646, "Precision": 0.5395087173942424, "Recall": 0.5603797810514934, "F1": 0.5459539255626564}, "Strict": {"Correct": 3640, "Incorrect": 1099, "Partial": 0, "Missed": 2761, "Spurious": 2907, "Possible": 7500, "Actual": 7646, "Precision": 0.48207640672162905, "Recall": 0.48513312609812137, "F1": 0.48310550331769414}, "Exact": {"Correct": 3705, "Incorrect": 1034, "Partial": 0, "Missed": 2761, "Spurious": 2907, "Possible": 7500, "Actual": 7646, "Precision": 0.48646889219263867, "Recall": 0.49391809704014056, "F1": 0.48896215061237364}}, "Objects": {"Ent_type": {"Correct": 4137, "Incorrect": 88, "Partial": 0, "Missed": 3105, "Spurious": 2563, "Possible": 7330, "Actual": 6788, "Precision": 0.5505428188966505, "Recall": 0.5561562373293688, "F1": 0.5520286984268603}, "Partial": {"Correct": 3466, "Incorrect": 0, "Partial": 759, "Missed": 3105, "Spurious": 2563, "Possible": 7330, "Actual": 6788, "Precision": 0.5102862763222271, "Recall": 0.5175023651844843, "F1": 0.512514777199194}, "Strict": {"Correct": 3391, "Incorrect": 834, "Partial": 0, "Missed": 3105, "Spurious": 2563, "Possible": 7330, "Actual": 6788, "Precision": 0.45631166373834303, "Recall": 0.456818488984998, "F1": 0.4565121412803532}, "Exact": {"Correct": 3466, "Incorrect": 759, "Partial": 0, "Missed": 3105, "Spurious": 2563, "Possible": 7330, "Actual": 6788, "Precision": 0.46246114339775646, "Recall": 0.466954993918097, "F1": 0.4639906293643285}}}, "Exact_match": {"Precision": 0.07608085149652846, "Recall": 0.03444185427338954, "F1": 0.042904430091941295}}