{"Total_scores": {"Ent_type": {"Correct": 321, "Incorrect": 6, "Partial": 0, "Missed": 137, "Spurious": 144, "Possible": 464, "Actual": 471, "Precision": 0.668530701754386, "Recall": 0.6875, "F1": 0.6759450710108604}, "Partial": {"Correct": 291, "Incorrect": 0, "Partial": 36, "Missed": 137, "Spurious": 144, "Possible": 464, "Actual": 471, "Precision": 0.6509320175438597, "Recall": 0.6661184210526315, "F1": 0.6561377401837928}, "Strict": {"Correct": 285, "Incorrect": 42, "Partial": 0, "Missed": 137, "Spurious": 144, "Possible": 464, "Actual": 471, "Precision": 0.6032894736842105, "Recall": 0.6140350877192983, "F1": 0.6076023391812866}, "Exact": {"Correct": 291, "Incorrect": 36, "Partial": 0, "Missed": 137, "Spurious": 144, "Possible": 464, "Actual": 471, "Precision": 0.6183114035087719, "Recall": 0.6293859649122807, "F1": 0.6219663742690058}}, "Scores_per_tag": {"Subjects": {"Ent_type": {"Correct": 121, "Incorrect": 5, "Partial": 0, "Missed": 34, "Spurious": 42, "Possible": 160, "Actual": 168, "Precision": 0.7171052631578947, "Recall": 0.7368421052631579, "F1": 0.725}, "Partial": {"Correct": 115, "Incorrect": 0, "Partial": 11, "Missed": 34, "Spurious": 42, "Possible": 160, "Actual": 168, "Precision": 0.7269736842105263, "Recall": 0.7483552631578947, "F1": 0.7350877192982456}, "Strict": {"Correct": 110, "Incorrect": 16, "Partial": 0, "Missed": 34, "Spurious": 42, "Possible": 160, "Actual": 168, "Precision": 0.6842105263157895, "Recall": 0.694078947368421, "F1": 0.6881578947368421}, "Exact": {"Correct": 115, "Incorrect": 11, "Partial": 0, "Missed": 34, "Spurious": 42, "Possible": 160, "Actual": 168, "Precision": 0.7105263157894737, "Recall": 0.7269736842105263, "F1": 0.7166666666666667}}, "Predicates": {"Ent_type": {"Correct": 111, "Incorrect": 0, "Partial": 0, "Missed": 43, "Spurious": 46, "Possible": 154, "Actual": 157, "Precision": 0.694078947368421, "Recall": 0.7171052631578947, "F1": 0.7013157894736842}, "Partial": {"Correct": 96, "Incorrect": 0, "Partial": 15, "Missed": 43, "Spurious": 46, "Possible": 154, "Actual": 157, "Precision": 0.6584429824561403, "Recall": 0.6710526315789473, "F1": 0.6625}, "Strict": {"Correct": 96, "Incorrect": 15, "Partial": 0, "Missed": 43, "Spurious": 46, "Possible": 154, "Actual": 157, "Precision": 0.6228070175438597, "Recall": 0.625, "F1": 0.6236842105263158}, "Exact": {"Correct": 96, "Incorrect": 15, "Partial": 0, "Missed": 43, "Spurious": 46, "Possible": 154, "Actual": 157, "Precision": 0.6228070175438597, "Recall": 0.625, "F1": 0.6236842105263158}}, "Objects": {"Ent_type": {"Correct": 89, "Incorrect": 1, "Partial": 0, "Missed": 60, "Spurious": 56, "Possible": 150, "Actual": 146, "Precision": 0.5855263157894737, "Recall": 0.5855263157894737, "F1": 0.5855263157894737}, "Partial": {"Correct": 80, "Incorrect": 0, "Partial": 10, "Missed": 60, "Spurious": 56, "Possible": 150, "Actual": 146, "Precision": 0.555921052631579, "Recall": 0.5592105263157895, "F1": 0.5570175438596491}, "Strict": {"Correct": 79, "Incorrect": 11, "Partial": 0, "Missed": 60, "Spurious": 56, "Possible": 150, "Actual": 146, "Precision": 0.5197368421052632, "Recall": 0.5197368421052632, "F1": 0.5197368421052632}, "Exact": {"Correct": 80, "Incorrect": 10, "Partial": 0, "Missed": 60, "Spurious": 56, "Possible": 150, "Actual": 146, "Precision": 0.5230263157894737, "Recall": 0.5263157894736842, "F1": 0.5241228070175439}}}, "Exact_match": {"Precision": 0.22330097087378642, "Recall": 0.21035598705501615, "F1": 0.21440129449838186}}