{"Total_scores": {"Ent_type": {"Correct": 221, "Incorrect": 3, "Partial": 0, "Missed": 240, "Spurious": 237, "Possible": 464, "Actual": 461, "Precision": 0.462258064516129, "Recall": 0.47634408602150535, "F1": 0.4681208397337429}, "Partial": {"Correct": 192, "Incorrect": 0, "Partial": 32, "Missed": 240, "Spurious": 237, "Possible": 464, "Actual": 461, "Precision": 0.4382258064516129, "Recall": 0.45026881720430106, "F1": 0.44291858678955454}, "Strict": {"Correct": 189, "Incorrect": 35, "Partial": 0, "Missed": 240, "Spurious": 237, "Possible": 464, "Actual": 461, "Precision": 0.40021505376344085, "Recall": 0.40698924731182795, "F1": 0.4030926779313876}, "Exact": {"Correct": 192, "Incorrect": 32, "Partial": 0, "Missed": 240, "Spurious": 237, "Possible": 464, "Actual": 461, "Precision": 0.4072043010752688, "Recall": 0.41559139784946236, "F1": 0.41040450588837685}}, "Scores_per_tag": {"Subjects": {"Ent_type": {"Correct": 7, "Incorrect": 2, "Partial": 0, "Missed": 146, "Spurious": 149, "Possible": 155, "Actual": 158, "Precision": 0.02258064516129032, "Recall": 0.04516129032258064, "F1": 0.03010752688172043}, "Partial": {"Correct": 2, "Incorrect": 0, "Partial": 7, "Missed": 146, "Spurious": 149, "Possible": 155, "Actual": 158, "Precision": 0.017741935483870968, "Recall": 0.035483870967741936, "F1": 0.023655913978494623}, "Strict": {"Correct": 0, "Incorrect": 9, "Partial": 0, "Missed": 146, "Spurious": 149, "Possible": 155, "Actual": 158, "Precision": 0.0, "Recall": 0.0, "F1": 0}, "Exact": {"Correct": 2, "Incorrect": 7, "Partial": 0, "Missed": 146, "Spurious": 149, "Possible": 155, "Actual": 158, "Precision": 0.0064516129032258064, "Recall": 0.012903225806451613, "F1": 0.008602150537634409}}, "Predicates": {"Ent_type": {"Correct": 122, "Incorrect": 0, "Partial": 0, "Missed": 34, "Spurious": 33, "Possible": 156, "Actual": 155, "Precision": 0.7688172043010753, "Recall": 0.7806451612903226, "F1": 0.7729032258064517}, "Partial": {"Correct": 108, "Incorrect": 0, "Partial": 14, "Missed": 34, "Spurious": 33, "Possible": 156, "Actual": 155, "Precision": 0.7306451612903225, "Recall": 0.7370967741935484, "F1": 0.7329032258064516}, "Strict": {"Correct": 108, "Incorrect": 14, "Partial": 0, "Missed": 34, "Spurious": 33, "Possible": 156, "Actual": 155, "Precision": 0.6924731182795699, "Recall": 0.6935483870967742, "F1": 0.6929032258064516}, "Exact": {"Correct": 108, "Incorrect": 14, "Partial": 0, "Missed": 34, "Spurious": 33, "Possible": 156, "Actual": 155, "Precision": 0.6924731182795699, "Recall": 0.6935483870967742, "F1": 0.6929032258064516}}, "Objects": {"Ent_type": {"Correct": 92, "Incorrect": 1, "Partial": 0, "Missed": 60, "Spurious": 55, "Possible": 153, "Actual": 148, "Precision": 0.5935483870967742, "Recall": 0.5935483870967742, "F1": 0.5935483870967742}, "Partial": {"Correct": 82, "Incorrect": 0, "Partial": 11, "Missed": 60, "Spurious": 55, "Possible": 153, "Actual": 148, "Precision": 0.5645161290322581, "Recall": 0.5645161290322581, "F1": 0.5645161290322581}, "Strict": {"Correct": 81, "Incorrect": 12, "Partial": 0, "Missed": 60, "Spurious": 55, "Possible": 153, "Actual": 148, "Precision": 0.5225806451612903, "Recall": 0.5225806451612903, "F1": 0.5225806451612903}, "Exact": {"Correct": 82, "Incorrect": 11, "Partial": 0, "Missed": 60, "Spurious": 55, "Possible": 153, "Actual": 148, "Precision": 0.5290322580645161, "Recall": 0.5290322580645161, "F1": 0.5290322580645161}}}, "Exact_match": {"Precision": 0.0, "Recall": 0.0, "F1": 0.0}}