{"Total_scores": {"Ent_type": {"Correct": 326, "Incorrect": 8, "Partial": 0, "Missed": 129, "Spurious": 120, "Possible": 463, "Actual": 454, "Precision": 0.6905844155844155, "Recall": 0.6991341991341992, "F1": 0.6937538651824366}, "Partial": {"Correct": 303, "Incorrect": 0, "Partial": 31, "Missed": 129, "Spurious": 120, "Possible": 463, "Actual": 454, "Precision": 0.6810064935064934, "Recall": 0.6883116883116883, "F1": 0.6828076685219542}, "Strict": {"Correct": 295, "Incorrect": 39, "Partial": 0, "Missed": 129, "Spurious": 120, "Possible": 463, "Actual": 454, "Precision": 0.6292207792207792, "Recall": 0.6341991341991342, "F1": 0.6311688311688312}, "Exact": {"Correct": 303, "Incorrect": 31, "Partial": 0, "Missed": 129, "Spurious": 120, "Possible": 463, "Actual": 454, "Precision": 0.6503246753246753, "Recall": 0.6558441558441558, "F1": 0.6515151515151515}}, "Scores_per_tag": {"Subjects": {"Ent_type": {"Correct": 115, "Incorrect": 5, "Partial": 0, "Missed": 36, "Spurious": 36, "Possible": 156, "Actual": 156, "Precision": 0.7121212121212122, "Recall": 0.7207792207792207, "F1": 0.7155844155844155}, "Partial": {"Correct": 114, "Incorrect": 0, "Partial": 6, "Missed": 36, "Spurious": 36, "Possible": 156, "Actual": 156, "Precision": 0.7272727272727273, "Recall": 0.7402597402597403, "F1": 0.732034632034632}, "Strict": {"Correct": 109, "Incorrect": 11, "Partial": 0, "Missed": 36, "Spurious": 36, "Possible": 156, "Actual": 156, "Precision": 0.6904761904761905, "Recall": 0.6948051948051948, "F1": 0.6922077922077922}, "Exact": {"Correct": 114, "Incorrect": 6, "Partial": 0, "Missed": 36, "Spurious": 36, "Possible": 156, "Actual": 156, "Precision": 0.7164502164502164, "Recall": 0.7272727272727273, "F1": 0.7203463203463204}}, "Predicates": {"Ent_type": {"Correct": 118, "Incorrect": 0, "Partial": 0, "Missed": 37, "Spurious": 33, "Possible": 155, "Actual": 151, "Precision": 0.7478354978354979, "Recall": 0.7597402597402597, "F1": 0.7519480519480519}, "Partial": {"Correct": 103, "Incorrect": 0, "Partial": 15, "Missed": 37, "Spurious": 33, "Possible": 155, "Actual": 151, "Precision": 0.7061688311688312, "Recall": 0.7126623376623377, "F1": 0.7084415584415584}, "Strict": {"Correct": 103, "Incorrect": 15, "Partial": 0, "Missed": 37, "Spurious": 33, "Possible": 155, "Actual": 151, "Precision": 0.6645021645021645, "Recall": 0.6655844155844156, "F1": 0.6649350649350649}, "Exact": {"Correct": 103, "Incorrect": 15, "Partial": 0, "Missed": 37, "Spurious": 33, "Possible": 155, "Actual": 151, "Precision": 0.6645021645021645, "Recall": 0.6655844155844156, "F1": 0.6649350649350649}}, "Objects": {"Ent_type": {"Correct": 93, "Incorrect": 3, "Partial": 0, "Missed": 56, "Spurious": 51, "Possible": 152, "Actual": 147, "Precision": 0.6038961038961039, "Recall": 0.6038961038961039, "F1": 0.6038961038961039}, "Partial": {"Correct": 86, "Incorrect": 0, "Partial": 10, "Missed": 56, "Spurious": 51, "Possible": 152, "Actual": 147, "Precision": 0.5844155844155844, "Recall": 0.5909090909090909, "F1": 0.5865800865800865}, "Strict": {"Correct": 83, "Incorrect": 13, "Partial": 0, "Missed": 56, "Spurious": 51, "Possible": 152, "Actual": 147, "Precision": 0.538961038961039, "Recall": 0.538961038961039, "F1": 0.538961038961039}, "Exact": {"Correct": 86, "Incorrect": 10, "Partial": 0, "Missed": 56, "Spurious": 51, "Possible": 152, "Actual": 147, "Precision": 0.551948051948052, "Recall": 0.5584415584415584, "F1": 0.5541125541125541}}}, "Exact_match": {"Precision": 0.2549019607843137, "Recall": 0.23937908496732024, "F1": 0.24428104575163395}}