{"Total_scores": {"Ent_type": {"Correct": 315, "Incorrect": 5, "Partial": 0, "Missed": 142, "Spurious": 134, "Possible": 462, "Actual": 454, "Precision": 0.6726881720430108, "Recall": 0.6801075268817204, "F1": 0.6756374807987711}, "Partial": {"Correct": 293, "Incorrect": 0, "Partial": 27, "Missed": 142, "Spurious": 134, "Possible": 462, "Actual": 454, "Precision": 0.6561827956989247, "Recall": 0.6658602150537635, "F1": 0.6597439836149513}, "Strict": {"Correct": 288, "Incorrect": 32, "Partial": 0, "Missed": 142, "Spurious": 134, "Possible": 462, "Actual": 454, "Precision": 0.6170967741935484, "Recall": 0.621505376344086, "F1": 0.6189042498719918}, "Exact": {"Correct": 293, "Incorrect": 27, "Partial": 0, "Missed": 142, "Spurious": 134, "Possible": 462, "Actual": 454, "Precision": 0.6283870967741936, "Recall": 0.6365591397849463, "F1": 0.6313773681515616}}, "Scores_per_tag": {"Subjects": {"Ent_type": {"Correct": 102, "Incorrect": 2, "Partial": 0, "Missed": 49, "Spurious": 45, "Possible": 153, "Actual": 149, "Precision": 0.6580645161290323, "Recall": 0.6580645161290323, "F1": 0.6580645161290323}, "Partial": {"Correct": 102, "Incorrect": 0, "Partial": 2, "Missed": 49, "Spurious": 45, "Possible": 153, "Actual": 149, "Precision": 0.6580645161290323, "Recall": 0.6645161290322581, "F1": 0.6602150537634408}, "Strict": {"Correct": 100, "Incorrect": 4, "Partial": 0, "Missed": 49, "Spurious": 45, "Possible": 153, "Actual": 149, "Precision": 0.6451612903225806, "Recall": 0.6451612903225806, "F1": 0.6451612903225806}, "Exact": {"Correct": 102, "Incorrect": 2, "Partial": 0, "Missed": 49, "Spurious": 45, "Possible": 153, "Actual": 149, "Precision": 0.6516129032258065, "Recall": 0.6580645161290323, "F1": 0.6537634408602151}}, "Predicates": {"Ent_type": {"Correct": 121, "Incorrect": 0, "Partial": 0, "Missed": 35, "Spurious": 34, "Possible": 156, "Actual": 155, "Precision": 0.7623655913978494, "Recall": 0.7741935483870968, "F1": 0.7664516129032258}, "Partial": {"Correct": 107, "Incorrect": 0, "Partial": 14, "Missed": 35, "Spurious": 34, "Possible": 156, "Actual": 155, "Precision": 0.7241935483870968, "Recall": 0.7306451612903225, "F1": 0.7264516129032258}, "Strict": {"Correct": 107, "Incorrect": 14, "Partial": 0, "Missed": 35, "Spurious": 34, "Possible": 156, "Actual": 155, "Precision": 0.6860215053763441, "Recall": 0.6870967741935484, "F1": 0.6864516129032258}, "Exact": {"Correct": 107, "Incorrect": 14, "Partial": 0, "Missed": 35, "Spurious": 34, "Possible": 156, "Actual": 155, "Precision": 0.6860215053763441, "Recall": 0.6870967741935484, "F1": 0.6864516129032258}}, "Objects": {"Ent_type": {"Correct": 92, "Incorrect": 3, "Partial": 0, "Missed": 58, "Spurious": 55, "Possible": 153, "Actual": 150, "Precision": 0.5935483870967742, "Recall": 0.5935483870967742, "F1": 0.5935483870967742}, "Partial": {"Correct": 84, "Incorrect": 0, "Partial": 11, "Missed": 58, "Spurious": 55, "Possible": 153, "Actual": 150, "Precision": 0.5709677419354838, "Recall": 0.5774193548387097, "F1": 0.5731182795698925}, "Strict": {"Correct": 81, "Incorrect": 14, "Partial": 0, "Missed": 58, "Spurious": 55, "Possible": 153, "Actual": 150, "Precision": 0.5225806451612903, "Recall": 0.5225806451612903, "F1": 0.5225806451612903}, "Exact": {"Correct": 84, "Incorrect": 11, "Partial": 0, "Missed": 58, "Spurious": 55, "Possible": 153, "Actual": 150, "Precision": 0.535483870967742, "Recall": 0.5419354838709678, "F1": 0.5376344086021505}}}, "Exact_match": {"Precision": 0.22115384615384615, "Recall": 0.21714743589743588, "F1": 0.2185897435897436}}