{"Total_scores": {"Ent_type": {"Correct": 219, "Incorrect": 6, "Partial": 0, "Missed": 236, "Spurious": 229, "Possible": 461, "Actual": 454, "Precision": 0.4606060606060606, "Recall": 0.4745670995670995, "F1": 0.4660482374768089}, "Partial": {"Correct": 192, "Incorrect": 0, "Partial": 33, "Missed": 236, "Spurious": 229, "Possible": 461, "Actual": 454, "Precision": 0.44507575757575757, "Recall": 0.4537337662337662, "F1": 0.44748505462791177}, "Strict": {"Correct": 186, "Incorrect": 39, "Partial": 0, "Missed": 236, "Spurious": 229, "Possible": 461, "Actual": 454, "Precision": 0.39599567099567096, "Recall": 0.40259740259740256, "F1": 0.3986188414759843}, "Exact": {"Correct": 192, "Incorrect": 33, "Partial": 0, "Missed": 236, "Spurious": 229, "Possible": 461, "Actual": 454, "Precision": 0.41277056277056273, "Recall": 0.4177489177489177, "F1": 0.41377035662749945}}, "Scores_per_tag": {"Subjects": {"Ent_type": {"Correct": 8, "Incorrect": 5, "Partial": 0, "Missed": 141, "Spurious": 145, "Possible": 154, "Actual": 158, "Precision": 0.025974025974025976, "Recall": 0.05194805194805195, "F1": 0.03463203463203463}, "Partial": {"Correct": 5, "Incorrect": 0, "Partial": 8, "Missed": 141, "Spurious": 145, "Possible": 154, "Actual": 158, "Precision": 0.03896103896103896, "Recall": 0.05844155844155844, "F1": 0.045454545454545456}, "Strict": {"Correct": 0, "Incorrect": 13, "Partial": 0, "Missed": 141, "Spurious": 145, "Possible": 154, "Actual": 158, "Precision": 0.0, "Recall": 0.0, "F1": 0}, "Exact": {"Correct": 5, "Incorrect": 8, "Partial": 0, "Missed": 141, "Spurious": 145, "Possible": 154, "Actual": 158, "Precision": 0.025974025974025976, "Recall": 0.032467532467532464, "F1": 0.028138528138528136}}, "Predicates": {"Ent_type": {"Correct": 118, "Incorrect": 0, "Partial": 0, "Missed": 37, "Spurious": 33, "Possible": 155, "Actual": 151, "Precision": 0.7478354978354979, "Recall": 0.7597402597402597, "F1": 0.7519480519480519}, "Partial": {"Correct": 103, "Incorrect": 0, "Partial": 15, "Missed": 37, "Spurious": 33, "Possible": 155, "Actual": 151, "Precision": 0.7061688311688312, "Recall": 0.7126623376623377, "F1": 0.7084415584415584}, "Strict": {"Correct": 103, "Incorrect": 15, "Partial": 0, "Missed": 37, "Spurious": 33, "Possible": 155, "Actual": 151, "Precision": 0.6645021645021645, "Recall": 0.6655844155844156, "F1": 0.6649350649350649}, "Exact": {"Correct": 103, "Incorrect": 15, "Partial": 0, "Missed": 37, "Spurious": 33, "Possible": 155, "Actual": 151, "Precision": 0.6645021645021645, "Recall": 0.6655844155844156, "F1": 0.6649350649350649}}, "Objects": {"Ent_type": {"Correct": 93, "Incorrect": 1, "Partial": 0, "Missed": 58, "Spurious": 51, "Possible": 152, "Actual": 145, "Precision": 0.6038961038961039, "Recall": 0.6038961038961039, "F1": 0.6038961038961039}, "Partial": {"Correct": 84, "Incorrect": 0, "Partial": 10, "Missed": 58, "Spurious": 51, "Possible": 152, "Actual": 145, "Precision": 0.577922077922078, "Recall": 0.577922077922078, "F1": 0.577922077922078}, "Strict": {"Correct": 83, "Incorrect": 11, "Partial": 0, "Missed": 58, "Spurious": 51, "Possible": 152, "Actual": 145, "Precision": 0.538961038961039, "Recall": 0.538961038961039, "F1": 0.538961038961039}, "Exact": {"Correct": 84, "Incorrect": 10, "Partial": 0, "Missed": 58, "Spurious": 51, "Possible": 152, "Actual": 145, "Precision": 0.5454545454545454, "Recall": 0.5454545454545454, "F1": 0.5454545454545454}}}, "Exact_match": {"Precision": 0.0, "Recall": 0.0, "F1": 0.0}}