{"Total_scores": {"Ent_type": {"Correct": 204, "Incorrect": 5, "Partial": 0, "Missed": 247, "Spurious": 250, "Possible": 456, "Actual": 459, "Precision": 0.43552631578947365, "Recall": 0.4468201754385965, "F1": 0.43936403508771926}, "Partial": {"Correct": 180, "Incorrect": 0, "Partial": 29, "Missed": 247, "Spurious": 250, "Possible": 456, "Actual": 459, "Precision": 0.42121710526315786, "Recall": 0.42817982456140347, "F1": 0.4227939640768588}, "Strict": {"Correct": 175, "Incorrect": 34, "Partial": 0, "Missed": 247, "Spurious": 250, "Possible": 456, "Actual": 459, "Precision": 0.3794956140350877, "Recall": 0.38322368421052627, "F1": 0.3807852965747702}, "Exact": {"Correct": 180, "Incorrect": 29, "Partial": 0, "Missed": 247, "Spurious": 250, "Possible": 456, "Actual": 459, "Precision": 0.3932017543859649, "Recall": 0.3963815789473684, "F1": 0.3935045948203843}}, "Scores_per_tag": {"Subjects": {"Ent_type": {"Correct": 3, "Incorrect": 5, "Partial": 0, "Missed": 144, "Spurious": 146, "Possible": 152, "Actual": 154, "Precision": 0.009868421052631578, "Recall": 0.019736842105263157, "F1": 0.013157894736842105}, "Partial": {"Correct": 5, "Incorrect": 0, "Partial": 3, "Missed": 144, "Spurious": 146, "Possible": 152, "Actual": 154, "Precision": 0.03125, "Recall": 0.04276315789473684, "F1": 0.03508771929824561}, "Strict": {"Correct": 0, "Incorrect": 8, "Partial": 0, "Missed": 144, "Spurious": 146, "Possible": 152, "Actual": 154, "Precision": 0.0, "Recall": 0.0, "F1": 0}, "Exact": {"Correct": 5, "Incorrect": 3, "Partial": 0, "Missed": 144, "Spurious": 146, "Possible": 152, "Actual": 154, "Precision": 0.02631578947368421, "Recall": 0.03289473684210526, "F1": 0.02850877192982456}}, "Predicates": {"Ent_type": {"Correct": 112, "Incorrect": 0, "Partial": 0, "Missed": 42, "Spurious": 48, "Possible": 154, "Actual": 160, "Precision": 0.6957236842105263, "Recall": 0.7236842105263158, "F1": 0.7039473684210527}, "Partial": {"Correct": 96, "Incorrect": 0, "Partial": 16, "Missed": 42, "Spurious": 48, "Possible": 154, "Actual": 160, "Precision": 0.659265350877193, "Recall": 0.6743421052631579, "F1": 0.6638157894736842}, "Strict": {"Correct": 96, "Incorrect": 16, "Partial": 0, "Missed": 42, "Spurious": 48, "Possible": 154, "Actual": 160, "Precision": 0.6228070175438597, "Recall": 0.625, "F1": 0.6236842105263158}, "Exact": {"Correct": 96, "Incorrect": 16, "Partial": 0, "Missed": 42, "Spurious": 48, "Possible": 154, "Actual": 160, "Precision": 0.6228070175438597, "Recall": 0.625, "F1": 0.6236842105263158}}, "Objects": {"Ent_type": {"Correct": 89, "Incorrect": 0, "Partial": 0, "Missed": 61, "Spurious": 56, "Possible": 150, "Actual": 145, "Precision": 0.5855263157894737, "Recall": 0.5855263157894737, "F1": 0.5855263157894737}, "Partial": {"Correct": 79, "Incorrect": 0, "Partial": 10, "Missed": 61, "Spurious": 56, "Possible": 150, "Actual": 145, "Precision": 0.5526315789473685, "Recall": 0.5526315789473685, "F1": 0.5526315789473685}, "Strict": {"Correct": 79, "Incorrect": 10, "Partial": 0, "Missed": 61, "Spurious": 56, "Possible": 150, "Actual": 145, "Precision": 0.5197368421052632, "Recall": 0.5197368421052632, "F1": 0.5197368421052632}, "Exact": {"Correct": 79, "Incorrect": 10, "Partial": 0, "Missed": 61, "Spurious": 56, "Possible": 150, "Actual": 145, "Precision": 0.5197368421052632, "Recall": 0.5197368421052632, "F1": 0.5197368421052632}}}, "Exact_match": {"Precision": 0.0, "Recall": 0.0, "F1": 0.0}}