{"Total_scores": {"Ent_type": {"Correct": 206, "Incorrect": 2, "Partial": 0, "Missed": 250, "Spurious": 258, "Possible": 458, "Actual": 466, "Precision": 0.4372549019607843, "Recall": 0.44989106753812635, "F1": 0.44197530864197526}, "Partial": {"Correct": 177, "Incorrect": 0, "Partial": 31, "Missed": 250, "Spurious": 258, "Possible": 458, "Actual": 466, "Precision": 0.41127450980392155, "Recall": 0.4223856209150327, "F1": 0.4154372860255213}, "Strict": {"Correct": 175, "Incorrect": 33, "Partial": 0, "Missed": 250, "Spurious": 258, "Possible": 458, "Actual": 466, "Precision": 0.3776688453159041, "Recall": 0.3818082788671024, "F1": 0.3793132067641871}, "Exact": {"Correct": 177, "Incorrect": 31, "Partial": 0, "Missed": 250, "Spurious": 258, "Possible": 458, "Actual": 466, "Precision": 0.3814814814814815, "Recall": 0.38834422657952067, "F1": 0.3841062350866272}}, "Scores_per_tag": {"Subjects": {"Ent_type": {"Correct": 3, "Incorrect": 2, "Partial": 0, "Missed": 148, "Spurious": 150, "Possible": 153, "Actual": 155, "Precision": 0.00980392156862745, "Recall": 0.0196078431372549, "F1": 0.0130718954248366}, "Partial": {"Correct": 2, "Incorrect": 0, "Partial": 3, "Missed": 148, "Spurious": 150, "Possible": 153, "Actual": 155, "Precision": 0.011437908496732025, "Recall": 0.02287581699346405, "F1": 0.015250544662309367}, "Strict": {"Correct": 0, "Incorrect": 5, "Partial": 0, "Missed": 148, "Spurious": 150, "Possible": 153, "Actual": 155, "Precision": 0.0, "Recall": 0.0, "F1": 0}, "Exact": {"Correct": 2, "Incorrect": 3, "Partial": 0, "Missed": 148, "Spurious": 150, "Possible": 153, "Actual": 155, "Precision": 0.006535947712418301, "Recall": 0.013071895424836602, "F1": 0.008714596949891067}}, "Predicates": {"Ent_type": {"Correct": 114, "Incorrect": 0, "Partial": 0, "Missed": 40, "Spurious": 49, "Possible": 154, "Actual": 163, "Precision": 0.7124183006535948, "Recall": 0.738562091503268, "F1": 0.7196078431372549}, "Partial": {"Correct": 98, "Incorrect": 0, "Partial": 16, "Missed": 40, "Spurious": 49, "Possible": 154, "Actual": 163, "Precision": 0.6742919389978214, "Recall": 0.6879084967320261, "F1": 0.6781045751633987}, "Strict": {"Correct": 98, "Incorrect": 16, "Partial": 0, "Missed": 40, "Spurious": 49, "Possible": 154, "Actual": 163, "Precision": 0.6361655773420479, "Recall": 0.6372549019607843, "F1": 0.6366013071895424}, "Exact": {"Correct": 98, "Incorrect": 16, "Partial": 0, "Missed": 40, "Spurious": 49, "Possible": 154, "Actual": 163, "Precision": 0.6361655773420479, "Recall": 0.6372549019607843, "F1": 0.6366013071895424}}, "Objects": {"Ent_type": {"Correct": 89, "Incorrect": 0, "Partial": 0, "Missed": 62, "Spurious": 59, "Possible": 151, "Actual": 148, "Precision": 0.5816993464052288, "Recall": 0.5816993464052288, "F1": 0.5816993464052288}, "Partial": {"Correct": 77, "Incorrect": 0, "Partial": 12, "Missed": 62, "Spurious": 59, "Possible": 151, "Actual": 148, "Precision": 0.5424836601307189, "Recall": 0.5424836601307189, "F1": 0.5424836601307189}, "Strict": {"Correct": 77, "Incorrect": 12, "Partial": 0, "Missed": 62, "Spurious": 59, "Possible": 151, "Actual": 148, "Precision": 0.5032679738562091, "Recall": 0.5032679738562091, "F1": 0.5032679738562091}, "Exact": {"Correct": 77, "Incorrect": 12, "Partial": 0, "Missed": 62, "Spurious": 59, "Possible": 151, "Actual": 148, "Precision": 0.5032679738562091, "Recall": 0.5032679738562091, "F1": 0.5032679738562091}}}, "Exact_match": {"Precision": 0.0, "Recall": 0.0, "F1": 0.0}}