{"Total_scores": {"Ent_type": {"Correct": 15264, "Incorrect": 755, "Partial": 0, "Missed": 4984, "Spurious": 14425, "Possible": 21003, "Actual": 30444, "Precision": 0.5673860727324761, "Recall": 0.6235403796901956, "F1": 0.5868068003828718}, "Partial": {"Correct": 12139, "Incorrect": 0, "Partial": 3880, "Missed": 4984, "Spurious": 14425, "Possible": 21003, "Actual": 30444, "Precision": 0.5363313034723814, "Recall": 0.5800217382047806, "F1": 0.5517149092757955}, "Exact": {"Correct": 12139, "Incorrect": 3880, "Partial": 0, "Missed": 4984, "Spurious": 14425, "Possible": 21003, "Actual": 30444, "Precision": 0.4775978854570718, "Recall": 0.5061441860588309, "F1": 0.48802470739946024}, "Strict": {"Correct": 11566, "Incorrect": 4453, "Partial": 0, "Missed": 4984, "Spurious": 14425, "Possible": 21003, "Actual": 30444, "Precision": 0.4549905017777624, "Recall": 0.4821901330009496, "F1": 0.4649239346376832}}, "Scores_per_tag": {"Subjects": {"Ent_type": {"Correct": 6182, "Incorrect": 373, "Partial": 0, "Missed": 423, "Spurious": 4364, "Possible": 6978, "Actual": 10919, "Precision": 0.6980170904171207, "Recall": 0.7533920948638996, "F1": 0.7113337046452688}, "Partial": {"Correct": 5244, "Incorrect": 0, "Partial": 1311, "Missed": 423, "Spurious": 4364, "Possible": 6978, "Actual": 10919, "Precision": 0.699593503238414, "Recall": 0.7322741592209084, "F1": 0.7078008819091002}, "Exact": {"Correct": 5244, "Incorrect": 1311, "Partial": 0, "Missed": 423, "Spurious": 4364, "Possible": 6978, "Actual": 10919, "Precision": 0.6613150004159285, "Recall": 0.6662508170483809, "F1": 0.662846845515059}, "Strict": {"Correct": 4957, "Incorrect": 1598, "Partial": 0, "Missed": 423, "Spurious": 4364, "Possible": 6978, "Actual": 10919, "Precision": 0.6299185591412969, "Recall": 0.6308150991184633, "F1": 0.6301956924230706}}, "Predicates": {"Ent_type": {"Correct": 3922, "Incorrect": 33, "Partial": 0, "Missed": 3069, "Spurious": 5729, "Possible": 7024, "Actual": 9684, "Precision": 0.44782108321753233, "Recall": 0.48583701804321194, "F1": 0.458455794483997}, "Partial": {"Correct": 2717, "Incorrect": 0, "Partial": 1238, "Missed": 3069, "Spurious": 5729, "Possible": 7024, "Actual": 9684, "Precision": 0.3873094890820983, "Recall": 0.4081769174451763, "F1": 0.39326071528411166}, "Exact": {"Correct": 2717, "Incorrect": 1238, "Partial": 0, "Missed": 3069, "Spurious": 5729, "Possible": 7024, "Actual": 9684, "Precision": 0.3254474833062294, "Recall": 0.3279629386552114, "F1": 0.32631200653941356}, "Strict": {"Correct": 2709, "Incorrect": 1246, "Partial": 0, "Missed": 3069, "Spurious": 5729, "Possible": 7024, "Actual": 9684, "Precision": 0.32509466777939994, "Recall": 0.32727277550565154, "F1": 0.32584571061140066}}, "Objects": {"Ent_type": {"Correct": 5160, "Incorrect": 349, "Partial": 0, "Missed": 1492, "Spurious": 4332, "Possible": 7001, "Actual": 9841, "Precision": 0.5990613682834068, "Recall": 0.6278307429313684, "F1": 0.6068874085136281}, "Partial": {"Correct": 4178, "Incorrect": 0, "Partial": 1331, "Missed": 1492, "Spurious": 4332, "Possible": 7001, "Actual": 9841, "Precision": 0.5774331194731416, "Recall": 0.5971058435872947, "F1": 0.5829604223053085}, "Exact": {"Correct": 4178, "Incorrect": 1331, "Partial": 0, "Missed": 1492, "Spurious": 4332, "Possible": 7001, "Actual": 9841, "Precision": 0.5180384242966619, "Recall": 0.5238395374674756, "F1": 0.5198820476126539}, "Strict": {"Correct": 3900, "Incorrect": 1609, "Partial": 0, "Missed": 1492, "Spurious": 4332, "Possible": 7001, "Actual": 9841, "Precision": 0.48674357992989176, "Recall": 0.4886683442626396, "F1": 0.48746764003003284}}}, "Exact_match": {"Precision": 0.003982506291382638, "Recall": 0.0014076462566846673, "F1": 0.0019244790198448098}}