{"Total_scores": {"Ent_type": {"Correct": 7503, "Incorrect": 448, "Partial": 0, "Missed": 12811, "Spurious": 20001, "Possible": 20762, "Actual": 27952, "Precision": 0.2944706684937388, "Recall": 0.31377615800999237, "F1": 0.30199603057969304}, "Partial": {"Correct": 5711, "Incorrect": 0, "Partial": 2240, "Missed": 12811, "Spurious": 20001, "Possible": 20762, "Actual": 27952, "Precision": 0.27113025407290514, "Recall": 0.2900459750817236, "F1": 0.27850549820378645}, "Exact": {"Correct": 5711, "Incorrect": 2240, "Partial": 0, "Missed": 12811, "Spurious": 20001, "Possible": 20762, "Actual": 27952, "Precision": 0.23076676609112912, "Recall": 0.2416536741734714, "F1": 0.2351323964337095}, "Strict": {"Correct": 5481, "Incorrect": 2470, "Partial": 0, "Missed": 12811, "Spurious": 20001, "Possible": 20762, "Actual": 27952, "Precision": 0.22286603513007333, "Recall": 0.23074568296385606, "F1": 0.2260348675125147}}, "Scores_per_tag": {"Subjects": {"Ent_type": {"Correct": 976, "Incorrect": 106, "Partial": 0, "Missed": 5878, "Spurious": 8005, "Possible": 6960, "Actual": 9087, "Precision": 0.11994929664303214, "Recall": 0.12519179582984688, "F1": 0.12201690729996995}, "Partial": {"Correct": 884, "Incorrect": 0, "Partial": 198, "Missed": 5878, "Spurious": 8005, "Possible": 6960, "Actual": 9087, "Precision": 0.12054864509040843, "Recall": 0.1284481469806296, "F1": 0.12342189558314848}, "Exact": {"Correct": 884, "Incorrect": 198, "Partial": 0, "Missed": 5878, "Spurious": 8005, "Possible": 6960, "Actual": 9087, "Precision": 0.11406143933406114, "Recall": 0.11988015078502318, "F1": 0.11616106528171494}, "Strict": {"Correct": 802, "Incorrect": 280, "Partial": 0, "Missed": 5878, "Spurious": 8005, "Possible": 6960, "Actual": 9087, "Precision": 0.10829479878203777, "Recall": 0.11069563074203445, "F1": 0.10925513156603645}}, "Predicates": {"Ent_type": {"Correct": 4050, "Incorrect": 238, "Partial": 0, "Missed": 2765, "Spurious": 5661, "Possible": 7053, "Actual": 9949, "Precision": 0.4548714652278911, "Recall": 0.4938620814047022, "F1": 0.4658979075827226}, "Partial": {"Correct": 2815, "Incorrect": 0, "Partial": 1473, "Missed": 2765, "Spurious": 5661, "Possible": 7053, "Actual": 9949, "Precision": 0.3991649395631288, "Recall": 0.42835784794803256, "F1": 0.4079401315110917}, "Exact": {"Correct": 2815, "Incorrect": 1473, "Partial": 0, "Missed": 2765, "Spurious": 5661, "Possible": 7053, "Actual": 9949, "Precision": 0.32877111550457155, "Recall": 0.3345904970983151, "F1": 0.33075497905199164}, "Strict": {"Correct": 2738, "Incorrect": 1550, "Partial": 0, "Missed": 2765, "Spurious": 5661, "Possible": 7053, "Actual": 9949, "Precision": 0.32533614173897135, "Recall": 0.3278315870215396, "F1": 0.326204624019038}}, "Objects": {"Ent_type": {"Correct": 2477, "Incorrect": 104, "Partial": 0, "Missed": 4168, "Spurious": 6335, "Possible": 6749, "Actual": 8916, "Precision": 0.29768296252993803, "Recall": 0.30604023821768195, "F1": 0.3002621086206926}, "Partial": {"Correct": 2012, "Incorrect": 0, "Partial": 569, "Missed": 4168, "Spurious": 6335, "Possible": 6749, "Actual": 8916, "Precision": 0.2785118112623145, "Recall": 0.287186229053348, "F1": 0.2813471312810384}, "Exact": {"Correct": 2012, "Incorrect": 569, "Partial": 0, "Missed": 4168, "Spurious": 6335, "Possible": 6749, "Actual": 8916, "Precision": 0.25220873996833937, "Recall": 0.25659944119567846, "F1": 0.25376661435937137}, "Strict": {"Correct": 1941, "Incorrect": 640, "Partial": 0, "Missed": 4168, "Spurious": 6335, "Possible": 6749, "Actual": 8916, "Precision": 0.24716187332634515, "Recall": 0.24866920566683504, "F1": 0.24775862475509403}}}, "Exact_match": {"Precision": 0.003982506291382638, "Recall": 0.0014076462566846673, "F1": 0.0019244790198448098}}