{"Total_scores": {"Ent_type": {"Correct": 310, "Incorrect": 3, "Partial": 0, "Missed": 149, "Spurious": 157, "Possible": 462, "Actual": 470, "Precision": 0.6529411764705882, "Recall": 0.6672113289760349, "F1": 0.6587249714700695}, "Partial": {"Correct": 279, "Incorrect": 0, "Partial": 34, "Missed": 149, "Spurious": 157, "Possible": 462, "Actual": 470, "Precision": 0.6267429193899782, "Recall": 0.6413398692810457, "F1": 0.6325837742504409}, "Strict": {"Correct": 276, "Incorrect": 37, "Partial": 0, "Missed": 149, "Spurious": 157, "Possible": 462, "Actual": 470, "Precision": 0.588562091503268, "Recall": 0.5958605664488017, "F1": 0.5916277622159974}, "Exact": {"Correct": 279, "Incorrect": 34, "Partial": 0, "Missed": 149, "Spurious": 157, "Possible": 462, "Actual": 470, "Precision": 0.594553376906318, "Recall": 0.6056644880174292, "F1": 0.5990351696234049}}, "Scores_per_tag": {"Subjects": {"Ent_type": {"Correct": 108, "Incorrect": 2, "Partial": 0, "Missed": 47, "Spurious": 51, "Possible": 157, "Actual": 161, "Precision": 0.6623093681917211, "Recall": 0.673202614379085, "F1": 0.6666666666666666}, "Partial": {"Correct": 103, "Incorrect": 0, "Partial": 7, "Missed": 47, "Spurious": 51, "Possible": 157, "Actual": 161, "Precision": 0.6568627450980392, "Recall": 0.6715686274509803, "F1": 0.6623093681917211}, "Strict": {"Correct": 101, "Incorrect": 9, "Partial": 0, "Missed": 47, "Spurious": 51, "Possible": 157, "Actual": 161, "Precision": 0.6383442265795207, "Recall": 0.6437908496732027, "F1": 0.6405228758169935}, "Exact": {"Correct": 103, "Incorrect": 7, "Partial": 0, "Missed": 47, "Spurious": 51, "Possible": 157, "Actual": 161, "Precision": 0.644880174291939, "Recall": 0.6568627450980392, "F1": 0.6492374727668845}}, "Predicates": {"Ent_type": {"Correct": 113, "Incorrect": 0, "Partial": 0, "Missed": 41, "Spurious": 47, "Possible": 154, "Actual": 160, "Precision": 0.7107843137254902, "Recall": 0.7320261437908496, "F1": 0.7169934640522876}, "Partial": {"Correct": 98, "Incorrect": 0, "Partial": 15, "Missed": 41, "Spurious": 47, "Possible": 154, "Actual": 160, "Precision": 0.6734749455337691, "Recall": 0.684640522875817, "F1": 0.6767973856209151}, "Strict": {"Correct": 98, "Incorrect": 15, "Partial": 0, "Missed": 41, "Spurious": 47, "Possible": 154, "Actual": 160, "Precision": 0.6361655773420479, "Recall": 0.6372549019607843, "F1": 0.6366013071895424}, "Exact": {"Correct": 98, "Incorrect": 15, "Partial": 0, "Missed": 41, "Spurious": 47, "Possible": 154, "Actual": 160, "Precision": 0.6361655773420479, "Recall": 0.6372549019607843, "F1": 0.6366013071895424}}, "Objects": {"Ent_type": {"Correct": 89, "Incorrect": 1, "Partial": 0, "Missed": 61, "Spurious": 59, "Possible": 151, "Actual": 149, "Precision": 0.5816993464052288, "Recall": 0.5816993464052288, "F1": 0.5816993464052288}, "Partial": {"Correct": 78, "Incorrect": 0, "Partial": 12, "Missed": 61, "Spurious": 59, "Possible": 151, "Actual": 149, "Precision": 0.545751633986928, "Recall": 0.5490196078431373, "F1": 0.5468409586056645}, "Strict": {"Correct": 77, "Incorrect": 13, "Partial": 0, "Missed": 61, "Spurious": 59, "Possible": 151, "Actual": 149, "Precision": 0.5032679738562091, "Recall": 0.5032679738562091, "F1": 0.5032679738562091}, "Exact": {"Correct": 78, "Incorrect": 12, "Partial": 0, "Missed": 61, "Spurious": 59, "Possible": 151, "Actual": 149, "Precision": 0.5065359477124183, "Recall": 0.5098039215686274, "F1": 0.5076252723311547}}}, "Exact_match": {"Precision": 0.19617224880382775, "Recall": 0.18979266347687399, "F1": 0.19202551834130782}}