{"Total_scores": {"Ent_type": {"Correct": 25910, "Incorrect": 206, "Partial": 0, "Missed": 12458, "Spurious": 11729, "Possible": 38574, "Actual": 37845, "Precision": 0.6355613257126589, "Recall": 0.6618811220540742, "F1": 0.6462484446630495}, "Partial": {"Correct": 22762, "Incorrect": 0, "Partial": 3354, "Missed": 12458, "Spurious": 11729, "Possible": 38574, "Actual": 37845, "Precision": 0.605950792252738, "Recall": 0.6296627699041824, "F1": 0.6155799383399672}, "Strict": {"Correct": 22570, "Incorrect": 3546, "Partial": 0, "Missed": 12458, "Spurious": 11729, "Possible": 38574, "Actual": 37845, "Precision": 0.5652158026047048, "Recall": 0.5818306776630101, "F1": 0.5721954685202343}, "Exact": {"Correct": 22762, "Incorrect": 3354, "Partial": 0, "Missed": 12458, "Spurious": 11729, "Possible": 38574, "Actual": 37845, "Precision": 0.5705271432511404, "Recall": 0.5894240264766327, "F1": 0.5783544122001965}}, "Scores_per_tag": {"Subjects": {"Ent_type": {"Correct": 9040, "Incorrect": 12, "Partial": 0, "Missed": 4115, "Spurious": 4255, "Possible": 13167, "Actual": 13307, "Precision": 0.626377879200363, "Recall": 0.6552165905997278, "F1": 0.6375156804654762}, "Partial": {"Correct": 8018, "Incorrect": 0, "Partial": 1034, "Missed": 4115, "Spurious": 4255, "Possible": 13167, "Actual": 13307, "Precision": 0.6114380654976379, "Recall": 0.6319361037713188, "F1": 0.619414418021192}, "Strict": {"Correct": 8008, "Incorrect": 1044, "Partial": 0, "Missed": 4115, "Spurious": 4255, "Possible": 13167, "Actual": 13307, "Precision": 0.5954573357888275, "Recall": 0.6068940667787653, "F1": 0.6000320281848026}, "Exact": {"Correct": 8018, "Incorrect": 1034, "Partial": 0, "Missed": 4115, "Spurious": 4255, "Possible": 13167, "Actual": 13307, "Precision": 0.5958977233298636, "Recall": 0.607694771398831, "F1": 0.6005925214188486}}, "Predicates": {"Ent_type": {"Correct": 9141, "Incorrect": 4, "Partial": 0, "Missed": 3562, "Spurious": 3093, "Possible": 12707, "Actual": 12238, "Precision": 0.6977793791870179, "Recall": 0.7144687324845864, "F1": 0.7035074675238019}, "Partial": {"Correct": 7500, "Incorrect": 0, "Partial": 1645, "Missed": 3562, "Spurious": 3093, "Possible": 12707, "Actual": 12238, "Precision": 0.6434769263618652, "Recall": 0.6532948995115702, "F1": 0.6469262474787336}, "Strict": {"Correct": 7500, "Incorrect": 1645, "Partial": 0, "Missed": 3562, "Spurious": 3093, "Possible": 12707, "Actual": 12238, "Precision": 0.588854191688686, "Recall": 0.5918007846905277, "F1": 0.5900247455856392}, "Exact": {"Correct": 7500, "Incorrect": 1645, "Partial": 0, "Missed": 3562, "Spurious": 3093, "Possible": 12707, "Actual": 12238, "Precision": 0.588854191688686, "Recall": 0.5918007846905277, "F1": 0.5900247455856392}}, "Objects": {"Ent_type": {"Correct": 7729, "Incorrect": 190, "Partial": 0, "Missed": 4781, "Spurious": 4381, "Possible": 12700, "Actual": 12300, "Precision": 0.5900733597947145, "Recall": 0.6012490992073024, "F1": 0.5938892892411989}, "Partial": {"Correct": 7244, "Incorrect": 0, "Partial": 675, "Missed": 4781, "Spurious": 4381, "Possible": 12700, "Actual": 12300, "Precision": 0.5794002531751751, "Recall": 0.5938425814716951, "F1": 0.5843228707929645}, "Strict": {"Correct": 7062, "Incorrect": 857, "Partial": 0, "Missed": 4781, "Spurious": 4381, "Possible": 12700, "Actual": 12300, "Precision": 0.5531934769263619, "Recall": 0.5566498518696453, "F1": 0.5544719353030667}, "Exact": {"Correct": 7244, "Incorrect": 675, "Partial": 0, "Missed": 4781, "Spurious": 4381, "Possible": 12700, "Actual": 12300, "Precision": 0.5606800651239757, "Recall": 0.5712226759548402, "F1": 0.5643206021298743}}}, "Exact_match": {"Precision": 0.11878038628038627, "Recall": 0.05412370482311753, "F1": 0.06825332470871208}}