{"Total_scores": {"Ent_type": {"Correct": 18316, "Incorrect": 221, "Partial": 0, "Missed": 7593, "Spurious": 6349, "Possible": 26130, "Actual": 24886, "Precision": 0.6769523324651081, "Recall": 0.6962450900322794, "F1": 0.6842822745425771}, "Partial": {"Correct": 16769, "Incorrect": 0, "Partial": 1768, "Missed": 7593, "Spurious": 6349, "Possible": 26130, "Actual": 24886, "Precision": 0.6580710853724504, "Recall": 0.6752051491463462, "F1": 0.6646099698215462}, "Strict": {"Correct": 16573, "Incorrect": 1964, "Partial": 0, "Missed": 7593, "Spurious": 6349, "Possible": 26130, "Actual": 24886, "Precision": 0.6210122627343488, "Recall": 0.6330377629992611, "F1": 0.6260196821643315}, "Exact": {"Correct": 16769, "Incorrect": 1768, "Partial": 0, "Missed": 7593, "Spurious": 6349, "Possible": 26130, "Actual": 24886, "Precision": 0.6294554626721235, "Recall": 0.6430910434410609, "F1": 0.6349376280616263}}, "Scores_per_tag": {"Subjects": {"Ent_type": {"Correct": 6456, "Incorrect": 78, "Partial": 0, "Missed": 2011, "Spurious": 1455, "Possible": 8545, "Actual": 7989, "Precision": 0.7357562322560572, "Recall": 0.7442538793606347, "F1": 0.7387819390969549}, "Partial": {"Correct": 6264, "Incorrect": 0, "Partial": 270, "Missed": 2011, "Spurious": 1455, "Possible": 8545, "Actual": 7989, "Precision": 0.7333936141251507, "Recall": 0.7398494924746237, "F1": 0.7356920623808968}, "Strict": {"Correct": 6190, "Incorrect": 344, "Partial": 0, "Missed": 2011, "Spurious": 1455, "Possible": 8545, "Actual": 7989, "Precision": 0.7162135884572006, "Recall": 0.7177108855442772, "F1": 0.7168125072920313}, "Exact": {"Correct": 6264, "Incorrect": 270, "Partial": 0, "Missed": 2011, "Spurious": 1455, "Possible": 8545, "Actual": 7989, "Precision": 0.723388947225139, "Recall": 0.7263446505658616, "F1": 0.7244740014778517}}, "Predicates": {"Ent_type": {"Correct": 6179, "Incorrect": 19, "Partial": 0, "Missed": 2789, "Spurious": 2548, "Possible": 8987, "Actual": 8746, "Precision": 0.6480087893283553, "Recall": 0.672383619180959, "F1": 0.657118967059464}, "Partial": {"Correct": 5133, "Incorrect": 0, "Partial": 1065, "Missed": 2789, "Spurious": 2548, "Possible": 8987, "Actual": 8746, "Precision": 0.6078880332905534, "Recall": 0.6246062303115156, "F1": 0.6142204332438844}, "Strict": {"Correct": 5133, "Incorrect": 1065, "Partial": 0, "Missed": 2789, "Spurious": 2548, "Possible": 8987, "Actual": 8746, "Precision": 0.5664838797495431, "Recall": 0.5746120639365302, "F1": 0.5697273752576518}, "Exact": {"Correct": 5133, "Incorrect": 1065, "Partial": 0, "Missed": 2789, "Spurious": 2548, "Possible": 8987, "Actual": 8746, "Precision": 0.5664838797495431, "Recall": 0.5746120639365302, "F1": 0.5697273752576518}}, "Objects": {"Ent_type": {"Correct": 5681, "Incorrect": 124, "Partial": 0, "Missed": 2793, "Spurious": 2346, "Possible": 8598, "Actual": 8151, "Precision": 0.64533723837189, "Recall": 0.6567495041418737, "F1": 0.6490157841225395}, "Partial": {"Correct": 5372, "Incorrect": 0, "Partial": 433, "Missed": 2793, "Spurious": 2346, "Possible": 8598, "Actual": 8151, "Precision": 0.6350254336078627, "Recall": 0.647474040368685, "F1": 0.6391302898478257}, "Strict": {"Correct": 5250, "Incorrect": 555, "Partial": 0, "Missed": 2793, "Spurious": 2346, "Possible": 8598, "Actual": 8151, "Precision": 0.608379478803, "Recall": 0.6094971415237429, "F1": 0.6087882171886372}, "Exact": {"Correct": 5372, "Incorrect": 433, "Partial": 0, "Missed": 2793, "Spurious": 2346, "Possible": 8598, "Actual": 8151, "Precision": 0.6164882175732719, "Recall": 0.623731186559328, "F1": 0.6189387247140135}}}, "Exact_match": {"Precision": 0.14986730143365662, "Recall": 0.09116756686525744, "F1": 0.10333021225074225}}