{"Total_scores": {"Ent_type": {"Correct": 859, "Incorrect": 17, "Partial": 0, "Missed": 7422, "Spurious": 1047, "Possible": 8298, "Actual": 1923, "Precision": 0.12891680484227067, "Recall": 0.12677616597802932, "F1": 0.12741054436706611}, "Partial": {"Correct": 856, "Incorrect": 0, "Partial": 20, "Missed": 7422, "Spurious": 1047, "Possible": 8298, "Actual": 1923, "Precision": 0.12984313334468614, "Recall": 0.1281904171857588, "F1": 0.12868048915657612}, "Exact": {"Correct": 856, "Incorrect": 20, "Partial": 0, "Missed": 7422, "Spurious": 1047, "Possible": 8298, "Actual": 1923, "Precision": 0.12696028310314025, "Recall": 0.1266916249152274, "F1": 0.12680357404270448}, "Strict": {"Correct": 844, "Incorrect": 32, "Partial": 0, "Missed": 7422, "Spurious": 1047, "Possible": 8298, "Actual": 1923, "Precision": 0.12448443769251223, "Recall": 0.12425201138865735, "F1": 0.12434946776251124}}, "Scores_per_tag": {"Subjects": {"Ent_type": {"Correct": 297, "Incorrect": 3, "Partial": 0, "Missed": 2468, "Spurious": 928, "Possible": 2768, "Actual": 1228, "Precision": 0.12803636184381526, "Recall": 0.12964264203705197, "F1": 0.12857017826893602}, "Partial": {"Correct": 286, "Incorrect": 0, "Partial": 14, "Missed": 2468, "Spurious": 928, "Possible": 2768, "Actual": 1228, "Precision": 0.1268709029066172, "Recall": 0.12804843913850125, "F1": 0.12727307681966066}, "Exact": {"Correct": 286, "Incorrect": 14, "Partial": 0, "Missed": 2468, "Spurious": 928, "Possible": 2768, "Actual": 1228, "Precision": 0.12418370483898435, "Recall": 0.12471510580516791, "F1": 0.12438177247183459}, "Strict": {"Correct": 283, "Incorrect": 17, "Partial": 0, "Missed": 2468, "Spurious": 928, "Possible": 2768, "Actual": 1228, "Precision": 0.12266196570854956, "Recall": 0.12297597537038531, "F1": 0.12278756957328386}}, "Predicates": {"Ent_type": {"Correct": 286, "Incorrect": 1, "Partial": 0, "Missed": 2478, "Spurious": 57, "Possible": 2765, "Actual": 344, "Precision": 0.1278759063572728, "Recall": 0.1278759063572728, "F1": 0.1278759063572728}, "Partial": {"Correct": 285, "Incorrect": 0, "Partial": 2, "Missed": 2478, "Spurious": 57, "Possible": 2765, "Actual": 344, "Precision": 0.12770199331379456, "Recall": 0.12770199331379456, "F1": 0.12770199331379456}, "Exact": {"Correct": 285, "Incorrect": 2, "Partial": 0, "Missed": 2478, "Spurious": 57, "Possible": 2765, "Actual": 344, "Precision": 0.12744112374857716, "Recall": 0.12744112374857716, "F1": 0.12744112374857716}, "Strict": {"Correct": 285, "Incorrect": 2, "Partial": 0, "Missed": 2478, "Spurious": 57, "Possible": 2765, "Actual": 344, "Precision": 0.12744112374857716, "Recall": 0.12744112374857716, "F1": 0.12744112374857716}}, "Objects": {"Ent_type": {"Correct": 276, "Incorrect": 13, "Partial": 0, "Missed": 2476, "Spurious": 62, "Possible": 2765, "Actual": 351, "Precision": 0.12186792055425595, "Recall": 0.12186792055425595, "F1": 0.12186792055425595}, "Partial": {"Correct": 285, "Incorrect": 0, "Partial": 4, "Missed": 2476, "Spurious": 62, "Possible": 2765, "Actual": 351, "Precision": 0.12608531185860378, "Recall": 0.12811429736585017, "F1": 0.12676164036101925}, "Exact": {"Correct": 285, "Incorrect": 4, "Partial": 0, "Missed": 2476, "Spurious": 62, "Possible": 2765, "Actual": 351, "Precision": 0.12541864519193713, "Recall": 0.1274476306991835, "F1": 0.12609497369435257}, "Strict": {"Correct": 276, "Incorrect": 13, "Partial": 0, "Missed": 2476, "Spurious": 62, "Possible": 2765, "Actual": 351, "Precision": 0.12186792055425595, "Recall": 0.12186792055425595, "F1": 0.12186792055425595}}}, "Exact_match": {"Precision": 0.0005091649694501018, "Recall": 0.0005091649694501018, "F1": 0.0005091649694501018}}