{"Total_scores": {"Ent_type": {"Correct": 16767, "Incorrect": 278, "Partial": 0, "Missed": 7476, "Spurious": 5373, "Possible": 24521, "Actual": 22418, "Precision": 0.6739005984907624, "Recall": 0.6800815532372909, "F1": 0.6728362090174781}, "Partial": {"Correct": 15329, "Incorrect": 0, "Partial": 1716, "Missed": 7476, "Spurious": 5373, "Possible": 24521, "Actual": 22418, "Precision": 0.6515376244884441, "Recall": 0.6592927223050173, "F1": 0.6520837943282841}, "Strict": {"Correct": 15115, "Incorrect": 1930, "Partial": 0, "Missed": 7476, "Spurious": 5373, "Possible": 24521, "Actual": 22418, "Precision": 0.6058015754737066, "Recall": 0.6163147872164265, "F1": 0.6102109245022415}, "Exact": {"Correct": 15329, "Incorrect": 1716, "Partial": 0, "Missed": 7476, "Spurious": 5373, "Possible": 24521, "Actual": 22418, "Precision": 0.6144246918837083, "Recall": 0.6260018214936247, "F1": 0.6189434488085362}}, "Scores_per_tag": {"Subjects": {"Ent_type": {"Correct": 5868, "Incorrect": 135, "Partial": 0, "Missed": 2084, "Spurious": 1385, "Possible": 8087, "Actual": 7388, "Precision": 0.713056797483027, "Recall": 0.7213114754098361, "F1": 0.7159504884914721}, "Partial": {"Correct": 5664, "Incorrect": 0, "Partial": 339, "Missed": 2084, "Spurious": 1385, "Possible": 8087, "Actual": 7388, "Precision": 0.7125269084285478, "Recall": 0.7188897168405365, "F1": 0.7147603079980129}, "Strict": {"Correct": 5530, "Incorrect": 473, "Partial": 0, "Missed": 2084, "Spurious": 1385, "Possible": 8087, "Actual": 7388, "Precision": 0.6818181818181818, "Recall": 0.6830601092896175, "F1": 0.6823149528067561}, "Exact": {"Correct": 5664, "Incorrect": 339, "Partial": 0, "Missed": 2084, "Spurious": 1385, "Possible": 8087, "Actual": 7388, "Precision": 0.6968455042225534, "Recall": 0.6997019374068555, "F1": 0.6978804437820831}}, "Predicates": {"Ent_type": {"Correct": 5629, "Incorrect": 63, "Partial": 0, "Missed": 2670, "Spurious": 2172, "Possible": 8362, "Actual": 7864, "Precision": 0.6357426726279185, "Recall": 0.660581222056632, "F1": 0.6443864878291108}, "Partial": {"Correct": 4762, "Incorrect": 0, "Partial": 930, "Missed": 2670, "Spurious": 2172, "Possible": 8362, "Actual": 7864, "Precision": 0.6040786968041066, "Recall": 0.6202806756085445, "F1": 0.6098733233979136}, "Strict": {"Correct": 4760, "Incorrect": 932, "Partial": 0, "Missed": 2670, "Spurious": 2172, "Possible": 8362, "Actual": 7864, "Precision": 0.5654599271402551, "Recall": 0.5719076005961252, "F1": 0.5680327868852459}, "Exact": {"Correct": 4762, "Incorrect": 930, "Partial": 0, "Missed": 2670, "Spurious": 2172, "Possible": 8362, "Actual": 7864, "Precision": 0.5657083126345421, "Recall": 0.5721559860904123, "F1": 0.568281172379533}}, "Objects": {"Ent_type": {"Correct": 5270, "Incorrect": 80, "Partial": 0, "Missed": 2722, "Spurious": 1816, "Possible": 8072, "Actual": 7166, "Precision": 0.6421007043957864, "Recall": 0.6491554893194238, "F1": 0.644292456177702}, "Partial": {"Correct": 4903, "Incorrect": 0, "Partial": 447, "Missed": 2722, "Spurious": 1816, "Possible": 8072, "Actual": 7166, "Precision": 0.6273281363445298, "Recall": 0.6326689021361153, "F1": 0.6290371513732169}, "Strict": {"Correct": 4825, "Incorrect": 525, "Partial": 0, "Missed": 2722, "Spurious": 1816, "Possible": 8072, "Actual": 7166, "Precision": 0.5955411619346046, "Recall": 0.5965598609041232, "F1": 0.5958980909800582}, "Exact": {"Correct": 4903, "Incorrect": 447, "Partial": 0, "Missed": 2722, "Spurious": 1816, "Possible": 8072, "Actual": 7166, "Precision": 0.6039862687403671, "Recall": 0.6062468951813215, "F1": 0.6047571736096327}}}, "Exact_match": {"Precision": 0.14051221279934986, "Recall": 0.08544444128986838, "F1": 0.09737537078590018}}