{"Total_scores": {"Ent_type": {"Correct": 22784, "Incorrect": 194, "Partial": 0, "Missed": 10621, "Spurious": 10765, "Possible": 33599, "Actual": 33743, "Precision": 0.6507079672734958, "Recall": 0.6751215167708239, "F1": 0.6604047971270143}, "Partial": {"Correct": 20696, "Incorrect": 0, "Partial": 2282, "Missed": 10621, "Spurious": 10765, "Possible": 33599, "Actual": 33743, "Precision": 0.6286557463307758, "Recall": 0.6506007909911542, "F1": 0.6370270693792114}, "Strict": {"Correct": 20507, "Incorrect": 2471, "Partial": 0, "Missed": 10621, "Spurious": 10765, "Possible": 33599, "Actual": 33743, "Precision": 0.5973908936819905, "Recall": 0.6096111463333636, "F1": 0.6025198286904654}, "Exact": {"Correct": 20696, "Incorrect": 2282, "Partial": 0, "Missed": 10621, "Spurious": 10765, "Possible": 33599, "Actual": 33743, "Precision": 0.6019104118415775, "Recall": 0.6177474866407028, "F1": 0.6079946605940628}}, "Scores_per_tag": {"Subjects": {"Ent_type": {"Correct": 8044, "Incorrect": 35, "Partial": 0, "Missed": 3246, "Spurious": 3467, "Possible": 11325, "Actual": 11546, "Precision": 0.662606044138514, "Recall": 0.6889774476949552, "F1": 0.6722760619509103}, "Partial": {"Correct": 7326, "Incorrect": 0, "Partial": 753, "Missed": 3246, "Spurious": 3467, "Possible": 11325, "Actual": 11546, "Precision": 0.6510053437188661, "Recall": 0.6679422153790417, "F1": 0.6573106300757782}, "Strict": {"Correct": 7292, "Incorrect": 787, "Partial": 0, "Missed": 3246, "Spurious": 3467, "Possible": 11325, "Actual": 11546, "Precision": 0.6340609244331733, "Recall": 0.6406575491350421, "F1": 0.6366995743139209}, "Exact": {"Correct": 7326, "Incorrect": 753, "Partial": 0, "Missed": 3246, "Spurious": 3467, "Possible": 11325, "Actual": 11546, "Precision": 0.6366874981130937, "Recall": 0.6437369803459831, "F1": 0.6394771005041814}}, "Predicates": {"Ent_type": {"Correct": 7660, "Incorrect": 2, "Partial": 0, "Missed": 3467, "Spurious": 3572, "Possible": 11129, "Actual": 11234, "Precision": 0.6633985448178004, "Recall": 0.68580744497781, "F1": 0.669848745584639}, "Partial": {"Correct": 6938, "Incorrect": 0, "Partial": 724, "Missed": 3467, "Spurious": 3572, "Possible": 11129, "Actual": 11234, "Precision": 0.6433067656915135, "Recall": 0.6551942758808079, "F1": 0.6468013163058902}, "Strict": {"Correct": 6938, "Incorrect": 724, "Partial": 0, "Missed": 3467, "Spurious": 3572, "Possible": 11129, "Actual": 11234, "Precision": 0.6230338435528183, "Recall": 0.6243999637713975, "F1": 0.623572744014733}, "Exact": {"Correct": 6938, "Incorrect": 724, "Partial": 0, "Missed": 3467, "Spurious": 3572, "Possible": 11129, "Actual": 11234, "Precision": 0.6230338435528183, "Recall": 0.6243999637713975, "F1": 0.623572744014733}}, "Objects": {"Ent_type": {"Correct": 7080, "Incorrect": 157, "Partial": 0, "Missed": 3908, "Spurious": 3726, "Possible": 11145, "Actual": 10963, "Precision": 0.6235229296863207, "Recall": 0.6309211122180962, "F1": 0.6260362889834858}, "Partial": {"Correct": 6432, "Incorrect": 0, "Partial": 805, "Missed": 3908, "Spurious": 3726, "Possible": 11145, "Actual": 10963, "Precision": 0.5995599734323582, "Recall": 0.611267095371796, "F1": 0.6035111553905141}, "Strict": {"Correct": 6277, "Incorrect": 960, "Partial": 0, "Missed": 3908, "Spurious": 3726, "Possible": 11145, "Actual": 10963, "Precision": 0.561150861938834, "Recall": 0.5633547685898016, "F1": 0.5619358149926034}, "Exact": {"Correct": 6432, "Incorrect": 805, "Partial": 0, "Missed": 3908, "Spurious": 3726, "Possible": 11145, "Actual": 10963, "Precision": 0.5683060109289617, "Recall": 0.5773933520514446, "F1": 0.5713854421399028}}}, "Exact_match": {"Precision": 0.20455166225005003, "Recall": 0.14873161454008324, "F1": 0.1624114415180695}}