{"Total_scores": {"Ent_type": {"Correct": 155845, "Incorrect": 805, "Partial": 0, "Missed": 62825, "Spurious": 62959, "Possible": 219475, "Actual": 219609, "Precision": 0.6933714717494931, "Recall": 0.7076859603741922, "F1": 0.6989836859722544}, "Partial": {"Correct": 144633, "Incorrect": 0, "Partial": 12017, "Missed": 62825, "Spurious": 62959, "Possible": 219475, "Actual": 219609, "Precision": 0.6751634905624142, "Recall": 0.6869182219379004, "F1": 0.679588102817736}, "Strict": {"Correct": 143999, "Incorrect": 12651, "Partial": 0, "Missed": 62825, "Spurious": 62959, "Possible": 219475, "Actual": 219609, "Precision": 0.6494939159987974, "Recall": 0.6578572488155833, "F1": 0.6526366894987038}, "Exact": {"Correct": 144633, "Incorrect": 12017, "Partial": 0, "Missed": 62825, "Spurious": 62959, "Possible": 219475, "Actual": 219609, "Precision": 0.6528953474973278, "Recall": 0.6615032125274664, "F1": 0.656037591205032}}, "Scores_per_tag": {"Subjects": {"Ent_type": {"Correct": 58425, "Incorrect": 210, "Partial": 0, "Missed": 14283, "Spurious": 16054, "Possible": 72918, "Actual": 74689, "Precision": 0.7850063508840245, "Recall": 0.7934386560231413, "F1": 0.7882411296229337}, "Partial": {"Correct": 56597, "Incorrect": 0, "Partial": 2038, "Missed": 14283, "Spurious": 16054, "Possible": 72918, "Actual": 74689, "Precision": 0.7806372208160655, "Recall": 0.7869579729090758, "F1": 0.7830621459498048}, "Strict": {"Correct": 56387, "Incorrect": 2248, "Partial": 0, "Missed": 14283, "Spurious": 16054, "Possible": 72918, "Actual": 74689, "Precision": 0.7714562530711392, "Recall": 0.7746363307651656, "F1": 0.7727282841487497}, "Exact": {"Correct": 56597, "Incorrect": 2038, "Partial": 0, "Missed": 14283, "Spurious": 16054, "Possible": 72918, "Actual": 74689, "Precision": 0.7738621719096227, "Recall": 0.7775568102800879, "F1": 0.7753057232127128}}, "Predicates": {"Ent_type": {"Correct": 52672, "Incorrect": 114, "Partial": 0, "Missed": 21287, "Spurious": 21797, "Possible": 74073, "Actual": 74583, "Precision": 0.6813082357522321, "Recall": 0.7023753233388035, "F1": 0.6886750956606045}, "Partial": {"Correct": 46656, "Incorrect": 0, "Partial": 6130, "Missed": 21287, "Spurious": 21797, "Possible": 74073, "Actual": 74583, "Precision": 0.655476246766612, "Recall": 0.6688697744277251, "F1": 0.6602793263162356}, "Strict": {"Correct": 46656, "Incorrect": 6130, "Partial": 0, "Missed": 21287, "Spurious": 21797, "Possible": 74073, "Actual": 74583, "Precision": 0.6287402998358969, "Recall": 0.6337788223514033, "F1": 0.6307524506200556}, "Exact": {"Correct": 46656, "Incorrect": 6130, "Partial": 0, "Missed": 21287, "Spurious": 21797, "Possible": 74073, "Actual": 74583, "Precision": 0.6287402998358969, "Recall": 0.6337788223514033, "F1": 0.6307524506200556}}, "Objects": {"Ent_type": {"Correct": 44748, "Incorrect": 481, "Partial": 0, "Missed": 27255, "Spurious": 25108, "Possible": 72484, "Actual": 70337, "Precision": 0.6090080568149158, "Recall": 0.6142185631240786, "F1": 0.6107867679099566}, "Partial": {"Correct": 41380, "Incorrect": 0, "Partial": 3849, "Missed": 27255, "Spurious": 25108, "Possible": 72484, "Actual": 70337, "Precision": 0.5902173207613644, "Recall": 0.5961672183127973, "F1": 0.5922391733652268}, "Strict": {"Correct": 40956, "Incorrect": 4273, "Partial": 0, "Missed": 27255, "Spurious": 25108, "Possible": 72484, "Actual": 70337, "Precision": 0.563770756265124, "Recall": 0.5655299974967318, "F1": 0.5643924011904431}, "Exact": {"Correct": 41380, "Incorrect": 3849, "Partial": 0, "Missed": 27255, "Spurious": 25108, "Possible": 72484, "Actual": 70337, "Precision": 0.567219703501794, "Recall": 0.5714265847078129, "F1": 0.5686572284185836}}}, "Exact_match": {"Precision": 0.0897213794884936, "Recall": 0.06515889072325341, "F1": 0.07017804342960965}}