{"Total_scores": {"Ent_type": {"Correct": 28527, "Incorrect": 230, "Partial": 0, "Missed": 11954, "Spurious": 10593, "Possible": 40711, "Actual": 39350, "Precision": 0.6796655201915996, "Recall": 0.6972249245428921, "F1": 0.6859068374643588}, "Partial": {"Correct": 26209, "Incorrect": 0, "Partial": 2548, "Missed": 11954, "Spurious": 10593, "Possible": 40711, "Actual": 39350, "Precision": 0.6614254630848958, "Recall": 0.674150016213924, "F1": 0.6652013252911452}, "Strict": {"Correct": 26002, "Incorrect": 2755, "Partial": 0, "Missed": 11954, "Spurious": 10593, "Possible": 40711, "Actual": 39350, "Precision": 0.6257679099069505, "Recall": 0.6381912744144279, "F1": 0.6309840909853907}, "Exact": {"Correct": 26209, "Incorrect": 2548, "Partial": 0, "Missed": 11954, "Spurious": 10593, "Possible": 40711, "Actual": 39350, "Precision": 0.6340731806794816, "Recall": 0.6443151487939335, "F1": 0.6374112191965494}}, "Scores_per_tag": {"Subjects": {"Ent_type": {"Correct": 9833, "Incorrect": 95, "Partial": 0, "Missed": 3466, "Spurious": 2932, "Possible": 13394, "Actual": 12860, "Precision": 0.717067025867445, "Recall": 0.729252413380229, "F1": 0.7212751627628526}, "Partial": {"Correct": 9412, "Incorrect": 0, "Partial": 516, "Missed": 3466, "Spurious": 2932, "Possible": 13394, "Actual": 12860, "Precision": 0.7110865823542618, "Recall": 0.7187008905185961, "F1": 0.7137344408690663}, "Strict": {"Correct": 9320, "Incorrect": 608, "Partial": 0, "Missed": 3466, "Spurious": 2932, "Possible": 13394, "Actual": 12860, "Precision": 0.6930579460699943, "Recall": 0.694155504003592, "F1": 0.6934969692434334}, "Exact": {"Correct": 9412, "Incorrect": 516, "Partial": 0, "Missed": 3466, "Spurious": 2932, "Possible": 13394, "Actual": 12860, "Precision": 0.6989697922123276, "Recall": 0.7010401855870688, "F1": 0.6997330938661478}}, "Predicates": {"Ent_type": {"Correct": 9735, "Incorrect": 67, "Partial": 0, "Missed": 4100, "Spurious": 4000, "Possible": 13902, "Actual": 13802, "Precision": 0.6615031554790591, "Recall": 0.6881688243657861, "F1": 0.6710743595500013}, "Partial": {"Correct": 8394, "Incorrect": 0, "Partial": 1408, "Missed": 4100, "Spurious": 4000, "Possible": 13902, "Actual": 13802, "Precision": 0.6336432687270822, "Recall": 0.6505837012646861, "F1": 0.6398550724637682}, "Strict": {"Correct": 8345, "Incorrect": 1457, "Partial": 0, "Missed": 4100, "Spurious": 4000, "Possible": 13902, "Actual": 13802, "Precision": 0.5975891142208586, "Recall": 0.6043178926887675, "F1": 0.6002793783830976}, "Exact": {"Correct": 8394, "Incorrect": 1408, "Partial": 0, "Missed": 4100, "Spurious": 4000, "Possible": 13902, "Actual": 13802, "Precision": 0.6012559554990147, "Recall": 0.6079847339669235, "F1": 0.6039462196612537}}, "Objects": {"Ent_type": {"Correct": 8959, "Incorrect": 68, "Partial": 0, "Missed": 4388, "Spurious": 3661, "Possible": 13415, "Actual": 12688, "Precision": 0.6582903680336891, "Recall": 0.664671106787398, "F1": 0.660341454549342}, "Partial": {"Correct": 8403, "Incorrect": 0, "Partial": 624, "Missed": 4388, "Spurious": 3661, "Possible": 13415, "Actual": 12688, "Precision": 0.6419814310594824, "Recall": 0.6478522786799371, "F1": 0.6439090879935002}, "Strict": {"Correct": 8337, "Incorrect": 690, "Partial": 0, "Missed": 4388, "Spurious": 3661, "Possible": 13415, "Actual": 12688, "Precision": 0.6199103149338875, "Recall": 0.6210057621791514, "F1": 0.6202927058722914}, "Exact": {"Correct": 8403, "Incorrect": 624, "Partial": 0, "Missed": 4388, "Spurious": 3661, "Possible": 13415, "Actual": 12688, "Precision": 0.6227539877618453, "Recall": 0.6259447728803412, "F1": 0.6238348246579931}}}, "Exact_match": {"Precision": 0.1434408718565236, "Recall": 0.08747961819167599, "F1": 0.09858892329721829}}