{"Total_scores": {"Ent_type": {"Correct": 28392, "Incorrect": 141, "Partial": 0, "Missed": 11490, "Spurious": 11259, "Possible": 40023, "Actual": 39792, "Precision": 0.6863251078616318, "Recall": 0.7057311146731802, "F1": 0.6933016965648062}, "Partial": {"Correct": 26012, "Incorrect": 0, "Partial": 2521, "Missed": 11490, "Spurious": 11259, "Possible": 40023, "Actual": 39792, "Precision": 0.6641282381206814, "Recall": 0.681430170724881, "F1": 0.6706552312574754}, "Strict": {"Correct": 25883, "Incorrect": 2650, "Partial": 0, "Missed": 11490, "Spurious": 11259, "Possible": 40023, "Actual": 39792, "Precision": 0.6343352561236693, "Recall": 0.6471681551026639, "F1": 0.6397513083224098}, "Exact": {"Correct": 26012, "Incorrect": 2521, "Partial": 0, "Missed": 11490, "Spurious": 11259, "Possible": 40023, "Actual": 39792, "Precision": 0.6379189520247455, "Recall": 0.6519387832989848, "F1": 0.6436808520504421}}, "Scores_per_tag": {"Subjects": {"Ent_type": {"Correct": 10403, "Incorrect": 24, "Partial": 0, "Missed": 3184, "Spurious": 3471, "Possible": 13611, "Actual": 13898, "Precision": 0.7214843650611913, "Recall": 0.7468132203648576, "F1": 0.7309772790881103}, "Partial": {"Correct": 9401, "Incorrect": 0, "Partial": 1026, "Missed": 3184, "Spurious": 3471, "Possible": 13611, "Actual": 13898, "Precision": 0.7040874742386077, "Recall": 0.7212999007709335, "F1": 0.7106124214436557}, "Strict": {"Correct": 9378, "Incorrect": 1049, "Partial": 0, "Missed": 3184, "Spurious": 3471, "Possible": 13611, "Actual": 13898, "Precision": 0.6843243518306491, "Recall": 0.6921990687733761, "F1": 0.6874742386077398}, "Exact": {"Correct": 9401, "Incorrect": 1026, "Partial": 0, "Missed": 3184, "Spurious": 3471, "Possible": 13611, "Actual": 13898, "Precision": 0.6854693025977661, "Recall": 0.6939546599496221, "F1": 0.6888227361778999}}, "Predicates": {"Ent_type": {"Correct": 9360, "Incorrect": 58, "Partial": 0, "Missed": 3831, "Spurious": 3784, "Possible": 13249, "Actual": 13202, "Precision": 0.6836373813703789, "Recall": 0.7031524311121289, "F1": 0.6900185736457777}, "Partial": {"Correct": 8580, "Incorrect": 0, "Partial": 838, "Missed": 3831, "Spurious": 3784, "Possible": 13249, "Actual": 13202, "Precision": 0.6657157214462001, "Recall": 0.6784214945424013, "F1": 0.6699514032007735}, "Strict": {"Correct": 8530, "Incorrect": 888, "Partial": 0, "Missed": 3831, "Spurious": 3784, "Possible": 13249, "Actual": 13202, "Precision": 0.6435577436836882, "Recall": 0.6454469124494313, "F1": 0.6443121390224664}, "Exact": {"Correct": 8580, "Incorrect": 838, "Partial": 0, "Missed": 3831, "Spurious": 3784, "Possible": 13249, "Actual": 13202, "Precision": 0.6454659949622166, "Recall": 0.6492634150064881, "F1": 0.6468564740605043}}, "Objects": {"Ent_type": {"Correct": 8629, "Incorrect": 59, "Partial": 0, "Missed": 4475, "Spurious": 4004, "Possible": 13163, "Actual": 12692, "Precision": 0.645697529450678, "Recall": 0.6526982673078391, "F1": 0.6479658041370888}, "Partial": {"Correct": 8031, "Incorrect": 0, "Partial": 657, "Missed": 4475, "Spurious": 4004, "Possible": 13163, "Actual": 12692, "Precision": 0.6275360659491642, "Recall": 0.6336157545225556, "F1": 0.6295499071317711}, "Strict": {"Correct": 7975, "Incorrect": 713, "Partial": 0, "Missed": 4475, "Spurious": 4004, "Possible": 13163, "Actual": 12692, "Precision": 0.6045658092257589, "Recall": 0.6057552858560415, "F1": 0.6050021626847824}, "Exact": {"Correct": 8031, "Incorrect": 657, "Partial": 0, "Missed": 4475, "Spurious": 4004, "Possible": 13163, "Actual": 12692, "Precision": 0.6068938757855634, "Recall": 0.6100297687199451, "F1": 0.6079790346792866}}}, "Exact_match": {"Precision": 0.15004501157055, "Recall": 0.09251117418973309, "F1": 0.10568623908505823}}