{"Total_scores": {"Ent_type": {"Correct": 27343, "Incorrect": 90, "Partial": 0, "Missed": 10700, "Spurious": 10426, "Possible": 38133, "Actual": 37859, "Precision": 0.6946368155768833, "Recall": 0.7134968583856935, "F1": 0.7022694144371283}, "Partial": {"Correct": 25290, "Incorrect": 0, "Partial": 2143, "Missed": 10700, "Spurious": 10426, "Possible": 38133, "Actual": 37859, "Precision": 0.6763501461483579, "Recall": 0.6910007518393212, "F1": 0.68209602701507}, "Strict": {"Correct": 25202, "Incorrect": 2231, "Partial": 0, "Missed": 10700, "Spurious": 10426, "Possible": 38133, "Actual": 37859, "Precision": 0.6516540465066323, "Recall": 0.6630806616186027, "F1": 0.656243183986055}, "Exact": {"Correct": 25290, "Incorrect": 2143, "Partial": 0, "Missed": 10700, "Spurious": 10426, "Possible": 38133, "Actual": 37859, "Precision": 0.6548251973578219, "Recall": 0.6657658020514473, "F1": 0.659053375244772}}, "Scores_per_tag": {"Subjects": {"Ent_type": {"Correct": 10237, "Incorrect": 74, "Partial": 0, "Missed": 2804, "Spurious": 3090, "Possible": 13115, "Actual": 13401, "Precision": 0.7443343536866978, "Recall": 0.7672788786853553, "F1": 0.7532570753450405}, "Partial": {"Correct": 9440, "Incorrect": 0, "Partial": 871, "Missed": 2804, "Spurious": 3090, "Possible": 13115, "Actual": 13401, "Precision": 0.7357217657483487, "Recall": 0.7524971806025456, "F1": 0.7422694806938402}, "Strict": {"Correct": 9367, "Incorrect": 944, "Partial": 0, "Missed": 2804, "Spurious": 3090, "Possible": 13115, "Actual": 13401, "Precision": 0.716314913269964, "Recall": 0.725874013210891, "F1": 0.7201385532463348}, "Exact": {"Correct": 9440, "Incorrect": 871, "Partial": 0, "Missed": 2804, "Spurious": 3090, "Possible": 13115, "Actual": 13401, "Precision": 0.7216717684334891, "Recall": 0.7317544707588207, "F1": 0.7256699425379948}}, "Predicates": {"Ent_type": {"Correct": 8813, "Incorrect": 1, "Partial": 0, "Missed": 3691, "Spurious": 3522, "Possible": 12505, "Actual": 12336, "Precision": 0.6887908812630901, "Recall": 0.7025938456581279, "F1": 0.6929277236913777}, "Partial": {"Correct": 7929, "Incorrect": 0, "Partial": 885, "Missed": 3691, "Spurious": 3522, "Possible": 12505, "Actual": 12336, "Precision": 0.661320552064873, "Recall": 0.6688617689705172, "F1": 0.6636414723775768}, "Strict": {"Correct": 7929, "Incorrect": 885, "Partial": 0, "Missed": 3691, "Spurious": 3522, "Possible": 12505, "Actual": 12336, "Precision": 0.6338099457601633, "Recall": 0.635049138069921, "F1": 0.634301518255119}, "Exact": {"Correct": 7929, "Incorrect": 885, "Partial": 0, "Missed": 3691, "Spurious": 3522, "Possible": 12505, "Actual": 12336, "Precision": 0.6338099457601633, "Recall": 0.635049138069921, "F1": 0.634301518255119}}, "Objects": {"Ent_type": {"Correct": 8293, "Incorrect": 15, "Partial": 0, "Missed": 4205, "Spurious": 3814, "Possible": 12513, "Actual": 12122, "Precision": 0.6537377154825197, "Recall": 0.6590140164330595, "F1": 0.6555233338703614}, "Partial": {"Correct": 7921, "Incorrect": 0, "Partial": 387, "Missed": 4205, "Spurious": 3814, "Possible": 12513, "Actual": 12122, "Precision": 0.6429098866870737, "Recall": 0.6468906073787659, "F1": 0.644296761720638}, "Strict": {"Correct": 7906, "Incorrect": 402, "Partial": 0, "Missed": 4205, "Spurious": 3814, "Possible": 12513, "Actual": 12122, "Precision": 0.6307931904838623, "Recall": 0.6323505719349122, "F1": 0.6314054025025508}, "Exact": {"Correct": 7921, "Incorrect": 387, "Partial": 0, "Missed": 4205, "Spurious": 3814, "Possible": 12513, "Actual": 12122, "Precision": 0.6314376241877451, "Recall": 0.6335588851296923, "F1": 0.6322377960367327}}}, "Exact_match": {"Precision": 0.16555862808619534, "Recall": 0.11136269305801871, "F1": 0.12498641609229047}}