{"Total_scores": {"Ent_type": {"Correct": 26007, "Incorrect": 257, "Partial": 0, "Missed": 10818, "Spurious": 9894, "Possible": 37082, "Actual": 36158, "Precision": 0.6825876931934444, "Recall": 0.6981537456090189, "F1": 0.6887494572977785}, "Partial": {"Correct": 23925, "Incorrect": 0, "Partial": 2339, "Missed": 10818, "Spurious": 9894, "Possible": 37082, "Actual": 36158, "Precision": 0.6627748699076613, "Recall": 0.6770252974974811, "F1": 0.668051154112342}, "Strict": {"Correct": 23683, "Incorrect": 2581, "Partial": 0, "Missed": 10818, "Spurious": 9894, "Possible": 37082, "Actual": 36158, "Precision": 0.6290811000761168, "Recall": 0.6375704599297443, "F1": 0.6325217408012931}, "Exact": {"Correct": 23925, "Incorrect": 2339, "Partial": 0, "Missed": 10818, "Spurious": 9894, "Possible": 37082, "Actual": 36158, "Precision": 0.6358234686189919, "Recall": 0.6464477303052583, "F1": 0.6397091399011177}}, "Scores_per_tag": {"Subjects": {"Ent_type": {"Correct": 8965, "Incorrect": 87, "Partial": 0, "Missed": 3234, "Spurious": 2819, "Possible": 12286, "Actual": 11871, "Precision": 0.7081801595730196, "Recall": 0.7162813495629442, "F1": 0.7112381886011492}, "Partial": {"Correct": 8611, "Incorrect": 0, "Partial": 441, "Missed": 3234, "Spurious": 2819, "Possible": 12286, "Actual": 11871, "Precision": 0.7033126378563843, "Recall": 0.7093987419328486, "F1": 0.7056095634888218}, "Strict": {"Correct": 8525, "Incorrect": 527, "Partial": 0, "Missed": 3234, "Spurious": 2819, "Possible": 12286, "Actual": 11871, "Precision": 0.6857010592816492, "Recall": 0.688383302017809, "F1": 0.686773956376113}, "Exact": {"Correct": 8611, "Incorrect": 441, "Partial": 0, "Missed": 3234, "Spurious": 2819, "Possible": 12286, "Actual": 11871, "Precision": 0.6920322413746154, "Recall": 0.6954088718241974, "F1": 0.69333660104022}}, "Predicates": {"Ent_type": {"Correct": 9470, "Incorrect": 13, "Partial": 0, "Missed": 3048, "Spurious": 2979, "Possible": 12531, "Actual": 12462, "Precision": 0.7265936878795305, "Recall": 0.7499387304958746, "F1": 0.7344583581328945}, "Partial": {"Correct": 8017, "Incorrect": 0, "Partial": 1466, "Missed": 3048, "Spurious": 2979, "Possible": 12531, "Actual": 12462, "Precision": 0.6830773629605424, "Recall": 0.6970427252675435, "F1": 0.6879036493283696}, "Strict": {"Correct": 8015, "Incorrect": 1468, "Partial": 0, "Missed": 3048, "Spurious": 2979, "Possible": 12531, "Actual": 12462, "Precision": 0.6389483430002996, "Recall": 0.6429213299567029, "F1": 0.6405320138021715}, "Exact": {"Correct": 8017, "Incorrect": 1466, "Partial": 0, "Missed": 3048, "Spurious": 2979, "Possible": 12531, "Actual": 12462, "Precision": 0.6390300356724669, "Recall": 0.6430847153010375, "F1": 0.6406409373650612}}, "Objects": {"Ent_type": {"Correct": 7572, "Incorrect": 157, "Partial": 0, "Missed": 4536, "Spurious": 4096, "Possible": 12265, "Actual": 11825, "Precision": 0.609926437693777, "Recall": 0.6143288946981456, "F1": 0.6112383831075114}, "Partial": {"Correct": 7297, "Incorrect": 0, "Partial": 432, "Missed": 4536, "Spurious": 4096, "Possible": 12265, "Actual": 11825, "Precision": 0.6018139663348389, "Recall": 0.6105710317784495, "F1": 0.6046688334675427}, "Strict": {"Correct": 7143, "Incorrect": 586, "Partial": 0, "Missed": 4536, "Spurious": 4096, "Possible": 12265, "Actual": 11825, "Precision": 0.5805489747569643, "Recall": 0.581406747814721, "F1": 0.5808621300002723}, "Exact": {"Correct": 7297, "Incorrect": 432, "Partial": 0, "Missed": 4536, "Spurious": 4096, "Possible": 12265, "Actual": 11825, "Precision": 0.5870435421942651, "Recall": 0.5939874193284862, "F1": 0.5893853987963946}}}, "Exact_match": {"Precision": 0.061180751726302586, "Recall": 0.016514549644705525, "F1": 0.022883326712570717}}