{"Total_scores": {"Ent_type": {"Correct": 22382, "Incorrect": 64, "Partial": 0, "Missed": 10872, "Spurious": 9777, "Possible": 33318, "Actual": 32223, "Precision": 0.6544253864064239, "Recall": 0.6683213298082474, "F1": 0.6601137838670886}, "Partial": {"Correct": 20764, "Incorrect": 0, "Partial": 1682, "Missed": 10872, "Spurious": 9777, "Possible": 33318, "Actual": 32223, "Precision": 0.635029491481766, "Recall": 0.6469839243929862, "F1": 0.6399087182203237}, "Strict": {"Correct": 20714, "Incorrect": 1732, "Partial": 0, "Missed": 10872, "Spurious": 9777, "Possible": 33318, "Actual": 32223, "Precision": 0.6119730640607658, "Recall": 0.6210730239766615, "F1": 0.6157477711356825}, "Exact": {"Correct": 20764, "Incorrect": 1682, "Partial": 0, "Missed": 10872, "Spurious": 9777, "Possible": 33318, "Actual": 32223, "Precision": 0.6135760664614708, "Recall": 0.623063481933935, "F1": 0.61748035951245}}, "Scores_per_tag": {"Subjects": {"Ent_type": {"Correct": 7879, "Incorrect": 23, "Partial": 0, "Missed": 3132, "Spurious": 2791, "Possible": 11034, "Actual": 10693, "Precision": 0.699091378734008, "Recall": 0.7096362476068921, "F1": 0.7027987966086243}, "Partial": {"Correct": 7622, "Incorrect": 0, "Partial": 280, "Missed": 3132, "Spurious": 2791, "Possible": 11034, "Actual": 10693, "Precision": 0.6945938554107028, "Recall": 0.7011350168657124, "F1": 0.6969185887501139}, "Strict": {"Correct": 7600, "Incorrect": 302, "Partial": 0, "Missed": 3132, "Spurious": 2791, "Possible": 11034, "Actual": 10693, "Precision": 0.6870878536481599, "Recall": 0.6885313155255721, "F1": 0.6876652383991249}, "Exact": {"Correct": 7622, "Incorrect": 280, "Partial": 0, "Missed": 3132, "Spurious": 2791, "Possible": 11034, "Actual": 10693, "Precision": 0.6885465098611238, "Recall": 0.6905369678183974, "F1": 0.6893062266387091}}, "Predicates": {"Ent_type": {"Correct": 7841, "Incorrect": 9, "Partial": 0, "Missed": 3271, "Spurious": 2905, "Possible": 11121, "Actual": 10755, "Precision": 0.6895402194062054, "Recall": 0.7009754763424195, "F1": 0.6935671524512804}, "Partial": {"Correct": 6955, "Incorrect": 0, "Partial": 895, "Missed": 3271, "Spurious": 2905, "Possible": 11121, "Actual": 10755, "Precision": 0.657417874616343, "Recall": 0.6644634880116692, "F1": 0.6599488167953844}, "Strict": {"Correct": 6955, "Incorrect": 895, "Partial": 0, "Missed": 3271, "Spurious": 2905, "Possible": 11121, "Actual": 10755, "Precision": 0.6247941167532743, "Recall": 0.6271310055611268, "F1": 0.6257227077174201}, "Exact": {"Correct": 6955, "Incorrect": 895, "Partial": 0, "Missed": 3271, "Spurious": 2905, "Possible": 11121, "Actual": 10755, "Precision": 0.6247941167532743, "Recall": 0.6271310055611268, "F1": 0.6257227077174201}}, "Objects": {"Ent_type": {"Correct": 6662, "Incorrect": 32, "Partial": 0, "Missed": 4469, "Spurious": 4081, "Possible": 11163, "Actual": 10775, "Precision": 0.5796678084124524, "Recall": 0.5885677819308962, "F1": 0.5829230862734373}, "Partial": {"Correct": 6187, "Incorrect": 0, "Partial": 507, "Missed": 4469, "Spurious": 4081, "Possible": 11163, "Actual": 10775, "Precision": 0.5659263769323939, "Recall": 0.5730695596681558, "F1": 0.5685454462576351}, "Strict": {"Correct": 6159, "Incorrect": 535, "Partial": 0, "Missed": 4469, "Spurious": 4081, "Possible": 11163, "Actual": 10775, "Precision": 0.5488118029598565, "Recall": 0.552101376606801, "F1": 0.5500957243139758}, "Exact": {"Correct": 6187, "Incorrect": 507, "Partial": 0, "Missed": 4469, "Spurious": 4081, "Possible": 11163, "Actual": 10775, "Precision": 0.5503616251861306, "Recall": 0.5546540249794877, "F1": 0.5519798219223874}}}, "Exact_match": {"Precision": 0.07273848670342828, "Recall": 0.021065065311425615, "F1": 0.029419865524405394}}