{"Total_scores": {"Ent_type": {"Correct": 18358, "Incorrect": 137, "Partial": 0, "Missed": 6788, "Spurious": 6486, "Possible": 25283, "Actual": 24981, "Precision": 0.7013133372327737, "Recall": 0.7226316634553629, "F1": 0.7092260160359871}, "Partial": {"Correct": 16956, "Incorrect": 0, "Partial": 1539, "Missed": 6788, "Spurious": 6486, "Possible": 25283, "Actual": 24981, "Precision": 0.6810509421735939, "Recall": 0.7013025850995505, "F1": 0.6885883658463138}, "Strict": {"Correct": 16828, "Incorrect": 1667, "Partial": 0, "Missed": 6788, "Spurious": 6486, "Possible": 25283, "Actual": 24981, "Precision": 0.6519815464721535, "Recall": 0.6649305555555556, "F1": 0.6573971862808567}, "Exact": {"Correct": 16956, "Incorrect": 1539, "Partial": 0, "Missed": 6788, "Spurious": 6486, "Possible": 25283, "Actual": 24981, "Precision": 0.65616025552803, "Recall": 0.6722362716763005, "F1": 0.6624607242201173}}, "Scores_per_tag": {"Subjects": {"Ent_type": {"Correct": 6638, "Incorrect": 24, "Partial": 0, "Missed": 1788, "Spurious": 1644, "Possible": 8450, "Actual": 8306, "Precision": 0.7550979447655748, "Recall": 0.7695086705202312, "F1": 0.7605451188182402}, "Partial": {"Correct": 6244, "Incorrect": 0, "Partial": 418, "Missed": 1788, "Spurious": 1644, "Possible": 8450, "Actual": 8306, "Precision": 0.744400289017341, "Recall": 0.7546965317919075, "F1": 0.7483200867052023}, "Strict": {"Correct": 6223, "Incorrect": 439, "Partial": 0, "Missed": 1788, "Spurious": 1644, "Possible": 8450, "Actual": 8306, "Precision": 0.7294877970456005, "Recall": 0.7344653179190751, "F1": 0.7314788053949903}, "Exact": {"Correct": 6244, "Incorrect": 418, "Partial": 0, "Missed": 1788, "Spurious": 1644, "Possible": 8450, "Actual": 8306, "Precision": 0.7314145793192036, "Recall": 0.7369942196531792, "F1": 0.7336062941554271}}, "Predicates": {"Ent_type": {"Correct": 6020, "Incorrect": 5, "Partial": 0, "Missed": 2450, "Spurious": 2415, "Possible": 8475, "Actual": 8440, "Precision": 0.6819705362877329, "Recall": 0.704359344894027, "F1": 0.6893103725112396}, "Partial": {"Correct": 5392, "Incorrect": 0, "Partial": 633, "Missed": 2450, "Spurious": 2415, "Possible": 8475, "Actual": 8440, "Precision": 0.6588792549775209, "Recall": 0.6719954238921002, "F1": 0.6633008188824663}, "Strict": {"Correct": 5391, "Incorrect": 634, "Partial": 0, "Missed": 2450, "Spurious": 2415, "Possible": 8475, "Actual": 8440, "Precision": 0.6354267019910084, "Recall": 0.6389089595375722, "F1": 0.6368095696852922}, "Exact": {"Correct": 5392, "Incorrect": 633, "Partial": 0, "Missed": 2450, "Spurious": 2415, "Possible": 8475, "Actual": 8440, "Precision": 0.6354869139370585, "Recall": 0.6390293834296724, "F1": 0.6368898522800257}}, "Objects": {"Ent_type": {"Correct": 5700, "Incorrect": 108, "Partial": 0, "Missed": 2550, "Spurious": 2427, "Possible": 8358, "Actual": 8235, "Precision": 0.6652025128452151, "Recall": 0.678709055876686, "F1": 0.6694614567085665}, "Partial": {"Correct": 5320, "Incorrect": 0, "Partial": 488, "Missed": 2550, "Spurious": 2427, "Possible": 8358, "Actual": 8235, "Precision": 0.6507862676621708, "Recall": 0.6642581888246628, "F1": 0.6551827193626326}, "Strict": {"Correct": 5214, "Incorrect": 594, "Partial": 0, "Missed": 2550, "Spurious": 2427, "Possible": 8358, "Actual": 8235, "Precision": 0.6225212748876043, "Recall": 0.6240366088631984, "F1": 0.6230812459858702}, "Exact": {"Correct": 5320, "Incorrect": 488, "Partial": 0, "Missed": 2550, "Spurious": 2427, "Possible": 8358, "Actual": 8235, "Precision": 0.6293854367373154, "Recall": 0.6368015414258189, "F1": 0.631912331406551}}}, "Exact_match": {"Precision": 0.1547143341102938, "Recall": 0.09685840221427695, "F1": 0.11001836555695126}}