{"Total_scores": {"Ent_type": {"Correct": 19575, "Incorrect": 241, "Partial": 0, "Missed": 7595, "Spurious": 8001, "Possible": 27411, "Actual": 27817, "Precision": 0.6852841790383337, "Recall": 0.7086934042396041, "F1": 0.6945077376276135}, "Partial": {"Correct": 18249, "Incorrect": 0, "Partial": 1567, "Missed": 7595, "Spurious": 8001, "Possible": 27411, "Actual": 27817, "Precision": 0.671525095930979, "Recall": 0.6948288278307113, "F1": 0.6805127499233415}, "Strict": {"Correct": 18013, "Incorrect": 1803, "Partial": 0, "Missed": 7595, "Spurious": 8001, "Possible": 27411, "Actual": 27817, "Precision": 0.6422294148474073, "Recall": 0.6552053327424477, "F1": 0.6476268333680255}, "Exact": {"Correct": 18249, "Incorrect": 1567, "Partial": 0, "Missed": 7595, "Spurious": 8001, "Possible": 27411, "Actual": 27817, "Precision": 0.6498776902000921, "Recall": 0.667946303272029, "F1": 0.6569448880882517}}, "Scores_per_tag": {"Subjects": {"Ent_type": {"Correct": 7485, "Incorrect": 62, "Partial": 0, "Missed": 1628, "Spurious": 1797, "Possible": 9175, "Actual": 9344, "Precision": 0.7734877021936627, "Recall": 0.7937070684688677, "F1": 0.7810178004283921}, "Partial": {"Correct": 7034, "Incorrect": 0, "Partial": 513, "Missed": 1628, "Spurious": 1797, "Possible": 9175, "Actual": 9344, "Precision": 0.7652337691114558, "Recall": 0.781049191225349, "F1": 0.7710983085899993}, "Strict": {"Correct": 6973, "Incorrect": 574, "Partial": 0, "Missed": 1628, "Spurious": 1797, "Possible": 9175, "Actual": 9344, "Precision": 0.7488366939951252, "Recall": 0.7547640150675825, "F1": 0.7512076224241081}, "Exact": {"Correct": 7034, "Incorrect": 513, "Partial": 0, "Missed": 1628, "Spurious": 1797, "Possible": 9175, "Actual": 9344, "Precision": 0.7528805672501662, "Recall": 0.7615222690006648, "F1": 0.7561562892384962}}, "Predicates": {"Ent_type": {"Correct": 6383, "Incorrect": 6, "Partial": 0, "Missed": 2823, "Spurious": 2996, "Possible": 9212, "Actual": 9385, "Precision": 0.6639892163379866, "Recall": 0.6865721249723022, "F1": 0.6712718812319964}, "Partial": {"Correct": 5742, "Incorrect": 0, "Partial": 647, "Missed": 2823, "Spurious": 2996, "Possible": 9212, "Actual": 9385, "Precision": 0.6433589999261393, "Recall": 0.6565477509417239, "F1": 0.6477454021715046}, "Strict": {"Correct": 5740, "Incorrect": 649, "Partial": 0, "Missed": 2823, "Spurious": 2996, "Possible": 9212, "Actual": 9385, "Precision": 0.6221748282738755, "Recall": 0.6256370485264791, "F1": 0.6235541768225128}, "Exact": {"Correct": 5742, "Incorrect": 647, "Partial": 0, "Missed": 2823, "Spurious": 2996, "Possible": 9212, "Actual": 9385, "Precision": 0.6222856193219588, "Recall": 0.6258586306226457, "F1": 0.6237018982199571}}, "Objects": {"Ent_type": {"Correct": 5707, "Incorrect": 173, "Partial": 0, "Missed": 3144, "Spurious": 3208, "Possible": 9024, "Actual": 9088, "Precision": 0.616684340476718, "Recall": 0.6268557500553955, "F1": 0.6197363700632037}, "Partial": {"Correct": 5473, "Incorrect": 0, "Partial": 407, "Missed": 3144, "Spurious": 3208, "Possible": 9024, "Actual": 9088, "Precision": 0.6098692401844407, "Recall": 0.624833813427875, "F1": 0.6147023677629705}, "Strict": {"Correct": 5300, "Incorrect": 580, "Partial": 0, "Missed": 3144, "Spurious": 3208, "Possible": 9024, "Actual": 9088, "Precision": 0.5833333333333334, "Recall": 0.5844781741635275, "F1": 0.5837432602112416}, "Exact": {"Correct": 5473, "Incorrect": 407, "Partial": 0, "Missed": 3144, "Spurious": 3208, "Possible": 9024, "Actual": 9088, "Precision": 0.5931937366127483, "Recall": 0.6036450254819411, "F1": 0.5967058128369894}}}, "Exact_match": {"Precision": 0.18811266780233427, "Recall": 0.1302949351298195, "F1": 0.14180966223599323}}