{"Total_scores": {"Ent_type": {"Correct": 22547, "Incorrect": 948, "Partial": 0, "Missed": 14041, "Spurious": 12542, "Possible": 37536, "Actual": 36037, "Precision": 0.580764028555145, "Recall": 0.5921608643457383, "F1": 0.5839373903591789}, "Partial": {"Correct": 19362, "Incorrect": 0, "Partial": 4133, "Missed": 14041, "Spurious": 12542, "Possible": 37536, "Actual": 36037, "Precision": 0.558687105211715, "Recall": 0.5687254901960784, "F1": 0.5611411378893046}, "Strict": {"Correct": 18795, "Incorrect": 4700, "Partial": 0, "Missed": 14041, "Spurious": 12542, "Possible": 37536, "Actual": 36037, "Precision": 0.48750554767361487, "Recall": 0.49444311057756435, "F1": 0.49012980940123313}, "Exact": {"Correct": 19362, "Incorrect": 4133, "Partial": 0, "Missed": 14041, "Spurious": 12542, "Possible": 37536, "Actual": 36037, "Precision": 0.5049098427249687, "Recall": 0.5125436841403228, "F1": 0.5073050604540352}}, "Scores_per_tag": {"Subjects": {"Ent_type": {"Correct": 7705, "Incorrect": 94, "Partial": 0, "Missed": 4278, "Spurious": 4013, "Possible": 12077, "Actual": 11812, "Precision": 0.6004668534080299, "Recall": 0.6082432973189276, "F1": 0.6031879418434041}, "Partial": {"Correct": 7462, "Incorrect": 0, "Partial": 337, "Missed": 4278, "Spurious": 4013, "Possible": 12077, "Actual": 11812, "Precision": 0.5984327064158997, "Recall": 0.6043817527010804, "F1": 0.6005268774176337}, "Strict": {"Correct": 7369, "Incorrect": 430, "Partial": 0, "Missed": 4278, "Spurious": 4013, "Possible": 12077, "Actual": 11812, "Precision": 0.5841536614645858, "Recall": 0.5855542216886754, "F1": 0.5847138855542217}, "Exact": {"Correct": 7462, "Incorrect": 337, "Partial": 0, "Missed": 4278, "Spurious": 4013, "Possible": 12077, "Actual": 11812, "Precision": 0.5902360944377751, "Recall": 0.5929971988795518, "F1": 0.5912498332666399}}, "Predicates": {"Ent_type": {"Correct": 8298, "Incorrect": 322, "Partial": 0, "Missed": 4297, "Spurious": 4111, "Possible": 12917, "Actual": 12731, "Precision": 0.601327197545685, "Recall": 0.6304921968787515, "F1": 0.6112978524743231}, "Partial": {"Correct": 6917, "Incorrect": 0, "Partial": 1703, "Missed": 4297, "Spurious": 4111, "Possible": 12917, "Actual": 12731, "Precision": 0.573359343737495, "Recall": 0.5963985594237695, "F1": 0.5813512071495265}, "Strict": {"Correct": 6887, "Incorrect": 1733, "Partial": 0, "Missed": 4297, "Spurious": 4111, "Possible": 12917, "Actual": 12731, "Precision": 0.5287448312658397, "Recall": 0.5343737494997999, "F1": 0.5309910630919035}, "Exact": {"Correct": 6917, "Incorrect": 1703, "Partial": 0, "Missed": 4297, "Spurious": 4111, "Possible": 12917, "Actual": 12731, "Precision": 0.5299186341203148, "Recall": 0.5366946778711484, "F1": 0.5325490196078432}}, "Objects": {"Ent_type": {"Correct": 6544, "Incorrect": 532, "Partial": 0, "Missed": 5466, "Spurious": 4418, "Possible": 12542, "Actual": 11494, "Precision": 0.5107161497077464, "Recall": 0.518047218887555, "F1": 0.5131204130003649}, "Partial": {"Correct": 4983, "Incorrect": 0, "Partial": 2093, "Missed": 5466, "Spurious": 4418, "Possible": 12542, "Actual": 11494, "Precision": 0.4640966472058909, "Recall": 0.47829131652661067, "F1": 0.46883216290179075}, "Strict": {"Correct": 4539, "Incorrect": 2537, "Partial": 0, "Missed": 5466, "Spurious": 4418, "Possible": 12542, "Actual": 11494, "Precision": 0.3594139194139194, "Recall": 0.36042416966786717, "F1": 0.35979801444387277}, "Exact": {"Correct": 4983, "Incorrect": 2093, "Partial": 0, "Missed": 5466, "Spurious": 4418, "Possible": 12542, "Actual": 11494, "Precision": 0.3866248037676609, "Recall": 0.3959583833533413, "F1": 0.38978334190819186}}}, "Exact_match": {"Precision": 0.10073909818581672, "Recall": 0.05491851609071515, "F1": 0.06423491521920506}}