{"Total_scores": {"Ent_type": {"Correct": 24965, "Incorrect": 129, "Partial": 0, "Missed": 8881, "Spurious": 9392, "Possible": 33975, "Actual": 34486, "Precision": 0.7098132695113523, "Recall": 0.7326733560293854, "F1": 0.7187709834412934}, "Partial": {"Correct": 22641, "Incorrect": 0, "Partial": 2453, "Missed": 8881, "Spurious": 9392, "Possible": 33975, "Actual": 34486, "Precision": 0.6830323902242017, "Recall": 0.7034066475542018, "F1": 0.6909705981668891}, "Strict": {"Correct": 22526, "Incorrect": 2568, "Partial": 0, "Missed": 8881, "Spurious": 9392, "Possible": 33975, "Actual": 34486, "Precision": 0.6504371407524964, "Recall": 0.6636430149913396, "F1": 0.6559738152508265}, "Exact": {"Correct": 22641, "Incorrect": 2453, "Partial": 0, "Missed": 8881, "Spurious": 9392, "Possible": 33975, "Actual": 34486, "Precision": 0.6531188584852803, "Recall": 0.6686600370304008, "F1": 0.6593443069701804}}, "Scores_per_tag": {"Subjects": {"Ent_type": {"Correct": 8774, "Incorrect": 20, "Partial": 0, "Missed": 2637, "Spurious": 2964, "Possible": 11431, "Actual": 11758, "Precision": 0.729125604730335, "Recall": 0.7532700232933166, "F1": 0.7379024069760497}, "Partial": {"Correct": 7991, "Incorrect": 0, "Partial": 803, "Missed": 2637, "Spurious": 2964, "Possible": 11431, "Actual": 11758, "Precision": 0.7119019888908797, "Recall": 0.7272890163053216, "F1": 0.7175774950725676}, "Strict": {"Correct": 7971, "Incorrect": 823, "Partial": 0, "Missed": 2637, "Spurious": 2964, "Possible": 11431, "Actual": 11758, "Precision": 0.6922594517111629, "Recall": 0.6977244221465687, "F1": 0.6944454398853253}, "Exact": {"Correct": 7991, "Incorrect": 803, "Partial": 0, "Missed": 2637, "Spurious": 2964, "Possible": 11431, "Actual": 11758, "Precision": 0.6934689123812937, "Recall": 0.6995162157319477, "F1": 0.6958490115272054}}, "Predicates": {"Ent_type": {"Correct": 8267, "Incorrect": 15, "Partial": 0, "Missed": 3015, "Spurious": 3161, "Possible": 11297, "Actual": 11443, "Precision": 0.7095353281968584, "Recall": 0.7286328614943558, "F1": 0.7156393716777161}, "Partial": {"Correct": 7321, "Incorrect": 0, "Partial": 961, "Missed": 3015, "Spurious": 3161, "Possible": 11297, "Actual": 11443, "Precision": 0.6790300424057816, "Recall": 0.6898629277907186, "F1": 0.6825763005435107}, "Strict": {"Correct": 7320, "Incorrect": 962, "Partial": 0, "Missed": 3015, "Spurious": 3161, "Possible": 11297, "Actual": 11443, "Precision": 0.6477632443409186, "Recall": 0.6497939437376814, "F1": 0.6485695514543391}, "Exact": {"Correct": 7321, "Incorrect": 961, "Partial": 0, "Missed": 3015, "Spurious": 3161, "Possible": 11297, "Actual": 11443, "Precision": 0.6477931075673415, "Recall": 0.6498387385773159, "F1": 0.6486053873260467}}, "Objects": {"Ent_type": {"Correct": 7924, "Incorrect": 94, "Partial": 0, "Missed": 3229, "Spurious": 3267, "Possible": 11247, "Actual": 11285, "Precision": 0.6895860530200254, "Recall": 0.7011288299587888, "F1": 0.6932285134085887}, "Partial": {"Correct": 7329, "Incorrect": 0, "Partial": 689, "Missed": 3229, "Spurious": 3267, "Possible": 11247, "Actual": 11285, "Precision": 0.6700894190322608, "Recall": 0.6808815624440064, "F1": 0.6736165860359553}, "Strict": {"Correct": 7235, "Incorrect": 783, "Partial": 0, "Missed": 3229, "Spurious": 3267, "Possible": 11247, "Actual": 11285, "Precision": 0.6420817655139461, "Recall": 0.6437914352266619, "F1": 0.6427163590754346}, "Exact": {"Correct": 7329, "Incorrect": 689, "Partial": 0, "Missed": 3229, "Spurious": 3267, "Possible": 11247, "Actual": 11285, "Precision": 0.6463372752792211, "Recall": 0.6522128650779431, "F1": 0.6483605088693782}}}, "Exact_match": {"Precision": 0.2008706313558467, "Recall": 0.14480083872804456, "F1": 0.15689625742598787}}