{"Total_scores": {"Ent_type": {"Correct": 249900, "Incorrect": 2785, "Partial": 0, "Missed": 89180, "Spurious": 93105, "Possible": 341865, "Actual": 345790, "Precision": 0.7132430532479805, "Recall": 0.7270028764715283, "F1": 0.7186014938065756}, "Partial": {"Correct": 235596, "Incorrect": 0, "Partial": 17089, "Missed": 89180, "Spurious": 93105, "Possible": 341865, "Actual": 345790, "Precision": 0.7018766450719921, "Recall": 0.7145849239747392, "F1": 0.7065390656592117}, "Strict": {"Correct": 233020, "Incorrect": 19665, "Partial": 0, "Missed": 89180, "Spurious": 93105, "Possible": 341865, "Actual": 345790, "Precision": 0.6730512088592843, "Recall": 0.6811453505921625, "F1": 0.6761103414382059}, "Exact": {"Correct": 235596, "Incorrect": 17089, "Partial": 0, "Missed": 89180, "Spurious": 93105, "Possible": 341865, "Actual": 345790, "Precision": 0.6815564794310865, "Recall": 0.6912396349366998, "F1": 0.6850143398350931}}, "Scores_per_tag": {"Subjects": {"Ent_type": {"Correct": 96807, "Incorrect": 800, "Partial": 0, "Missed": 17513, "Spurious": 22077, "Possible": 115120, "Actual": 119684, "Precision": 0.8108409240220884, "Recall": 0.8248015767325414, "F1": 0.8162644933326231}, "Partial": {"Correct": 92233, "Incorrect": 0, "Partial": 5374, "Missed": 17513, "Spurious": 22077, "Possible": 115120, "Actual": 119684, "Precision": 0.8055918073829436, "Recall": 0.816711500559314, "F1": 0.8098758855803547}, "Strict": {"Correct": 91435, "Incorrect": 6172, "Partial": 0, "Missed": 17513, "Spurious": 22077, "Possible": 115120, "Actual": 119684, "Precision": 0.7886592446598839, "Recall": 0.7944343827127612, "F1": 0.7909692998810348}, "Exact": {"Correct": 92233, "Incorrect": 5374, "Partial": 0, "Missed": 17513, "Spurious": 22077, "Possible": 115120, "Actual": 119684, "Precision": 0.7944920897032973, "Recall": 0.8015190255508798, "F1": 0.7972194108560167}}, "Predicates": {"Ent_type": {"Correct": 78523, "Incorrect": 137, "Partial": 0, "Missed": 35359, "Spurious": 35641, "Possible": 114019, "Actual": 114301, "Precision": 0.6707469947974929, "Recall": 0.6848754416804276, "F1": 0.6755266978326692}, "Partial": {"Correct": 71775, "Incorrect": 0, "Partial": 6885, "Missed": 35359, "Spurious": 35641, "Possible": 114019, "Actual": 114301, "Precision": 0.6501102351485881, "Recall": 0.6585854684919832, "F1": 0.6530309381338786}, "Strict": {"Correct": 71748, "Incorrect": 6912, "Partial": 0, "Missed": 35359, "Spurious": 35641, "Possible": 114019, "Actual": 114301, "Precision": 0.6287188456234426, "Recall": 0.6308528205401375, "F1": 0.6295509043298422}, "Exact": {"Correct": 71775, "Incorrect": 6885, "Partial": 0, "Missed": 35359, "Spurious": 35641, "Possible": 114019, "Actual": 114301, "Precision": 0.6288372189373628, "Recall": 0.6310880875015537, "F1": 0.6297083408373559}}, "Objects": {"Ent_type": {"Correct": 74570, "Incorrect": 1848, "Partial": 0, "Missed": 36308, "Spurious": 35387, "Possible": 112726, "Actual": 111805, "Precision": 0.6539687718515024, "Recall": 0.6582059340542268, "F1": 0.6552855023411142}, "Partial": {"Correct": 71588, "Incorrect": 0, "Partial": 4830, "Missed": 36308, "Spurious": 35387, "Possible": 112726, "Actual": 111805, "Precision": 0.6453919541235766, "Recall": 0.654128713222891, "F1": 0.6482715946040934}, "Strict": {"Correct": 69837, "Incorrect": 6581, "Partial": 0, "Missed": 36308, "Spurious": 35387, "Possible": 112726, "Actual": 111805, "Precision": 0.617372319584273, "Recall": 0.6180995756316696, "F1": 0.6176451700728588}, "Exact": {"Correct": 71588, "Incorrect": 4830, "Partial": 0, "Missed": 36308, "Spurious": 35387, "Possible": 112726, "Actual": 111805, "Precision": 0.6266764620583936, "Recall": 0.6336449510822281, "F1": 0.6290297235391253}}}, "Exact_match": {"Precision": 0.10814404923234336, "Recall": 0.08096255042508284, "F1": 0.0861345864398056}}