{"Total_scores": {"Ent_type": {"Correct": 28178, "Incorrect": 41, "Partial": 0, "Missed": 9138, "Spurious": 9881, "Possible": 37357, "Actual": 38100, "Precision": 0.7293515841147571, "Recall": 0.7524188041192057, "F1": 0.7386492026006899}, "Partial": {"Correct": 26105, "Incorrect": 0, "Partial": 2114, "Missed": 9138, "Spurious": 9881, "Possible": 37357, "Actual": 38100, "Precision": 0.7085635492963609, "Recall": 0.7278483433035592, "F1": 0.7162840194123485}, "Strict": {"Correct": 26066, "Incorrect": 2153, "Partial": 0, "Missed": 9138, "Spurious": 9881, "Possible": 37357, "Actual": 38100, "Precision": 0.6854140733022975, "Recall": 0.7003277882487913, "F1": 0.6913737946066062}, "Exact": {"Correct": 26105, "Incorrect": 2114, "Partial": 0, "Missed": 9138, "Spurious": 9881, "Possible": 37357, "Actual": 38100, "Precision": 0.6865708926636567, "Recall": 0.7017755196809528, "F1": 0.6926209508484359}}, "Scores_per_tag": {"Subjects": {"Ent_type": {"Correct": 10079, "Incorrect": 26, "Partial": 0, "Missed": 2460, "Spurious": 2673, "Possible": 12565, "Actual": 12778, "Precision": 0.781092081182223, "Recall": 0.795378185692043, "F1": 0.7865333661121582}, "Partial": {"Correct": 9614, "Incorrect": 0, "Partial": 491, "Missed": 2460, "Spurious": 2673, "Possible": 12565, "Actual": 12778, "Precision": 0.7746046054248955, "Recall": 0.7850323690895682, "F1": 0.7785899642164495}, "Strict": {"Correct": 9588, "Incorrect": 517, "Partial": 0, "Missed": 2460, "Spurious": 2673, "Possible": 12565, "Actual": 12778, "Precision": 0.7653309295528422, "Recall": 0.7704253052528067, "F1": 0.767368679832828}, "Exact": {"Correct": 9614, "Incorrect": 491, "Partial": 0, "Missed": 2460, "Spurious": 2673, "Possible": 12565, "Actual": 12778, "Precision": 0.7667240296102051, "Recall": 0.7725559288699501, "F1": 0.7690076210767844}}, "Predicates": {"Ent_type": {"Correct": 9265, "Incorrect": 1, "Partial": 0, "Missed": 3075, "Spurious": 3236, "Possible": 12341, "Actual": 12502, "Precision": 0.7323267502526701, "Recall": 0.747930836679505, "F1": 0.7373760550684259}, "Partial": {"Correct": 8468, "Incorrect": 0, "Partial": 798, "Missed": 3075, "Spurious": 3236, "Possible": 12341, "Actual": 12502, "Precision": 0.7093781583763555, "Recall": 0.7181430795705974, "F1": 0.7122865961921931}, "Strict": {"Correct": 8468, "Incorrect": 798, "Partial": 0, "Missed": 3075, "Spurious": 3236, "Possible": 12341, "Actual": 12502, "Precision": 0.6863885929689421, "Recall": 0.688273375399492, "F1": 0.687142505941162}, "Exact": {"Correct": 8468, "Incorrect": 798, "Partial": 0, "Missed": 3075, "Spurious": 3236, "Possible": 12341, "Actual": 12502, "Precision": 0.6863885929689421, "Recall": 0.688273375399492, "F1": 0.687142505941162}}, "Objects": {"Ent_type": {"Correct": 8834, "Incorrect": 14, "Partial": 0, "Missed": 3603, "Spurious": 3972, "Possible": 12451, "Actual": 12820, "Precision": 0.6852748933712631, "Recall": 0.7022043759731214, "F1": 0.6906363774715819}, "Partial": {"Correct": 8023, "Incorrect": 0, "Partial": 825, "Missed": 3603, "Spurious": 3972, "Possible": 12451, "Actual": 12820, "Precision": 0.6635865302443194, "Recall": 0.6749774645578956, "F1": 0.667274538267327}, "Strict": {"Correct": 8010, "Incorrect": 838, "Partial": 0, "Missed": 3603, "Spurious": 3972, "Possible": 12451, "Actual": 12820, "Precision": 0.6405870141222104, "Recall": 0.6455379824633287, "F1": 0.6423010735065148}, "Exact": {"Correct": 8023, "Incorrect": 825, "Partial": 0, "Missed": 3603, "Spurious": 3972, "Possible": 12451, "Actual": 12820, "Precision": 0.641201617088694, "Recall": 0.6466032942719003, "F1": 0.6430659127536944}}}, "Exact_match": {"Precision": 0.2098359222391508, "Recall": 0.16106929149816537, "F1": 0.1717190149692785}}