{"Total_scores": {"Ent_type": {"Correct": 25356, "Incorrect": 105, "Partial": 0, "Missed": 8559, "Spurious": 9526, "Possible": 34020, "Actual": 34987, "Precision": 0.7155483828059968, "Recall": 0.7433831921667567, "F1": 0.7264267544993802}, "Partial": {"Correct": 23025, "Incorrect": 0, "Partial": 2436, "Missed": 8559, "Spurious": 9526, "Possible": 34020, "Actual": 34987, "Precision": 0.6915489384616704, "Recall": 0.7143224004325104, "F1": 0.7003306906645346}, "Strict": {"Correct": 22927, "Incorrect": 2534, "Partial": 0, "Missed": 8559, "Spurious": 9526, "Possible": 34020, "Actual": 34987, "Precision": 0.6621761535755047, "Recall": 0.6768216495464648, "F1": 0.6680181485281503}, "Exact": {"Correct": 23025, "Incorrect": 2436, "Partial": 0, "Missed": 8559, "Spurious": 9526, "Possible": 34020, "Actual": 34987, "Precision": 0.6647051377768624, "Recall": 0.6809365050759897, "F1": 0.67100023882327}}, "Scores_per_tag": {"Subjects": {"Ent_type": {"Correct": 9398, "Incorrect": 31, "Partial": 0, "Missed": 2111, "Spurious": 2398, "Possible": 11540, "Actual": 11827, "Precision": 0.7790442722412446, "Recall": 0.8006848080735267, "F1": 0.7872829939328407}, "Partial": {"Correct": 8737, "Incorrect": 0, "Partial": 692, "Missed": 2111, "Spurious": 2398, "Possible": 11540, "Actual": 11827, "Precision": 0.7687195891151559, "Recall": 0.7838349252117499, "F1": 0.7745269417913138}, "Strict": {"Correct": 8713, "Incorrect": 716, "Partial": 0, "Missed": 2111, "Spurious": 2398, "Possible": 11540, "Actual": 11827, "Precision": 0.754340121343185, "Recall": 0.7620291944494504, "F1": 0.7574157505856911}, "Exact": {"Correct": 8737, "Incorrect": 692, "Partial": 0, "Missed": 2111, "Spurious": 2398, "Possible": 11540, "Actual": 11827, "Precision": 0.7560521415270018, "Recall": 0.7641917462605875, "F1": 0.7592779479786148}}, "Predicates": {"Ent_type": {"Correct": 8152, "Incorrect": 0, "Partial": 0, "Missed": 3125, "Spurious": 3731, "Possible": 11277, "Actual": 11883, "Precision": 0.6838349252117498, "Recall": 0.7184177329248513, "F1": 0.6941744115198791}, "Partial": {"Correct": 7073, "Incorrect": 0, "Partial": 1079, "Missed": 3125, "Spurious": 3731, "Possible": 11277, "Actual": 11883, "Precision": 0.6551728539676819, "Recall": 0.6738376284015137, "F1": 0.6608850586549271}, "Strict": {"Correct": 7073, "Incorrect": 1079, "Partial": 0, "Missed": 3125, "Spurious": 3731, "Possible": 11277, "Actual": 11883, "Precision": 0.6265107827236138, "Recall": 0.6292575238781762, "F1": 0.627595705789975}, "Exact": {"Correct": 7073, "Incorrect": 1079, "Partial": 0, "Missed": 3125, "Spurious": 3731, "Possible": 11277, "Actual": 11883, "Precision": 0.6265107827236138, "Recall": 0.6292575238781762, "F1": 0.627595705789975}}, "Objects": {"Ent_type": {"Correct": 7806, "Incorrect": 74, "Partial": 0, "Missed": 3323, "Spurious": 3397, "Possible": 11203, "Actual": 11277, "Precision": 0.6811565146873311, "Recall": 0.6930978554694539, "F1": 0.6847706007374416}, "Partial": {"Correct": 7215, "Incorrect": 0, "Partial": 665, "Missed": 3323, "Spurious": 3397, "Possible": 11203, "Actual": 11277, "Precision": 0.6620325734366552, "Recall": 0.672373400612723, "F1": 0.6653053460225924}, "Strict": {"Correct": 7141, "Incorrect": 739, "Partial": 0, "Missed": 3323, "Spurious": 3397, "Possible": 11203, "Actual": 11277, "Precision": 0.6358803387997838, "Recall": 0.6383132095873131, "F1": 0.636709316994053}, "Exact": {"Correct": 7215, "Incorrect": 665, "Partial": 0, "Missed": 3323, "Spurious": 3397, "Possible": 11203, "Actual": 11277, "Precision": 0.6393944854928816, "Recall": 0.6449810776716526, "F1": 0.641274704150898}}}, "Exact_match": {"Precision": 0.199928856386782, "Recall": 0.1405477968532194, "F1": 0.15393744564959913}}