{"Total_scores": {"Ent_type": {"Correct": 32320, "Incorrect": 1875, "Partial": 0, "Missed": 29065, "Spurious": 23393, "Possible": 63260, "Actual": 57588, "Precision": 0.5022616011007738, "Recall": 0.49898378750214967, "F1": 0.4967767485707545}, "Partial": {"Correct": 30235, "Incorrect": 0, "Partial": 3960, "Missed": 29065, "Spurious": 23393, "Possible": 63260, "Actual": 57588, "Precision": 0.5045372514909591, "Recall": 0.5055954223535482, "F1": 0.5013144103055458}, "Strict": {"Correct": 29524, "Incorrect": 4671, "Partial": 0, "Missed": 29065, "Spurious": 23393, "Possible": 63260, "Actual": 57588, "Precision": 0.4543471131060831, "Recall": 0.45731594828260086, "F1": 0.4548903204524423}, "Exact": {"Correct": 30235, "Incorrect": 3960, "Partial": 0, "Missed": 29065, "Spurious": 23393, "Possible": 63260, "Actual": 57588, "Precision": 0.46695440169479846, "Recall": 0.47194159123243123, "F1": 0.46790610413095285}}, "Scores_per_tag": {"Subjects": {"Ent_type": {"Correct": 12057, "Incorrect": 178, "Partial": 0, "Missed": 7877, "Spurious": 8290, "Possible": 20112, "Actual": 20525, "Precision": 0.5500367399903069, "Recall": 0.5604802776605224, "F1": 0.5535669058674546}, "Partial": {"Correct": 11261, "Incorrect": 0, "Partial": 974, "Missed": 7877, "Spurious": 8290, "Possible": 20112, "Actual": 20525, "Precision": 0.5401951127995872, "Recall": 0.5472421556212185, "F1": 0.5425965011021997}, "Strict": {"Correct": 11121, "Incorrect": 1114, "Partial": 0, "Missed": 7877, "Spurious": 8290, "Possible": 20112, "Actual": 20525, "Precision": 0.5182527398652346, "Recall": 0.5190891609211575, "F1": 0.5185873082876038}, "Exact": {"Correct": 11261, "Incorrect": 974, "Partial": 0, "Missed": 7877, "Spurious": 8290, "Possible": 20112, "Actual": 20525, "Precision": 0.5234119725466285, "Recall": 0.5256554570611135, "F1": 0.5242155621218517}}, "Predicates": {"Ent_type": {"Correct": 11532, "Incorrect": 909, "Partial": 0, "Missed": 9395, "Spurious": 6940, "Possible": 21836, "Actual": 19381, "Precision": 0.49962087456810966, "Recall": 0.5168613104451011, "F1": 0.505495364507606}, "Partial": {"Correct": 10104, "Incorrect": 0, "Partial": 2337, "Missed": 9395, "Spurious": 6940, "Possible": 21836, "Actual": 19381, "Precision": 0.4929881337648328, "Recall": 0.5105881525256789, "F1": 0.49905414067507775}, "Strict": {"Correct": 10068, "Incorrect": 2373, "Partial": 0, "Missed": 9395, "Spurious": 6940, "Possible": 21836, "Actual": 19381, "Precision": 0.4561973328330441, "Recall": 0.4602035551803386, "F1": 0.4577990400700405}, "Exact": {"Correct": 10104, "Incorrect": 2337, "Partial": 0, "Missed": 9395, "Spurious": 6940, "Possible": 21836, "Actual": 19381, "Precision": 0.457065021965824, "Recall": 0.46182167815768493, "F1": 0.4589184372215187}}, "Objects": {"Ent_type": {"Correct": 8731, "Incorrect": 788, "Partial": 0, "Missed": 11793, "Spurious": 8163, "Possible": 21312, "Actual": 17682, "Precision": 0.40714781130568384, "Recall": 0.4087988368275409, "F1": 0.4076597854563241}, "Partial": {"Correct": 8870, "Incorrect": 0, "Partial": 649, "Missed": 11793, "Spurious": 8163, "Possible": 21312, "Actual": 17682, "Precision": 0.4181534281893083, "Recall": 0.43067867360817974, "F1": 0.42231222961488896}, "Strict": {"Correct": 8335, "Incorrect": 1184, "Partial": 0, "Missed": 11793, "Spurious": 8163, "Possible": 21312, "Actual": 17682, "Precision": 0.3904413489048356, "Recall": 0.3905773650391633, "F1": 0.3904909311409945}, "Exact": {"Correct": 8870, "Incorrect": 649, "Partial": 0, "Missed": 11793, "Spurious": 8163, "Possible": 21312, "Actual": 17682, "Precision": 0.40635680002501445, "Recall": 0.4156465456592092, "F1": 0.40945814656241}}}, "Exact_match": {"Precision": 0.08587616478433012, "Recall": 0.06158276232550458, "F1": 0.06657860350022839}}