{"Total_scores": {"Ent_type": {"Correct": 25145, "Incorrect": 430, "Partial": 0, "Missed": 9081, "Spurious": 8871, "Possible": 34656, "Actual": 34446, "Precision": 0.6967069962197695, "Recall": 0.7205922804553302, "F1": 0.7060074895207895}, "Partial": {"Correct": 22510, "Incorrect": 0, "Partial": 3065, "Missed": 9081, "Spurious": 8871, "Possible": 34656, "Actual": 34446, "Precision": 0.6720159617545711, "Recall": 0.6920134316565709, "F1": 0.679524086951003}, "Strict": {"Correct": 22112, "Incorrect": 3463, "Partial": 0, "Missed": 9081, "Spurious": 8871, "Possible": 34656, "Actual": 34446, "Precision": 0.6205464764656231, "Recall": 0.6353056506598777, "F1": 0.6267730796305987}, "Exact": {"Correct": 22510, "Incorrect": 3065, "Partial": 0, "Missed": 9081, "Spurious": 8871, "Possible": 34656, "Actual": 34446, "Precision": 0.6332480244713586, "Recall": 0.6489055687238463, "F1": 0.6393837037239724}}, "Scores_per_tag": {"Subjects": {"Ent_type": {"Correct": 8527, "Incorrect": 103, "Partial": 0, "Missed": 2786, "Spurious": 2544, "Possible": 11416, "Actual": 11174, "Precision": 0.7189301495332573, "Recall": 0.7365463962777632, "F1": 0.7250694993123226}, "Partial": {"Correct": 8039, "Incorrect": 0, "Partial": 591, "Missed": 2786, "Spurious": 2544, "Possible": 11416, "Actual": 11174, "Precision": 0.7116583267491879, "Recall": 0.722653849530331, "F1": 0.7155239516577415}, "Strict": {"Correct": 7938, "Incorrect": 692, "Partial": 0, "Missed": 2786, "Spurious": 2544, "Possible": 11416, "Actual": 11174, "Precision": 0.688847920873204, "Recall": 0.6908524273549294, "F1": 0.6896497234658941}, "Exact": {"Correct": 8039, "Incorrect": 591, "Partial": 0, "Missed": 2786, "Spurious": 2544, "Possible": 11416, "Actual": 11174, "Precision": 0.6965294238141223, "Recall": 0.699719076463875, "F1": 0.6977262751294881}}, "Predicates": {"Ent_type": {"Correct": 8812, "Incorrect": 31, "Partial": 0, "Missed": 3040, "Spurious": 3352, "Possible": 11883, "Actual": 12195, "Precision": 0.699967810844819, "Recall": 0.7304889825300676, "F1": 0.7104585491469874}, "Partial": {"Correct": 6958, "Incorrect": 0, "Partial": 1885, "Missed": 3040, "Spurious": 3352, "Possible": 11883, "Actual": 12195, "Precision": 0.6418371228747842, "Recall": 0.661179878851725, "F1": 0.6486817077809967}, "Strict": {"Correct": 6957, "Incorrect": 1886, "Partial": 0, "Missed": 3040, "Spurious": 3352, "Possible": 11883, "Actual": 12195, "Precision": 0.5819945571064876, "Recall": 0.589193222719691, "F1": 0.5848710970649343}, "Exact": {"Correct": 6958, "Incorrect": 1885, "Partial": 0, "Missed": 3040, "Spurious": 3352, "Possible": 11883, "Actual": 12195, "Precision": 0.5820384514090071, "Recall": 0.5892371170222105, "F1": 0.5849149913674538}}, "Objects": {"Ent_type": {"Correct": 7806, "Incorrect": 296, "Partial": 0, "Missed": 3255, "Spurious": 2975, "Possible": 11357, "Actual": 11077, "Precision": 0.6750280435821653, "Recall": 0.6824686155736985, "F1": 0.6773137522939998}, "Partial": {"Correct": 7513, "Incorrect": 0, "Partial": 589, "Missed": 3255, "Spurious": 2975, "Possible": 11357, "Actual": 11077, "Precision": 0.6741511329607195, "Recall": 0.6833026073215697, "F1": 0.6771166459736383}, "Strict": {"Correct": 7217, "Incorrect": 885, "Partial": 0, "Missed": 3255, "Spurious": 2975, "Possible": 11357, "Actual": 11077, "Precision": 0.6316624235507564, "Recall": 0.6321657448863137, "F1": 0.6318547223998896}, "Exact": {"Correct": 7513, "Incorrect": 589, "Partial": 0, "Missed": 3255, "Spurious": 2975, "Possible": 11357, "Actual": 11077, "Precision": 0.6524683229450151, "Recall": 0.6581511719778773, "F1": 0.6543871310265832}}}, "Exact_match": {"Precision": 0.18501894989744364, "Recall": 0.13040424306795284, "F1": 0.14106270151033803}}