{"Total_scores": {"Ent_type": {"Correct": 24140, "Incorrect": 169, "Partial": 0, "Missed": 16400, "Spurious": 16873, "Possible": 40709, "Actual": 41182, "Precision": 0.5709255894831531, "Recall": 0.589796221924736, "F1": 0.578288328344107}, "Partial": {"Correct": 20339, "Incorrect": 0, "Partial": 3970, "Missed": 16400, "Spurious": 16873, "Possible": 40709, "Actual": 41182, "Precision": 0.5315102709485797, "Recall": 0.547878551242005, "F1": 0.5377012995598448}, "Strict": {"Correct": 20175, "Incorrect": 4134, "Partial": 0, "Missed": 16400, "Spurious": 16873, "Possible": 40709, "Actual": 41182, "Precision": 0.48607581413248524, "Recall": 0.4939002925281372, "F1": 0.4893172980522378}, "Exact": {"Correct": 20339, "Incorrect": 3970, "Partial": 0, "Missed": 16400, "Spurious": 16873, "Possible": 40709, "Actual": 41182, "Precision": 0.4890296046030093, "Recall": 0.49985001735336404, "F1": 0.49314991246048806}}, "Scores_per_tag": {"Subjects": {"Ent_type": {"Correct": 8383, "Incorrect": 20, "Partial": 0, "Missed": 5178, "Spurious": 5264, "Possible": 13581, "Actual": 13667, "Precision": 0.5874485596707819, "Recall": 0.6030046110367395, "F1": 0.5930884029946948}, "Partial": {"Correct": 7843, "Incorrect": 0, "Partial": 560, "Missed": 5178, "Spurious": 5264, "Possible": 13581, "Actual": 13667, "Precision": 0.5788524468243343, "Recall": 0.5887810501264317, "F1": 0.5825028509098121}, "Strict": {"Correct": 7823, "Incorrect": 580, "Partial": 0, "Missed": 5178, "Spurious": 5264, "Possible": 13581, "Actual": 13667, "Precision": 0.5681739302890575, "Recall": 0.5715826268035104, "F1": 0.5695374088948386}, "Exact": {"Correct": 7843, "Incorrect": 560, "Partial": 0, "Missed": 5178, "Spurious": 5264, "Possible": 13581, "Actual": 13667, "Precision": 0.5692151321334722, "Recall": 0.573070058009817, "F1": 0.5707273538598839}}, "Predicates": {"Ent_type": {"Correct": 8788, "Incorrect": 5, "Partial": 0, "Missed": 4858, "Spurious": 5476, "Possible": 13651, "Actual": 14269, "Precision": 0.6091067975606128, "Recall": 0.6383311021865239, "F1": 0.6176267680953089}, "Partial": {"Correct": 7213, "Incorrect": 0, "Partial": 1580, "Missed": 4858, "Spurious": 5476, "Possible": 13651, "Actual": 14269, "Precision": 0.567735138083197, "Recall": 0.5837609698051465, "F1": 0.5725487487870352}, "Strict": {"Correct": 7210, "Incorrect": 1583, "Partial": 0, "Missed": 4858, "Spurious": 5476, "Possible": 13651, "Actual": 14269, "Precision": 0.5260288065843621, "Recall": 0.5285958649412464, "F1": 0.5270492906369747}, "Exact": {"Correct": 7213, "Incorrect": 1580, "Partial": 0, "Missed": 4858, "Spurious": 5476, "Possible": 13651, "Actual": 14269, "Precision": 0.5261403639248351, "Recall": 0.5288189796221925, "F1": 0.5271980337576054}}, "Objects": {"Ent_type": {"Correct": 6969, "Incorrect": 144, "Partial": 0, "Missed": 6364, "Spurious": 6133, "Possible": 13477, "Actual": 13246, "Precision": 0.510128344064087, "Recall": 0.5149486836233824, "F1": 0.5116727934666355}, "Partial": {"Correct": 5283, "Incorrect": 0, "Partial": 1830, "Missed": 6364, "Spurious": 6133, "Possible": 13477, "Actual": 13246, "Precision": 0.4506086958061523, "Recall": 0.45844489067380634, "F1": 0.4532036434981549}, "Strict": {"Correct": 5142, "Incorrect": 1971, "Partial": 0, "Missed": 6364, "Spurious": 6133, "Possible": 13477, "Actual": 13246, "Precision": 0.3801192424017056, "Recall": 0.38074520303435966, "F1": 0.3803559918687094}, "Exact": {"Correct": 5283, "Incorrect": 1830, "Partial": 0, "Missed": 6364, "Spurious": 6133, "Possible": 13477, "Actual": 13246, "Precision": 0.3855111805245674, "Recall": 0.39123159303882193, "F1": 0.3874460806187714}}}, "Exact_match": {"Precision": 0.121242733207111, "Recall": 0.06793837770784181, "F1": 0.08103887768369245}}