{"Total_scores": {"Ent_type": {"Correct": 20667, "Incorrect": 90, "Partial": 0, "Missed": 7742, "Spurious": 7560, "Possible": 28499, "Actual": 28317, "Precision": 0.7017183802327998, "Recall": 0.7218012840977617, "F1": 0.7098908186276495}, "Partial": {"Correct": 19208, "Incorrect": 0, "Partial": 1549, "Missed": 7742, "Spurious": 7560, "Possible": 28499, "Actual": 28317, "Precision": 0.6827536566043536, "Recall": 0.7004638005037068, "F1": 0.6898786178290275}, "Strict": {"Correct": 19122, "Incorrect": 1635, "Partial": 0, "Missed": 7742, "Spurious": 7560, "Possible": 28499, "Actual": 28317, "Precision": 0.657898755259615, "Recall": 0.6702050299741052, "F1": 0.6629447551018265}, "Exact": {"Correct": 19208, "Incorrect": 1549, "Partial": 0, "Missed": 7742, "Spurious": 7560, "Possible": 28499, "Actual": 28317, "Precision": 0.6607595973723461, "Recall": 0.6745858607356958, "F1": 0.6663247598652515}}, "Scores_per_tag": {"Subjects": {"Ent_type": {"Correct": 7215, "Incorrect": 36, "Partial": 0, "Missed": 2252, "Spurious": 2094, "Possible": 9503, "Actual": 9345, "Precision": 0.7422936398141251, "Recall": 0.7513036075343195, "F1": 0.7456635096307332}, "Partial": {"Correct": 7011, "Incorrect": 0, "Partial": 240, "Missed": 2252, "Spurious": 2094, "Possible": 9503, "Actual": 9345, "Precision": 0.738959242311376, "Recall": 0.7464882409279557, "F1": 0.7417438189493101}, "Strict": {"Correct": 6976, "Incorrect": 275, "Partial": 0, "Missed": 2252, "Spurious": 2094, "Possible": 9503, "Actual": 9345, "Precision": 0.7313681671455429, "Recall": 0.7341172714696179, "F1": 0.7324678088751729}, "Exact": {"Correct": 7011, "Incorrect": 240, "Partial": 0, "Missed": 2252, "Spurious": 2094, "Possible": 9503, "Actual": 9345, "Precision": 0.7334432975062963, "Recall": 0.7378418644248165, "F1": 0.7350927601007414}}, "Predicates": {"Ent_type": {"Correct": 6400, "Incorrect": 2, "Partial": 0, "Missed": 3040, "Spurious": 3055, "Possible": 9442, "Actual": 9457, "Precision": 0.6567947217196978, "Recall": 0.6762796637224646, "F1": 0.6628538996741614}, "Partial": {"Correct": 5659, "Incorrect": 0, "Partial": 743, "Missed": 3040, "Spurious": 3055, "Possible": 9442, "Actual": 9457, "Precision": 0.6279007484658224, "Recall": 0.6381557944024688, "F1": 0.631115806969803}, "Strict": {"Correct": 5659, "Incorrect": 743, "Partial": 0, "Missed": 3040, "Spurious": 3055, "Possible": 9442, "Actual": 9457, "Precision": 0.5988471497995814, "Recall": 0.599819091199319, "F1": 0.5992003526961492}, "Exact": {"Correct": 5659, "Incorrect": 743, "Partial": 0, "Missed": 3040, "Spurious": 3055, "Possible": 9442, "Actual": 9457, "Precision": 0.5988471497995814, "Recall": 0.599819091199319, "F1": 0.5992003526961492}}, "Objects": {"Ent_type": {"Correct": 7052, "Incorrect": 52, "Partial": 0, "Missed": 2450, "Spurious": 2411, "Possible": 9554, "Actual": 9515, "Precision": 0.7191463080922483, "Recall": 0.7308715547515164, "F1": 0.7230758381178728}, "Partial": {"Correct": 6538, "Incorrect": 0, "Partial": 566, "Missed": 2450, "Spurious": 2411, "Possible": 9554, "Actual": 9515, "Precision": 0.7009764387823875, "Recall": 0.7111844205597531, "F1": 0.7044771549852958}, "Strict": {"Correct": 6487, "Incorrect": 617, "Partial": 0, "Missed": 2450, "Spurious": 2411, "Possible": 9554, "Actual": 9515, "Precision": 0.6769536376857862, "Recall": 0.6805363413855485, "F1": 0.6783228690007449}, "Exact": {"Correct": 6538, "Incorrect": 566, "Partial": 0, "Missed": 2450, "Spurious": 2411, "Possible": 9554, "Actual": 9515, "Precision": 0.6798268951083679, "Recall": 0.6859636054059807, "F1": 0.6820474619559433}}}, "Exact_match": {"Precision": 0.20214063168691715, "Recall": 0.14565905728248946, "F1": 0.15793191853501157}}