{"Total_scores": {"Ent_type": {"Correct": 24496, "Incorrect": 432, "Partial": 0, "Missed": 17677, "Spurious": 18743, "Possible": 42605, "Actual": 43671, "Precision": 0.5478095170372779, "Recall": 0.571041029652279, "F1": 0.5565724134201699}, "Partial": {"Correct": 22136, "Incorrect": 0, "Partial": 2792, "Missed": 17677, "Spurious": 18743, "Possible": 42605, "Actual": 43671, "Precision": 0.5299728884419207, "Recall": 0.5530434473440944, "F1": 0.5383057728574332}, "Strict": {"Correct": 21709, "Incorrect": 3219, "Partial": 0, "Missed": 17677, "Spurious": 18743, "Possible": 42605, "Actual": 43671, "Precision": 0.49699131685194403, "Recall": 0.5064128090260495, "F1": 0.5008997493140279}, "Exact": {"Correct": 22136, "Incorrect": 2792, "Partial": 0, "Missed": 17677, "Spurious": 18743, "Possible": 42605, "Actual": 43671, "Precision": 0.5044956426240648, "Recall": 0.5206582284481737, "F1": 0.5104012104260984}}, "Scores_per_tag": {"Subjects": {"Ent_type": {"Correct": 8726, "Incorrect": 15, "Partial": 0, "Missed": 5348, "Spurious": 5499, "Possible": 14089, "Actual": 14240, "Precision": 0.5774372466756738, "Recall": 0.5944677522576975, "F1": 0.5836924316765033}, "Partial": {"Correct": 8122, "Incorrect": 0, "Partial": 619, "Missed": 5348, "Spurious": 5499, "Possible": 14089, "Actual": 14240, "Precision": 0.5690286567588708, "Recall": 0.5800327099480908, "F1": 0.573130436843727}, "Strict": {"Correct": 8108, "Incorrect": 633, "Partial": 0, "Missed": 5348, "Spurious": 5499, "Possible": 14089, "Actual": 14240, "Precision": 0.559197895185949, "Recall": 0.5635355187371116, "F1": 0.560932944606414}, "Exact": {"Correct": 8122, "Incorrect": 619, "Partial": 0, "Missed": 5348, "Spurious": 5499, "Possible": 14089, "Actual": 14240, "Precision": 0.5598734267226054, "Recall": 0.5645310388963948, "F1": 0.5617151390172794}}, "Predicates": {"Ent_type": {"Correct": 9270, "Incorrect": 3, "Partial": 0, "Missed": 5155, "Spurious": 6042, "Possible": 14428, "Actual": 15315, "Precision": 0.5971497309725284, "Recall": 0.6332219298869374, "F1": 0.607782326469662}, "Partial": {"Correct": 7498, "Incorrect": 0, "Partial": 1775, "Missed": 5155, "Spurious": 6042, "Possible": 14428, "Actual": 15315, "Precision": 0.5565710256227927, "Recall": 0.5768150465761217, "F1": 0.5627656836751624}, "Strict": {"Correct": 7498, "Incorrect": 1775, "Partial": 0, "Missed": 5155, "Spurious": 6042, "Possible": 14428, "Actual": 15315, "Precision": 0.5158501031074451, "Recall": 0.5201948375168883, "F1": 0.5175831208541156}, "Exact": {"Correct": 7498, "Incorrect": 1775, "Partial": 0, "Missed": 5155, "Spurious": 6042, "Possible": 14428, "Actual": 15315, "Precision": 0.5158501031074451, "Recall": 0.5201948375168883, "F1": 0.5175831208541156}}, "Objects": {"Ent_type": {"Correct": 6500, "Incorrect": 414, "Partial": 0, "Missed": 7174, "Spurious": 7202, "Possible": 14088, "Actual": 14116, "Precision": 0.45540255923175643, "Recall": 0.45971698784043236, "F1": 0.4567671667970324}, "Partial": {"Correct": 6516, "Incorrect": 0, "Partial": 398, "Missed": 7174, "Spurious": 7202, "Possible": 14088, "Actual": 14116, "Precision": 0.4585997365596313, "Recall": 0.47562753324326246, "F1": 0.4642460119936476}, "Strict": {"Correct": 6103, "Incorrect": 811, "Partial": 0, "Missed": 7174, "Spurious": 7202, "Possible": 14088, "Actual": 14116, "Precision": 0.4322157434402332, "Recall": 0.4327312806655763, "F1": 0.43240181089857543}, "Exact": {"Correct": 6516, "Incorrect": 398, "Partial": 0, "Missed": 7174, "Spurious": 7202, "Possible": 14088, "Actual": 14116, "Precision": 0.44697077437246674, "Recall": 0.4620991253644315, "F1": 0.45202777975301617}}}, "Exact_match": {"Precision": 0.20545855763017604, "Recall": 0.15213516630637527, "F1": 0.16464708205791695}}