{"Total_scores": {"Ent_type": {"Correct": 2, "Incorrect": 0, "Partial": 0, "Missed": 20833, "Spurious": 1, "Possible": 20835, "Actual": 3, "Precision": 9.599232061435085e-05, "Recall": 9.599232061435085e-05, "F1": 9.599232061435085e-05}, "Partial": {"Correct": 2, "Incorrect": 0, "Partial": 0, "Missed": 20833, "Spurious": 1, "Possible": 20835, "Actual": 3, "Precision": 9.599232061435085e-05, "Recall": 9.599232061435085e-05, "F1": 9.599232061435085e-05}, "Strict": {"Correct": 2, "Incorrect": 0, "Partial": 0, "Missed": 20833, "Spurious": 1, "Possible": 20835, "Actual": 3, "Precision": 9.599232061435085e-05, "Recall": 9.599232061435085e-05, "F1": 9.599232061435085e-05}, "Exact": {"Correct": 2, "Incorrect": 0, "Partial": 0, "Missed": 20833, "Spurious": 1, "Possible": 20835, "Actual": 3, "Precision": 9.599232061435085e-05, "Recall": 9.599232061435085e-05, "F1": 9.599232061435085e-05}}, "Scores_per_tag": {"Subjects": {"Ent_type": {"Correct": 1, "Incorrect": 0, "Partial": 0, "Missed": 6944, "Spurious": 0, "Possible": 6945, "Actual": 1, "Precision": 0.00014398848092152627, "Recall": 0.00014398848092152627, "F1": 0.00014398848092152627}, "Partial": {"Correct": 1, "Incorrect": 0, "Partial": 0, "Missed": 6944, "Spurious": 0, "Possible": 6945, "Actual": 1, "Precision": 0.00014398848092152627, "Recall": 0.00014398848092152627, "F1": 0.00014398848092152627}, "Strict": {"Correct": 1, "Incorrect": 0, "Partial": 0, "Missed": 6944, "Spurious": 0, "Possible": 6945, "Actual": 1, "Precision": 0.00014398848092152627, "Recall": 0.00014398848092152627, "F1": 0.00014398848092152627}, "Exact": {"Correct": 1, "Incorrect": 0, "Partial": 0, "Missed": 6944, "Spurious": 0, "Possible": 6945, "Actual": 1, "Precision": 0.00014398848092152627, "Recall": 0.00014398848092152627, "F1": 0.00014398848092152627}}, "Predicates": {"Ent_type": {"Correct": 0, "Incorrect": 0, "Partial": 0, "Missed": 6945, "Spurious": 1, "Possible": 6945, "Actual": 1, "Precision": 0.0, "Recall": 0.0, "F1": 0}, "Partial": {"Correct": 0, "Incorrect": 0, "Partial": 0, "Missed": 6945, "Spurious": 1, "Possible": 6945, "Actual": 1, "Precision": 0.0, "Recall": 0.0, "F1": 0}, "Strict": {"Correct": 0, "Incorrect": 0, "Partial": 0, "Missed": 6945, "Spurious": 1, "Possible": 6945, "Actual": 1, "Precision": 0.0, "Recall": 0.0, "F1": 0}, "Exact": {"Correct": 0, "Incorrect": 0, "Partial": 0, "Missed": 6945, "Spurious": 1, "Possible": 6945, "Actual": 1, "Precision": 0.0, "Recall": 0.0, "F1": 0}}, "Objects": {"Ent_type": {"Correct": 1, "Incorrect": 0, "Partial": 0, "Missed": 6944, "Spurious": 0, "Possible": 6945, "Actual": 1, "Precision": 0.00014398848092152627, "Recall": 0.00014398848092152627, "F1": 0.00014398848092152627}, "Partial": {"Correct": 1, "Incorrect": 0, "Partial": 0, "Missed": 6944, "Spurious": 0, "Possible": 6945, "Actual": 1, "Precision": 0.00014398848092152627, "Recall": 0.00014398848092152627, "F1": 0.00014398848092152627}, "Strict": {"Correct": 1, "Incorrect": 0, "Partial": 0, "Missed": 6944, "Spurious": 0, "Possible": 6945, "Actual": 1, "Precision": 0.00014398848092152627, "Recall": 0.00014398848092152627, "F1": 0.00014398848092152627}, "Exact": {"Correct": 1, "Incorrect": 0, "Partial": 0, "Missed": 6944, "Spurious": 0, "Possible": 6945, "Actual": 1, "Precision": 0.00014398848092152627, "Recall": 0.00014398848092152627, "F1": 0.00014398848092152627}}}, "Exact_match": {"Precision": 0.0, "Recall": 0.0, "F1": 0.0}}