{"Total_scores": {"Ent_type": {"Correct": 16044, "Incorrect": 71, "Partial": 0, "Missed": 4999, "Spurious": 9747, "Possible": 21114, "Actual": 25862, "Precision": 0.7028023771947256, "Recall": 0.7239312392834472, "F1": 0.711096848718418}, "Partial": {"Correct": 14885, "Incorrect": 0, "Partial": 1230, "Missed": 4999, "Spurious": 9747, "Possible": 21114, "Actual": 25862, "Precision": 0.6826224300152726, "Recall": 0.7006726729482436, "F1": 0.6896520317518258}, "Exact": {"Correct": 14885, "Incorrect": 1230, "Partial": 0, "Missed": 4999, "Spurious": 9747, "Possible": 21114, "Actual": 25862, "Precision": 0.6591883637920859, "Recall": 0.6732712902910223, "F1": 0.6646670566710876}, "Strict": {"Correct": 14820, "Incorrect": 1295, "Partial": 0, "Missed": 4999, "Spurious": 9747, "Possible": 21114, "Actual": 25862, "Precision": 0.6561984881100434, "Recall": 0.6694765018112319, "F1": 0.6614207887348228}}, "Scores_per_tag": {"Subjects": {"Ent_type": {"Correct": 5444, "Incorrect": 33, "Partial": 0, "Missed": 1582, "Spurious": 3051, "Possible": 7059, "Actual": 8528, "Precision": 0.7161230786376127, "Recall": 0.7260022816722682, "F1": 0.7198429990883917}, "Partial": {"Correct": 5241, "Incorrect": 0, "Partial": 236, "Missed": 1582, "Spurious": 3051, "Possible": 7059, "Actual": 8528, "Precision": 0.7087502284921408, "Recall": 0.7169220235055831, "F1": 0.7117942997427086}, "Exact": {"Correct": 5241, "Incorrect": 236, "Partial": 0, "Missed": 1582, "Spurious": 3051, "Possible": 7059, "Actual": 8528, "Precision": 0.6979018876089971, "Recall": 0.7025800999612234, "F1": 0.6996747181126861}, "Strict": {"Correct": 5214, "Incorrect": 263, "Partial": 0, "Missed": 1582, "Spurious": 3051, "Possible": 7059, "Actual": 8528, "Precision": 0.6948517642340477, "Recall": 0.698053160028251, "F1": 0.6961323225517291}}, "Predicates": {"Ent_type": {"Correct": 5378, "Incorrect": 3, "Partial": 0, "Missed": 1681, "Spurious": 3533, "Possible": 7062, "Actual": 8914, "Precision": 0.703128915732074, "Recall": 0.7300929111898119, "F1": 0.7107328721741233}, "Partial": {"Correct": 4784, "Incorrect": 0, "Partial": 597, "Missed": 1681, "Spurious": 3533, "Possible": 7062, "Actual": 8914, "Precision": 0.6768114399294993, "Recall": 0.6924107617893174, "F1": 0.6813253546866694}, "Exact": {"Correct": 4784, "Incorrect": 597, "Partial": 0, "Missed": 1681, "Spurious": 3533, "Possible": 7062, "Actual": 8914, "Precision": 0.6503624869420832, "Recall": 0.6544656580191399, "F1": 0.6517425342860936}, "Strict": {"Correct": 4781, "Incorrect": 600, "Partial": 0, "Missed": 1681, "Spurious": 3533, "Possible": 7062, "Actual": 8914, "Precision": 0.6502310097572418, "Recall": 0.654202703649457, "F1": 0.6515672313729717}}, "Objects": {"Ent_type": {"Correct": 5222, "Incorrect": 35, "Partial": 0, "Missed": 1736, "Spurious": 3163, "Possible": 6993, "Actual": 8420, "Precision": 0.7022672465458758, "Recall": 0.7077593959707399, "F1": 0.7041352292120023}, "Partial": {"Correct": 4860, "Incorrect": 0, "Partial": 397, "Missed": 1736, "Spurious": 3163, "Possible": 6993, "Actual": 8420, "Precision": 0.6822687420322668, "Recall": 0.6873256224847061, "F1": 0.6840157299843869}, "Exact": {"Correct": 4860, "Incorrect": 397, "Partial": 0, "Missed": 1736, "Spurious": 3163, "Possible": 6993, "Actual": 8420, "Precision": 0.6599769405867626, "Recall": 0.6632327769556752, "F1": 0.6611476754545089}, "Strict": {"Correct": 4825, "Incorrect": 432, "Partial": 0, "Missed": 1736, "Spurious": 3163, "Possible": 6993, "Actual": 8420, "Precision": 0.6576836436548674, "Recall": 0.6595737049126781, "F1": 0.6583991201522464}}}, "Exact_match": {"Precision": 0.1612724601410186, "Recall": 0.12651099316925096, "F1": 0.13326748269179775}}