{"Total_scores": {"Ent_type": {"Correct": 15968, "Incorrect": 41, "Partial": 0, "Missed": 5141, "Spurious": 20087, "Possible": 21150, "Actual": 36096, "Precision": 0.695834487880811, "Recall": 0.7085224076885174, "F1": 0.7012565282317774}, "Partial": {"Correct": 15034, "Incorrect": 0, "Partial": 975, "Missed": 5141, "Spurious": 20087, "Possible": 21150, "Actual": 36096, "Precision": 0.6793767462711388, "Recall": 0.6903531015888162, "F1": 0.6840286294892958}, "Exact": {"Correct": 15034, "Incorrect": 975, "Partial": 0, "Missed": 5141, "Spurious": 20087, "Possible": 21150, "Actual": 36096, "Precision": 0.6610026659181479, "Recall": 0.6696379302458445, "F1": 0.6646556779458911}, "Strict": {"Correct": 14993, "Incorrect": 1016, "Partial": 0, "Missed": 5141, "Spurious": 20087, "Possible": 21150, "Actual": 36096, "Precision": 0.6590863271748296, "Recall": 0.6670920650025738, "F1": 0.662510625144968}}, "Scores_per_tag": {"Subjects": {"Ent_type": {"Correct": 5192, "Incorrect": 19, "Partial": 0, "Missed": 1934, "Spurious": 7130, "Possible": 7145, "Actual": 12341, "Precision": 0.653203076197836, "Recall": 0.6679144076986198, "F1": 0.6587670928961303}, "Partial": {"Correct": 4852, "Incorrect": 0, "Partial": 359, "Missed": 1934, "Spurious": 7130, "Possible": 7145, "Actual": 12341, "Precision": 0.6419146958302747, "Recall": 0.6532505134969179, "F1": 0.6461884813676806}, "Exact": {"Correct": 4852, "Incorrect": 359, "Partial": 0, "Missed": 1934, "Spurious": 7130, "Possible": 7145, "Actual": 12341, "Precision": 0.6284105382005325, "Recall": 0.6348665883594078, "F1": 0.6308926746858408}, "Strict": {"Correct": 4833, "Incorrect": 378, "Partial": 0, "Missed": 1934, "Spurious": 7130, "Possible": 7145, "Actual": 12341, "Precision": 0.6261947609383515, "Recall": 0.6311465574235996, "F1": 0.6281754795324508}}, "Predicates": {"Ent_type": {"Correct": 5454, "Incorrect": 2, "Partial": 0, "Missed": 1553, "Spurious": 6435, "Possible": 7009, "Actual": 11891, "Precision": 0.7283198392939648, "Recall": 0.7355121886288224, "F1": 0.7308261942118474}, "Partial": {"Correct": 5096, "Incorrect": 0, "Partial": 360, "Missed": 1553, "Spurious": 6435, "Possible": 7009, "Actual": 11891, "Precision": 0.7092306378271684, "Recall": 0.7136650352750595, "F1": 0.7108054410830071}, "Exact": {"Correct": 5096, "Incorrect": 360, "Partial": 0, "Missed": 1553, "Spurious": 6435, "Possible": 7009, "Actual": 11891, "Precision": 0.6899867573193821, "Recall": 0.6915085238393168, "F1": 0.6905784492328471}, "Strict": {"Correct": 5094, "Incorrect": 362, "Partial": 0, "Missed": 1553, "Spurious": 6435, "Possible": 7009, "Actual": 11891, "Precision": 0.6898320782783921, "Recall": 0.691199165757337, "F1": 0.6903722105115271}}, "Objects": {"Ent_type": {"Correct": 5322, "Incorrect": 20, "Partial": 0, "Missed": 1654, "Spurious": 6522, "Possible": 6996, "Actual": 11864, "Precision": 0.707970603502256, "Recall": 0.7132775649905915, "F1": 0.7097739881540603}, "Partial": {"Correct": 5086, "Incorrect": 0, "Partial": 256, "Missed": 1654, "Spurious": 6522, "Possible": 6996, "Actual": 11864, "Precision": 0.6944949328845127, "Recall": 0.6985977961092882, "F1": 0.6959112009940677}, "Exact": {"Correct": 5086, "Incorrect": 256, "Partial": 0, "Missed": 1654, "Spurious": 6522, "Possible": 6996, "Actual": 11864, "Precision": 0.6800956650765477, "Recall": 0.6824042521136757, "F1": 0.6809280906691577}, "Strict": {"Correct": 5066, "Incorrect": 276, "Partial": 0, "Missed": 1654, "Spurious": 6522, "Possible": 6996, "Actual": 11864, "Precision": 0.6791720678863263, "Recall": 0.6808904769993667, "F1": 0.6798077675042403}}}, "Exact_match": {"Precision": 0.16968946595063455, "Recall": 0.13759694695091107, "F1": 0.14491638737350046}}