{"Total_scores": {"Ent_type": {"Correct": 18085, "Incorrect": 311, "Partial": 0, "Missed": 7743, "Spurious": 6863, "Possible": 26139, "Actual": 25259, "Precision": 0.681173640616992, "Recall": 0.6907861744396867, "F1": 0.6851346874781662}, "Partial": {"Correct": 17378, "Incorrect": 0, "Partial": 1018, "Missed": 7743, "Spurious": 6863, "Possible": 26139, "Actual": 25259, "Precision": 0.6803281421352246, "Recall": 0.6852235466574085, "F1": 0.6816588691689953}, "Strict": {"Correct": 17089, "Incorrect": 1307, "Partial": 0, "Missed": 7743, "Spurious": 6863, "Possible": 26139, "Actual": 25259, "Precision": 0.6492990229305471, "Recall": 0.6548663349149404, "F1": 0.6516128787567278}, "Exact": {"Correct": 17378, "Incorrect": 1018, "Partial": 0, "Missed": 7743, "Spurious": 6863, "Possible": 26139, "Actual": 25259, "Precision": 0.6639038140426868, "Recall": 0.666844115264437, "F1": 0.664451450130191}}, "Scores_per_tag": {"Subjects": {"Ent_type": {"Correct": 6055, "Incorrect": 119, "Partial": 0, "Missed": 2532, "Spurious": 2123, "Possible": 8706, "Actual": 8297, "Precision": 0.6871504069745014, "Recall": 0.6919338039578753, "F1": 0.6889403232650542}, "Partial": {"Correct": 6011, "Incorrect": 0, "Partial": 163, "Missed": 2532, "Spurious": 2123, "Possible": 8706, "Actual": 8297, "Precision": 0.6914419627357945, "Recall": 0.6984723990278903, "F1": 0.6939320294718976}, "Strict": {"Correct": 5899, "Incorrect": 275, "Partial": 0, "Missed": 2532, "Spurious": 2123, "Possible": 8706, "Actual": 8297, "Precision": 0.676812097365274, "Recall": 0.6782779770859855, "F1": 0.6773984492535586}, "Exact": {"Correct": 6011, "Incorrect": 163, "Partial": 0, "Missed": 2532, "Spurious": 2123, "Possible": 8706, "Actual": 8297, "Precision": 0.6858966940554719, "Recall": 0.6912394398796435, "F1": 0.6877753346449099}}, "Predicates": {"Ent_type": {"Correct": 6337, "Incorrect": 18, "Partial": 0, "Missed": 2430, "Spurious": 2278, "Possible": 8785, "Actual": 8633, "Precision": 0.7016452571075878, "Recall": 0.716699456081472, "F1": 0.7067739073409713}, "Partial": {"Correct": 5847, "Incorrect": 0, "Partial": 508, "Missed": 2430, "Spurious": 2278, "Possible": 8785, "Actual": 8633, "Precision": 0.6839630829765073, "Recall": 0.6935539868070825, "F1": 0.6873066388921035}, "Strict": {"Correct": 5842, "Incorrect": 513, "Partial": 0, "Missed": 2430, "Spurious": 2278, "Possible": 8785, "Actual": 8633, "Precision": 0.6649500443621494, "Recall": 0.6677467885661382, "F1": 0.6660648844655326}, "Exact": {"Correct": 5847, "Incorrect": 508, "Partial": 0, "Missed": 2430, "Spurious": 2278, "Possible": 8785, "Actual": 8633, "Precision": 0.6652393627280793, "Recall": 0.6683254252979979, "F1": 0.6664506422867723}}, "Objects": {"Ent_type": {"Correct": 5693, "Incorrect": 174, "Partial": 0, "Missed": 2781, "Spurious": 2462, "Possible": 8648, "Actual": 8329, "Precision": 0.6497415422597693, "Recall": 0.6543224163869923, "F1": 0.6512051258029733}, "Partial": {"Correct": 5520, "Incorrect": 0, "Partial": 347, "Missed": 2781, "Spurious": 2462, "Possible": 8648, "Actual": 8329, "Precision": 0.651133163599892, "Recall": 0.6555086216873047, "F1": 0.6525791584233894}, "Strict": {"Correct": 5348, "Incorrect": 519, "Partial": 0, "Missed": 2781, "Spurious": 2462, "Possible": 8648, "Actual": 8329, "Precision": 0.6158392161401073, "Recall": 0.6166531651429232, "F1": 0.6161489245623026}, "Exact": {"Correct": 5520, "Incorrect": 347, "Partial": 0, "Missed": 2781, "Spurious": 2462, "Possible": 8648, "Actual": 8329, "Precision": 0.634066273193689, "Recall": 0.6365582687188983, "F1": 0.6349353304566822}}}, "Exact_match": {"Precision": 0.2067291882077018, "Recall": 0.15866636039441384, "F1": 0.16779284456713653}}