{"Total_scores": {"Ent_type": {"Correct": 16543, "Incorrect": 49, "Partial": 0, "Missed": 4624, "Spurious": 9587, "Possible": 21216, "Actual": 26179, "Precision": 0.7313956544710531, "Recall": 0.7459321742185903, "F1": 0.7375237235491788}, "Partial": {"Correct": 15538, "Incorrect": 0, "Partial": 1054, "Missed": 4624, "Spurious": 9587, "Possible": 21216, "Actual": 26179, "Precision": 0.7158184455465129, "Recall": 0.7287478625992351, "F1": 0.7212073761504535}, "Exact": {"Correct": 15538, "Incorrect": 1054, "Partial": 0, "Missed": 4624, "Spurious": 9587, "Possible": 21216, "Actual": 26179, "Precision": 0.6973003069324862, "Recall": 0.7075754763675134, "F1": 0.701585435120553}, "Strict": {"Correct": 15490, "Incorrect": 1102, "Partial": 0, "Missed": 4624, "Spurious": 9587, "Possible": 21216, "Actual": 26179, "Precision": 0.6945140562839899, "Recall": 0.7038194203166318, "F1": 0.6984654563385659}}, "Scores_per_tag": {"Subjects": {"Ent_type": {"Correct": 5216, "Incorrect": 22, "Partial": 0, "Missed": 1931, "Spurious": 3672, "Possible": 7169, "Actual": 8910, "Precision": 0.6818741534650998, "Recall": 0.6949459237217115, "F1": 0.6868851692317227}, "Partial": {"Correct": 4894, "Incorrect": 0, "Partial": 344, "Missed": 1931, "Spurious": 3672, "Possible": 7169, "Actual": 8910, "Precision": 0.6751322639776574, "Recall": 0.6860725683025325, "F1": 0.6792693513467633}, "Exact": {"Correct": 4894, "Incorrect": 344, "Partial": 0, "Missed": 1931, "Spurious": 3672, "Possible": 7169, "Actual": 8910, "Precision": 0.6649188846498155, "Recall": 0.6716588908697135, "F1": 0.667492432896991}, "Strict": {"Correct": 4873, "Incorrect": 365, "Partial": 0, "Missed": 1931, "Spurious": 3672, "Possible": 7169, "Actual": 8910, "Precision": 0.6616794133709011, "Recall": 0.6665826059790434, "F1": 0.6636406904141581}}, "Predicates": {"Ent_type": {"Correct": 5753, "Incorrect": 3, "Partial": 0, "Missed": 1238, "Spurious": 2813, "Possible": 6994, "Actual": 8569, "Precision": 0.7825599982438626, "Recall": 0.7912562793753943, "F1": 0.7854403855082945}, "Partial": {"Correct": 5435, "Incorrect": 0, "Partial": 321, "Missed": 1238, "Spurious": 2813, "Possible": 6994, "Actual": 8569, "Precision": 0.765815823487595, "Recall": 0.7709255741885209, "F1": 0.767545193269776}, "Exact": {"Correct": 5435, "Incorrect": 321, "Partial": 0, "Missed": 1238, "Spurious": 2813, "Possible": 6994, "Actual": 8569, "Precision": 0.7489208366663623, "Recall": 0.7502932448717171, "F1": 0.7494489182779706}, "Strict": {"Correct": 5432, "Incorrect": 324, "Partial": 0, "Missed": 1238, "Spurious": 2813, "Possible": 6994, "Actual": 8569, "Precision": 0.7487700246013971, "Recall": 0.7499916207417867, "F1": 0.7492478355246837}}, "Objects": {"Ent_type": {"Correct": 5574, "Incorrect": 24, "Partial": 0, "Missed": 1455, "Spurious": 3102, "Possible": 7053, "Actual": 8700, "Precision": 0.7364338893462599, "Recall": 0.7443419398611468, "F1": 0.7392322634333082}, "Partial": {"Correct": 5209, "Incorrect": 0, "Partial": 389, "Missed": 1455, "Spurious": 3102, "Possible": 7053, "Actual": 8700, "Precision": 0.718321417299151, "Recall": 0.7251741568821217, "F1": 0.7207509788852374}, "Exact": {"Correct": 5209, "Incorrect": 389, "Partial": 0, "Missed": 1455, "Spurious": 3102, "Possible": 7053, "Actual": 8700, "Precision": 0.6983742760123385, "Recall": 0.7030420148989708, "F1": 0.7000584618426556}, "Strict": {"Correct": 5185, "Incorrect": 413, "Partial": 0, "Missed": 1455, "Spurious": 3102, "Possible": 7053, "Actual": 8700, "Precision": 0.696539606772635, "Recall": 0.7000776558948448, "F1": 0.6978472293481446}}}, "Exact_match": {"Precision": 0.20063546361710458, "Recall": 0.1571110460718742, "F1": 0.16746626339770257}}