{"Total_scores": {"Ent_type": {"Correct": 19829, "Incorrect": 419, "Partial": 0, "Missed": 16375, "Spurious": 14313, "Possible": 36623, "Actual": 34561, "Precision": 0.5157295755111048, "Recall": 0.5338215822575306, "F1": 0.5229362714963509}, "Partial": {"Correct": 18046, "Incorrect": 0, "Partial": 2202, "Missed": 16375, "Spurious": 14313, "Possible": 36623, "Actual": 34561, "Precision": 0.5069154805252124, "Recall": 0.5220622310493214, "F1": 0.5125563515707507}, "Strict": {"Correct": 17629, "Incorrect": 2619, "Partial": 0, "Missed": 16375, "Spurious": 14313, "Possible": 36623, "Actual": 34561, "Precision": 0.46980501568386374, "Recall": 0.47758744345139575, "F1": 0.47310585163117436}, "Exact": {"Correct": 18046, "Incorrect": 2202, "Partial": 0, "Missed": 16375, "Spurious": 14313, "Possible": 36623, "Actual": 34561, "Precision": 0.483925615926609, "Recall": 0.49390378461877965, "F1": 0.487608040016183}}, "Scores_per_tag": {"Subjects": {"Ent_type": {"Correct": 6715, "Incorrect": 18, "Partial": 0, "Missed": 5441, "Spurious": 5741, "Possible": 12174, "Actual": 12474, "Precision": 0.5001379234249145, "Recall": 0.5198609731876862, "F1": 0.5075085512523447}, "Partial": {"Correct": 6054, "Incorrect": 0, "Partial": 679, "Missed": 5441, "Spurious": 5741, "Possible": 12174, "Actual": 12474, "Precision": 0.48903508771929827, "Recall": 0.5022136709698776, "F1": 0.4940251572327044}, "Strict": {"Correct": 6036, "Incorrect": 697, "Partial": 0, "Missed": 5441, "Spurious": 5741, "Possible": 12174, "Actual": 12474, "Precision": 0.4756151384751186, "Recall": 0.4815872227739159, "F1": 0.4780039721946375}, "Exact": {"Correct": 6054, "Incorrect": 679, "Partial": 0, "Missed": 5441, "Spurious": 5741, "Possible": 12174, "Actual": 12474, "Precision": 0.47677369524440033, "Recall": 0.4830767957629924, "F1": 0.4792728677038508}}, "Predicates": {"Ent_type": {"Correct": 7149, "Incorrect": 3, "Partial": 0, "Missed": 5139, "Spurious": 3910, "Possible": 12291, "Actual": 11062, "Precision": 0.5559003641178418, "Recall": 0.5744786494538232, "F1": 0.561585567692817}, "Partial": {"Correct": 6145, "Incorrect": 0, "Partial": 1007, "Missed": 5139, "Spurious": 3910, "Possible": 12291, "Actual": 11062, "Precision": 0.5265330188679245, "Recall": 0.5373427672955975, "F1": 0.5299762771709147}, "Strict": {"Correct": 6143, "Incorrect": 1009, "Partial": 0, "Missed": 5139, "Spurious": 3910, "Possible": 12291, "Actual": 11062, "Precision": 0.4969174114531612, "Recall": 0.4997931148626283, "F1": 0.4980635551142006}, "Exact": {"Correct": 6145, "Incorrect": 1007, "Partial": 0, "Missed": 5139, "Spurious": 3910, "Possible": 12291, "Actual": 11062, "Precision": 0.4970001655081099, "Recall": 0.49995862297252563, "F1": 0.4981738938541322}}, "Objects": {"Ent_type": {"Correct": 5965, "Incorrect": 398, "Partial": 0, "Missed": 5795, "Spurious": 4662, "Possible": 12158, "Actual": 11025, "Precision": 0.48007006509985656, "Recall": 0.4868421052631579, "F1": 0.48237062782743023}, "Partial": {"Correct": 5847, "Incorrect": 0, "Partial": 516, "Missed": 5795, "Spurious": 4662, "Possible": 12158, "Actual": 11025, "Precision": 0.4819940968774137, "Recall": 0.500124131082423, "F1": 0.4880847953216374}, "Strict": {"Correct": 5450, "Incorrect": 913, "Partial": 0, "Missed": 5795, "Spurious": 4662, "Possible": 12158, "Actual": 11025, "Precision": 0.44630641068079, "Recall": 0.44761668321747766, "F1": 0.4467946596049873}, "Exact": {"Correct": 5847, "Incorrect": 516, "Partial": 0, "Missed": 5795, "Spurious": 4662, "Possible": 12158, "Actual": 11025, "Precision": 0.46509158115414323, "Recall": 0.48047004303210855, "F1": 0.47026922652543307}}}, "Exact_match": {"Precision": 0.16930345715638834, "Recall": 0.1372839420670373, "F1": 0.14458673226118585}}