{"Total_scores": {"Ent_type": {"Correct": 36051, "Incorrect": 326, "Partial": 0, "Missed": 13026, "Spurious": 12804, "Possible": 49403, "Actual": 49181, "Precision": 0.7100912355053269, "Recall": 0.7252997527812114, "F1": 0.7153591896360747}, "Partial": {"Correct": 33779, "Incorrect": 0, "Partial": 2598, "Missed": 13026, "Spurious": 12804, "Possible": 49403, "Actual": 49181, "Precision": 0.6966914621225498, "Recall": 0.7099814585908529, "F1": 0.7010072359655178}, "Strict": {"Correct": 33513, "Incorrect": 2864, "Partial": 0, "Missed": 13026, "Spurious": 12804, "Possible": 49403, "Actual": 49181, "Precision": 0.6696977456000942, "Recall": 0.6784497321796457, "F1": 0.672463305133268}, "Exact": {"Correct": 33779, "Incorrect": 2598, "Partial": 0, "Missed": 13026, "Spurious": 12804, "Possible": 49403, "Actual": 49181, "Precision": 0.675890576255224, "Recall": 0.6856808817470128, "F1": 0.678850084814238}}, "Scores_per_tag": {"Subjects": {"Ent_type": {"Correct": 13108, "Incorrect": 183, "Partial": 0, "Missed": 3458, "Spurious": 3731, "Possible": 16749, "Actual": 17022, "Precision": 0.7505974454058508, "Recall": 0.7672435105067985, "F1": 0.7570992995467656}, "Partial": {"Correct": 12457, "Incorrect": 0, "Partial": 834, "Missed": 3458, "Spurious": 3731, "Possible": 16749, "Actual": 17022, "Precision": 0.7493665018541409, "Recall": 0.7635043263288009, "F1": 0.7547939843428101}, "Strict": {"Correct": 12322, "Incorrect": 969, "Partial": 0, "Missed": 3458, "Spurious": 3731, "Possible": 16749, "Actual": 17022, "Precision": 0.7329625051503914, "Recall": 0.7401112484548825, "F1": 0.7358220024721879}, "Exact": {"Correct": 12457, "Incorrect": 834, "Partial": 0, "Missed": 3458, "Spurious": 3731, "Possible": 16749, "Actual": 17022, "Precision": 0.7397919241862382, "Recall": 0.7484548825710754, "F1": 0.74315615986815}}, "Predicates": {"Ent_type": {"Correct": 11584, "Incorrect": 6, "Partial": 0, "Missed": 4733, "Spurious": 4476, "Possible": 16323, "Actual": 16066, "Precision": 0.695349196538937, "Recall": 0.7071075401730531, "F1": 0.6990549767496615}, "Partial": {"Correct": 10679, "Incorrect": 0, "Partial": 911, "Missed": 4733, "Spurious": 4476, "Possible": 16323, "Actual": 16066, "Precision": 0.6747368149979398, "Recall": 0.6815358467243511, "F1": 0.6769323532874213}, "Strict": {"Correct": 10677, "Incorrect": 913, "Partial": 0, "Missed": 4733, "Spurious": 4476, "Possible": 16323, "Actual": 16066, "Precision": 0.6538154099711578, "Recall": 0.6554697156983931, "F1": 0.6544389016422391}, "Exact": {"Correct": 10679, "Incorrect": 911, "Partial": 0, "Missed": 4733, "Spurious": 4476, "Possible": 16323, "Actual": 16066, "Precision": 0.6538772146683148, "Recall": 0.6555933250927071, "F1": 0.6545213079051151}}, "Objects": {"Ent_type": {"Correct": 11359, "Incorrect": 137, "Partial": 0, "Missed": 4835, "Spurious": 4597, "Possible": 16331, "Actual": 16093, "Precision": 0.6752204367531932, "Recall": 0.6867737948084054, "F1": 0.6789969980575666}, "Partial": {"Correct": 10643, "Incorrect": 0, "Partial": 853, "Missed": 4835, "Spurious": 4597, "Possible": 16331, "Actual": 16093, "Precision": 0.6615322414503503, "Recall": 0.6726977750309023, "F1": 0.6652531049502619}, "Strict": {"Correct": 10514, "Incorrect": 982, "Partial": 0, "Missed": 4835, "Spurious": 4597, "Possible": 16331, "Actual": 16093, "Precision": 0.638913267408323, "Recall": 0.6421817058096415, "F1": 0.6400753428689152}, "Exact": {"Correct": 10643, "Incorrect": 853, "Partial": 0, "Missed": 4835, "Spurious": 4597, "Possible": 16331, "Actual": 16093, "Precision": 0.6431468891635764, "Recall": 0.6501545117428924, "F1": 0.6455553593501677}}}, "Exact_match": {"Precision": 0.16994904365036426, "Recall": 0.10844711999330532, "F1": 0.12249694910563087}}