{"Total_scores": {"Ent_type": {"Correct": 17489, "Incorrect": 213, "Partial": 0, "Missed": 7767, "Spurious": 7247, "Possible": 25469, "Actual": 24949, "Precision": 0.6652119409448595, "Recall": 0.6810318694906465, "F1": 0.6718417961387927}, "Partial": {"Correct": 16427, "Incorrect": 0, "Partial": 1275, "Missed": 7767, "Spurious": 7247, "Possible": 25469, "Actual": 24949, "Precision": 0.6548968073528322, "Recall": 0.6706513501655299, "F1": 0.6613868820342436}, "Strict": {"Correct": 16231, "Incorrect": 1471, "Partial": 0, "Missed": 7767, "Spurious": 7247, "Possible": 25469, "Actual": 24949, "Precision": 0.6274762531553246, "Recall": 0.6367775517530214, "F1": 0.6313606932070496}, "Exact": {"Correct": 16427, "Incorrect": 1275, "Partial": 0, "Missed": 7767, "Spurious": 7247, "Possible": 25469, "Actual": 24949, "Precision": 0.6356211217285765, "Recall": 0.6480555223166208, "F1": 0.6407144143532799}}, "Scores_per_tag": {"Subjects": {"Ent_type": {"Correct": 6469, "Incorrect": 36, "Partial": 0, "Missed": 2011, "Spurious": 1876, "Possible": 8516, "Actual": 8381, "Precision": 0.7215707391009533, "Recall": 0.7355510350604284, "F1": 0.7270870727134937}, "Partial": {"Correct": 6152, "Incorrect": 0, "Partial": 353, "Missed": 2011, "Spurious": 1876, "Possible": 8516, "Actual": 8381, "Precision": 0.7167943041761398, "Recall": 0.7283714251525667, "F1": 0.7212955207211519}, "Strict": {"Correct": 6116, "Incorrect": 389, "Partial": 0, "Missed": 2011, "Spurious": 1876, "Possible": 8516, "Actual": 8381, "Precision": 0.7061545211599058, "Recall": 0.712576283355271, "F1": 0.7087232260380519}, "Exact": {"Correct": 6152, "Incorrect": 353, "Partial": 0, "Missed": 2011, "Spurious": 1876, "Possible": 8516, "Actual": 8381, "Precision": 0.709086195205616, "Recall": 0.7168840492999881, "F1": 0.712113597383431}}, "Predicates": {"Ent_type": {"Correct": 5714, "Incorrect": 29, "Partial": 0, "Missed": 2787, "Spurious": 2690, "Possible": 8530, "Actual": 8433, "Precision": 0.644758884767261, "Recall": 0.6631566351561565, "F1": 0.6511347772326592}, "Partial": {"Correct": 5182, "Incorrect": 0, "Partial": 561, "Missed": 2787, "Spurious": 2690, "Possible": 8530, "Actual": 8433, "Precision": 0.6260320689242551, "Recall": 0.6381177456024889, "F1": 0.6302979538111763}, "Strict": {"Correct": 5170, "Incorrect": 573, "Partial": 0, "Missed": 2787, "Spurious": 2690, "Possible": 8530, "Actual": 8433, "Precision": 0.6049120497786287, "Recall": 0.6083522795261458, "F1": 0.60628614734155}, "Exact": {"Correct": 5182, "Incorrect": 561, "Partial": 0, "Missed": 2787, "Spurious": 2690, "Possible": 8530, "Actual": 8433, "Precision": 0.6056100674085597, "Recall": 0.6097283714251526, "F1": 0.60721151928523}}, "Objects": {"Ent_type": {"Correct": 5306, "Incorrect": 148, "Partial": 0, "Missed": 2969, "Spurious": 2681, "Possible": 8423, "Actual": 8135, "Precision": 0.6155498384587771, "Recall": 0.6235491204977863, "F1": 0.6182800845598501}, "Partial": {"Correct": 5093, "Incorrect": 0, "Partial": 361, "Missed": 2969, "Spurious": 2681, "Possible": 8423, "Actual": 8135, "Precision": 0.6088349088588408, "Recall": 0.6225020940528898, "F1": 0.6134637629133262}, "Strict": {"Correct": 4945, "Incorrect": 509, "Partial": 0, "Missed": 2969, "Spurious": 2681, "Possible": 8423, "Actual": 8135, "Precision": 0.5838119739938574, "Recall": 0.586035658729209, "F1": 0.5846356347971761}, "Exact": {"Correct": 5093, "Incorrect": 361, "Partial": 0, "Missed": 2969, "Spurious": 2681, "Possible": 8423, "Actual": 8135, "Precision": 0.5929659766263811, "Recall": 0.6037453631686012, "F1": 0.5966415380319892}}}, "Exact_match": {"Precision": 0.16098439919884933, "Recall": 0.11777649885570234, "F1": 0.12788117403687438}}