{"Total_scores": {"Ent_type": {"Correct": 22249, "Incorrect": 155, "Partial": 0, "Missed": 8961, "Spurious": 7843, "Possible": 31365, "Actual": 30247, "Precision": 0.6914930507648298, "Recall": 0.706739746313824, "F1": 0.6977066395069099}, "Partial": {"Correct": 20620, "Incorrect": 0, "Partial": 1784, "Missed": 8961, "Spurious": 7843, "Possible": 31365, "Actual": 30247, "Precision": 0.6733915808935125, "Recall": 0.6852400038632412, "F1": 0.6780495913632866}, "Strict": {"Correct": 20472, "Incorrect": 1932, "Partial": 0, "Missed": 8961, "Spurious": 7843, "Possible": 31365, "Actual": 30247, "Precision": 0.6435619544321495, "Recall": 0.6526495396304166, "F1": 0.6473744871658721}, "Exact": {"Correct": 20620, "Incorrect": 1784, "Partial": 0, "Missed": 8961, "Spurious": 7843, "Possible": 31365, "Actual": 30247, "Precision": 0.6492972580185251, "Recall": 0.6580741742321807, "F1": 0.6527611792195528}}, "Scores_per_tag": {"Subjects": {"Ent_type": {"Correct": 7898, "Incorrect": 95, "Partial": 0, "Missed": 2443, "Spurious": 2131, "Possible": 10436, "Actual": 10124, "Precision": 0.7388126971862726, "Recall": 0.7528491404288198, "F1": 0.7437125748502994}, "Partial": {"Correct": 7649, "Incorrect": 0, "Partial": 344, "Missed": 2443, "Spurious": 2131, "Possible": 10436, "Actual": 10124, "Precision": 0.7389897624106625, "Recall": 0.7478993625651922, "F1": 0.7421254265662224}, "Strict": {"Correct": 7556, "Incorrect": 437, "Partial": 0, "Missed": 2443, "Spurious": 2131, "Possible": 10436, "Actual": 10124, "Precision": 0.7231343764084733, "Recall": 0.7247923507823063, "F1": 0.7237975661580066}, "Exact": {"Correct": 7649, "Incorrect": 344, "Partial": 0, "Missed": 2443, "Spurious": 2131, "Possible": 10436, "Actual": 10124, "Precision": 0.7310540209902775, "Recall": 0.73377438671045, "F1": 0.7320713411885905}}, "Predicates": {"Ent_type": {"Correct": 7320, "Incorrect": 5, "Partial": 0, "Missed": 3213, "Spurious": 2955, "Possible": 10538, "Actual": 10280, "Precision": 0.6728510720494495, "Recall": 0.6892022406799304, "F1": 0.6782950228575108}, "Partial": {"Correct": 6185, "Incorrect": 0, "Partial": 1140, "Missed": 3213, "Spurious": 2955, "Possible": 10538, "Actual": 10280, "Precision": 0.6292954413753139, "Recall": 0.6390766853389994, "F1": 0.6326508273775031}, "Strict": {"Correct": 6185, "Incorrect": 1140, "Partial": 0, "Missed": 3213, "Spurious": 2955, "Possible": 10538, "Actual": 10280, "Precision": 0.5854983581224648, "Recall": 0.5884682248406413, "F1": 0.5866846951258773}, "Exact": {"Correct": 6185, "Incorrect": 1140, "Partial": 0, "Missed": 3213, "Spurious": 2955, "Possible": 10538, "Actual": 10280, "Precision": 0.5854983581224648, "Recall": 0.5884682248406413, "F1": 0.5866846951258773}}, "Objects": {"Ent_type": {"Correct": 7031, "Incorrect": 55, "Partial": 0, "Missed": 3305, "Spurious": 2757, "Possible": 10391, "Actual": 9843, "Precision": 0.6677193999098577, "Recall": 0.6734595325478077, "F1": 0.669725525906712}, "Partial": {"Correct": 6786, "Incorrect": 0, "Partial": 300, "Missed": 3305, "Spurious": 2757, "Possible": 10391, "Actual": 9843, "Precision": 0.6611824737621531, "Recall": 0.6656847595132316, "F1": 0.6627595040334079}, "Strict": {"Correct": 6731, "Incorrect": 355, "Partial": 0, "Missed": 3305, "Spurious": 2757, "Possible": 10391, "Actual": 9843, "Precision": 0.6463395789067027, "Recall": 0.6472860730152598, "F1": 0.6467148652004746}, "Exact": {"Correct": 6786, "Incorrect": 300, "Partial": 0, "Missed": 3305, "Spurious": 2757, "Possible": 10391, "Actual": 9843, "Precision": 0.6504925632605756, "Recall": 0.6525980297469577, "F1": 0.6512541736802892}}}, "Exact_match": {"Precision": 0.19432919289304557, "Recall": 0.14031953699094238, "F1": 0.15260203939774378}}