{"Total_scores": {"Ent_type": {"Correct": 21537, "Incorrect": 129, "Partial": 0, "Missed": 12484, "Spurious": 12937, "Possible": 34150, "Actual": 34603, "Precision": 0.600524529926553, "Recall": 0.6258586220272729, "F1": 0.6104219038602711}, "Partial": {"Correct": 19115, "Incorrect": 0, "Partial": 2551, "Missed": 12484, "Spurious": 12937, "Possible": 34150, "Actual": 34603, "Precision": 0.5751816992126723, "Recall": 0.5958262465311969, "F1": 0.583179836008589}, "Strict": {"Correct": 18996, "Incorrect": 2670, "Partial": 0, "Missed": 12484, "Spurious": 12937, "Possible": 34150, "Actual": 34603, "Precision": 0.541764389938233, "Recall": 0.5558275892937069, "F1": 0.5472856175344761}, "Exact": {"Correct": 19115, "Incorrect": 2551, "Partial": 0, "Missed": 12484, "Spurious": 12937, "Possible": 34150, "Actual": 34603, "Precision": 0.5456434816339928, "Recall": 0.5606466147465162, "F1": 0.5514542912403444}}, "Scores_per_tag": {"Subjects": {"Ent_type": {"Correct": 8047, "Incorrect": 42, "Partial": 0, "Missed": 3399, "Spurious": 3467, "Possible": 11488, "Actual": 11556, "Precision": 0.669605824605377, "Recall": 0.6853459851400949, "F1": 0.675630352400561}, "Partial": {"Correct": 7419, "Incorrect": 0, "Partial": 670, "Missed": 3399, "Spurious": 3467, "Possible": 11488, "Actual": 11556, "Precision": 0.6564542117984066, "Recall": 0.6678676931340077, "F1": 0.6608420612896488}, "Strict": {"Correct": 7381, "Incorrect": 708, "Partial": 0, "Missed": 3399, "Spurious": 3467, "Possible": 11488, "Actual": 11556, "Precision": 0.637394443947125, "Recall": 0.64322800107421, "F1": 0.639727866797959}, "Exact": {"Correct": 7419, "Incorrect": 670, "Partial": 0, "Missed": 3399, "Spurious": 3467, "Possible": 11488, "Actual": 11556, "Precision": 0.6402142452182735, "Recall": 0.6466296660997225, "F1": 0.6427416226538955}}, "Predicates": {"Ent_type": {"Correct": 7283, "Incorrect": 7, "Partial": 0, "Missed": 4143, "Spurious": 4542, "Possible": 11433, "Actual": 11832, "Precision": 0.6019216423477457, "Recall": 0.6285023722137678, "F1": 0.6103836038040675}, "Partial": {"Correct": 5992, "Incorrect": 0, "Partial": 1298, "Missed": 4143, "Spurious": 4542, "Possible": 11433, "Actual": 11832, "Precision": 0.5610106525825799, "Recall": 0.5768955330767165, "F1": 0.5661493833949299}, "Strict": {"Correct": 5991, "Incorrect": 1299, "Partial": 0, "Missed": 4143, "Spurious": 4542, "Possible": 11433, "Actual": 11832, "Precision": 0.5197415928147286, "Recall": 0.5245725539342941, "F1": 0.5214377363155449}, "Exact": {"Correct": 5992, "Incorrect": 1298, "Partial": 0, "Missed": 4143, "Spurious": 4542, "Possible": 11433, "Actual": 11832, "Precision": 0.5197863515650643, "Recall": 0.5246620714349656, "F1": 0.5214974146493259}}, "Objects": {"Ent_type": {"Correct": 6207, "Incorrect": 80, "Partial": 0, "Missed": 4942, "Spurious": 4928, "Possible": 11229, "Actual": 11215, "Precision": 0.5350252140960224, "Recall": 0.5491003491182527, "F1": 0.539530928296482}, "Partial": {"Correct": 5704, "Incorrect": 0, "Partial": 583, "Missed": 4942, "Spurious": 4928, "Possible": 11229, "Actual": 11215, "Precision": 0.5207277772804584, "Recall": 0.5318010921135082, "F1": 0.5243442843075822}, "Strict": {"Correct": 5624, "Incorrect": 663, "Partial": 0, "Missed": 4942, "Spurious": 4928, "Possible": 11229, "Actual": 11215, "Precision": 0.4988213529078268, "Recall": 0.5001790350013428, "F1": 0.49931071524483034}, "Exact": {"Correct": 5704, "Incorrect": 583, "Partial": 0, "Missed": 4942, "Spurious": 4928, "Possible": 11229, "Actual": 11215, "Precision": 0.5026258466863606, "Recall": 0.5073404350550532, "F1": 0.5042341777817564}}}, "Exact_match": {"Precision": 0.13743244323393788, "Recall": 0.10055789408017374, "F1": 0.10818302485123917}}