{"Total_scores": {"Ent_type": {"Correct": 25928, "Incorrect": 104, "Partial": 0, "Missed": 10558, "Spurious": 11281, "Possible": 36590, "Actual": 37313, "Precision": 0.68774591340976, "Recall": 0.7064527838275535, "F1": 0.6954722591680206}, "Partial": {"Correct": 23569, "Incorrect": 0, "Partial": 2463, "Missed": 10558, "Spurious": 11281, "Possible": 36590, "Actual": 37313, "Precision": 0.6638483188271679, "Recall": 0.6780895739096443, "F1": 0.6694941134608583}, "Strict": {"Correct": 23466, "Incorrect": 2566, "Partial": 0, "Missed": 10558, "Spurious": 11281, "Possible": 36590, "Actual": 37313, "Precision": 0.6319594359215737, "Recall": 0.643415982576646, "F1": 0.6366543254589828}, "Exact": {"Correct": 23569, "Incorrect": 2463, "Partial": 0, "Missed": 10558, "Spurious": 11281, "Possible": 36590, "Actual": 37313, "Precision": 0.6359411190622448, "Recall": 0.6465572122633607, "F1": 0.6400711855855096}}, "Scores_per_tag": {"Subjects": {"Ent_type": {"Correct": 9443, "Incorrect": 89, "Partial": 0, "Missed": 2833, "Spurious": 3159, "Possible": 12365, "Actual": 12691, "Precision": 0.7394035851901491, "Recall": 0.7542301893114425, "F1": 0.7451443569553806}, "Partial": {"Correct": 8861, "Incorrect": 0, "Partial": 671, "Missed": 2833, "Spurious": 3159, "Possible": 12365, "Actual": 12691, "Precision": 0.7319623610878427, "Recall": 0.7427751717205562, "F1": 0.7361702127659574}, "Strict": {"Correct": 8772, "Incorrect": 760, "Partial": 0, "Missed": 2833, "Spurious": 3159, "Possible": 12365, "Actual": 12691, "Precision": 0.7102808957390965, "Recall": 0.7164097838833976, "F1": 0.7127324509968169}, "Exact": {"Correct": 8861, "Incorrect": 671, "Partial": 0, "Missed": 2833, "Spurious": 3159, "Possible": 12365, "Actual": 12691, "Precision": 0.7174010163623165, "Recall": 0.7238649690065337, "F1": 0.7199642597866756}}, "Predicates": {"Ent_type": {"Correct": 8796, "Incorrect": 1, "Partial": 0, "Missed": 3374, "Spurious": 3629, "Possible": 12171, "Actual": 12426, "Precision": 0.6991581504439605, "Recall": 0.7172893281956777, "F1": 0.7054288426712618}, "Partial": {"Correct": 7523, "Incorrect": 0, "Partial": 1274, "Missed": 3374, "Spurious": 3629, "Possible": 12171, "Actual": 12426, "Precision": 0.6581448595521304, "Recall": 0.6688934494890266, "F1": 0.6619442516493949}, "Strict": {"Correct": 7523, "Incorrect": 1274, "Partial": 0, "Missed": 3374, "Spurious": 3629, "Possible": 12171, "Actual": 12426, "Precision": 0.617089685597811, "Recall": 0.6204138046573966, "F1": 0.6184038165442086}, "Exact": {"Correct": 7523, "Incorrect": 1274, "Partial": 0, "Missed": 3374, "Spurious": 3629, "Possible": 12171, "Actual": 12426, "Precision": 0.617089685597811, "Recall": 0.6204138046573966, "F1": 0.6184038165442086}}, "Objects": {"Ent_type": {"Correct": 7689, "Incorrect": 14, "Partial": 0, "Missed": 4351, "Spurious": 4493, "Possible": 12054, "Actual": 12196, "Precision": 0.6242489968009318, "Recall": 0.6337745015915563, "F1": 0.6271534542224775}, "Partial": {"Correct": 7185, "Incorrect": 0, "Partial": 518, "Missed": 4351, "Spurious": 4493, "Possible": 12054, "Actual": 12196, "Precision": 0.6094523590136339, "Recall": 0.6158276093147931, "F1": 0.6114658207617665}, "Strict": {"Correct": 7171, "Incorrect": 532, "Partial": 0, "Missed": 4351, "Spurious": 4493, "Possible": 12054, "Actual": 12196, "Precision": 0.5933154632266712, "Recall": 0.5955352655386161, "F1": 0.5941028648014742}, "Exact": {"Correct": 7185, "Incorrect": 518, "Partial": 0, "Missed": 4351, "Spurious": 4493, "Possible": 12054, "Actual": 12196, "Precision": 0.5939855922265036, "Recall": 0.596707991288323, "F1": 0.5949405260512649}}}, "Exact_match": {"Precision": 0.17350346376563827, "Recall": 0.13437058575812613, "F1": 0.14181718014510558}}