{"Total_scores": {"Ent_type": {"Correct": 24151, "Incorrect": 186, "Partial": 0, "Missed": 12145, "Spurious": 12898, "Possible": 36482, "Actual": 37235, "Precision": 0.6366799613246313, "Recall": 0.6575070501974055, "F1": 0.6453328364622781}, "Partial": {"Correct": 21860, "Incorrect": 0, "Partial": 2477, "Missed": 12145, "Spurious": 12898, "Possible": 36482, "Actual": 37235, "Precision": 0.615430498482529, "Recall": 0.6323667512690355, "F1": 0.6224009950850052}, "Strict": {"Correct": 21680, "Incorrect": 2657, "Partial": 0, "Missed": 12145, "Spurious": 12898, "Possible": 36482, "Actual": 37235, "Precision": 0.5833942336099697, "Recall": 0.5961717428087986, "F1": 0.5886682512824645}, "Exact": {"Correct": 21860, "Incorrect": 2477, "Partial": 0, "Missed": 12145, "Spurious": 12898, "Possible": 36482, "Actual": 37235, "Precision": 0.5886959820589263, "Recall": 0.6016003948110547, "F1": 0.5939756398893454}}, "Scores_per_tag": {"Subjects": {"Ent_type": {"Correct": 9338, "Incorrect": 172, "Partial": 0, "Missed": 2956, "Spurious": 3606, "Possible": 12466, "Actual": 13116, "Precision": 0.7128313592780597, "Recall": 0.7345177664974619, "F1": 0.7212887760857304}, "Partial": {"Correct": 8735, "Incorrect": 0, "Partial": 775, "Missed": 2956, "Spurious": 3606, "Possible": 12466, "Actual": 13116, "Precision": 0.7081782289904117, "Recall": 0.730160744500846, "F1": 0.7164283699943599}, "Strict": {"Correct": 8568, "Incorrect": 942, "Partial": 0, "Missed": 2956, "Spurious": 3606, "Possible": 12466, "Actual": 13116, "Precision": 0.687873660462493, "Recall": 0.6971235194585449, "F1": 0.6915736040609137}, "Exact": {"Correct": 8735, "Incorrect": 775, "Partial": 0, "Missed": 2956, "Spurious": 3606, "Possible": 12466, "Actual": 13116, "Precision": 0.6955724760293288, "Recall": 0.7112521150592217, "F1": 0.7014156796390298}}, "Predicates": {"Ent_type": {"Correct": 7768, "Incorrect": 1, "Partial": 0, "Missed": 4375, "Spurious": 4513, "Possible": 12144, "Actual": 12282, "Precision": 0.6124153976311336, "Recall": 0.6297800338409475, "F1": 0.6185250987027637}, "Partial": {"Correct": 6541, "Incorrect": 0, "Partial": 1228, "Missed": 4375, "Spurious": 4513, "Possible": 12144, "Actual": 12282, "Precision": 0.5737803158488438, "Recall": 0.584771573604061, "F1": 0.5777566271855612}, "Strict": {"Correct": 6541, "Incorrect": 1228, "Partial": 0, "Missed": 4375, "Spurious": 4513, "Possible": 12144, "Actual": 12282, "Precision": 0.5351029328821207, "Recall": 0.539678510998308, "F1": 0.5369317540891145}, "Exact": {"Correct": 6541, "Incorrect": 1228, "Partial": 0, "Missed": 4375, "Spurious": 4513, "Possible": 12144, "Actual": 12282, "Precision": 0.5351029328821207, "Recall": 0.539678510998308, "F1": 0.5369317540891145}}, "Objects": {"Ent_type": {"Correct": 7045, "Incorrect": 13, "Partial": 0, "Missed": 4814, "Spurious": 4779, "Possible": 11872, "Actual": 11837, "Precision": 0.5821708564982677, "Recall": 0.5901861252115059, "F1": 0.5845389170896785}, "Partial": {"Correct": 6584, "Incorrect": 0, "Partial": 474, "Missed": 4814, "Spurious": 4779, "Possible": 11872, "Actual": 11837, "Precision": 0.567604745790025, "Recall": 0.5726945854483926, "F1": 0.5691589114495206}, "Strict": {"Correct": 6571, "Incorrect": 487, "Partial": 0, "Missed": 4814, "Spurious": 4779, "Possible": 11872, "Actual": 11837, "Precision": 0.551684997179921, "Recall": 0.5530033840947547, "F1": 0.5521432600112803}, "Exact": {"Correct": 6584, "Incorrect": 474, "Partial": 0, "Missed": 4814, "Spurious": 4779, "Possible": 11872, "Actual": 11837, "Precision": 0.5523618161308517, "Recall": 0.5541032148900169, "F1": 0.5529610829103215}}}, "Exact_match": {"Precision": 0.16981819562848752, "Recall": 0.12773207014378962, "F1": 0.1372710531442133}}