{"Total_scores": {"Ent_type": {"Correct": 22241, "Incorrect": 69, "Partial": 0, "Missed": 7952, "Spurious": 8329, "Possible": 30262, "Actual": 30639, "Precision": 0.7050893615987955, "Recall": 0.7295461499235084, "F1": 0.7153750000919812}, "Partial": {"Correct": 20238, "Incorrect": 0, "Partial": 2072, "Missed": 7952, "Spurious": 8329, "Possible": 30262, "Actual": 30639, "Precision": 0.6808864322543567, "Recall": 0.7011524732279449, "F1": 0.6893134595021387}, "Strict": {"Correct": 20174, "Incorrect": 2136, "Partial": 0, "Missed": 7952, "Spurious": 8329, "Possible": 30262, "Actual": 30639, "Precision": 0.6512780975045126, "Recall": 0.6672004079551249, "F1": 0.657974727974728}, "Exact": {"Correct": 20238, "Incorrect": 2072, "Partial": 0, "Missed": 7952, "Spurious": 8329, "Possible": 30262, "Actual": 30639, "Precision": 0.6538873104910841, "Recall": 0.6698691143974163, "F1": 0.6605147342883192}}, "Scores_per_tag": {"Subjects": {"Ent_type": {"Correct": 8220, "Incorrect": 49, "Partial": 0, "Missed": 2191, "Spurious": 2614, "Possible": 10460, "Actual": 10883, "Precision": 0.7446200917899031, "Recall": 0.7703212646608874, "F1": 0.7546761856195818}, "Partial": {"Correct": 7519, "Incorrect": 0, "Partial": 750, "Missed": 2191, "Spurious": 2614, "Possible": 10460, "Actual": 10883, "Precision": 0.7345147033826279, "Recall": 0.7540795512493625, "F1": 0.742158762536121}, "Strict": {"Correct": 7472, "Incorrect": 797, "Partial": 0, "Missed": 2191, "Spurious": 2614, "Possible": 10460, "Actual": 10883, "Precision": 0.7167091619921808, "Recall": 0.7280469148393677, "F1": 0.7212442631310556}, "Exact": {"Correct": 7519, "Incorrect": 750, "Partial": 0, "Missed": 2191, "Spurious": 2614, "Possible": 10460, "Actual": 10883, "Precision": 0.7204827468978412, "Recall": 0.7328403875573687, "F1": 0.7253578106408295}}, "Predicates": {"Ent_type": {"Correct": 7380, "Incorrect": 2, "Partial": 0, "Missed": 2580, "Spurious": 2702, "Possible": 9962, "Actual": 10084, "Precision": 0.7166241713411525, "Recall": 0.7366649668536461, "F1": 0.7232670406255312}, "Partial": {"Correct": 6412, "Incorrect": 0, "Partial": 970, "Missed": 2580, "Spurious": 2702, "Possible": 9962, "Actual": 10084, "Precision": 0.6800016998130206, "Recall": 0.69140744518103, "F1": 0.6838704742478328}, "Strict": {"Correct": 6412, "Incorrect": 970, "Partial": 0, "Missed": 2580, "Spurious": 2702, "Possible": 9962, "Actual": 10084, "Precision": 0.6432262451130376, "Recall": 0.6459459459459459, "F1": 0.6443039265680776}, "Exact": {"Correct": 6412, "Incorrect": 970, "Partial": 0, "Missed": 2580, "Spurious": 2702, "Possible": 9962, "Actual": 10084, "Precision": 0.6432262451130376, "Recall": 0.6459459459459459, "F1": 0.6443039265680776}}, "Objects": {"Ent_type": {"Correct": 6641, "Incorrect": 18, "Partial": 0, "Missed": 3181, "Spurious": 3013, "Possible": 9840, "Actual": 9672, "Precision": 0.6663446735144848, "Recall": 0.6718001019887813, "F1": 0.6679995629052233}, "Partial": {"Correct": 6307, "Incorrect": 0, "Partial": 352, "Missed": 3181, "Spurious": 3013, "Possible": 9840, "Actual": 9672, "Precision": 0.6530389014351279, "Recall": 0.657062723100459, "F1": 0.654309147422355}, "Strict": {"Correct": 6290, "Incorrect": 369, "Partial": 0, "Missed": 3181, "Spurious": 3013, "Possible": 9840, "Actual": 9672, "Precision": 0.6375403705592385, "Recall": 0.6387557368689444, "F1": 0.637967023627401}, "Exact": {"Correct": 6307, "Incorrect": 352, "Partial": 0, "Missed": 3181, "Spurious": 3013, "Possible": 9840, "Actual": 9672, "Precision": 0.6386112527621962, "Recall": 0.6404895461499235, "F1": 0.6392588815230325}}}, "Exact_match": {"Precision": 0.18341188153943175, "Recall": 0.1375665532114016, "F1": 0.14728911482594068}}