{"Total_scores": {"Ent_type": {"Correct": 22122, "Incorrect": 316, "Partial": 0, "Missed": 11875, "Spurious": 11161, "Possible": 34313, "Actual": 33599, "Precision": 0.6259642552526249, "Recall": 0.6433365787455007, "F1": 0.6327743586638966}, "Partial": {"Correct": 20287, "Incorrect": 0, "Partial": 2151, "Missed": 11875, "Spurious": 11161, "Possible": 34313, "Actual": 33599, "Precision": 0.6124928252251672, "Recall": 0.6232297751814481, "F1": 0.6160250080656348}, "Strict": {"Correct": 19992, "Incorrect": 2446, "Partial": 0, "Missed": 11875, "Spurious": 11161, "Possible": 34313, "Actual": 33599, "Precision": 0.5748917557334976, "Recall": 0.5839160323361067, "F1": 0.5784325949222391}, "Exact": {"Correct": 20287, "Incorrect": 2151, "Partial": 0, "Missed": 11875, "Spurious": 11161, "Possible": 34313, "Actual": 33599, "Precision": 0.5865826154726845, "Recall": 0.5931949607600165, "F1": 0.5885190128020718}}, "Scores_per_tag": {"Subjects": {"Ent_type": {"Correct": 7781, "Incorrect": 131, "Partial": 0, "Missed": 3463, "Spurious": 2978, "Possible": 11375, "Actual": 10890, "Precision": 0.674086859031097, "Recall": 0.6805629314922995, "F1": 0.6764265061662831}, "Partial": {"Correct": 7543, "Incorrect": 0, "Partial": 369, "Missed": 3463, "Spurious": 2978, "Possible": 11375, "Actual": 10890, "Precision": 0.6726633032395114, "Recall": 0.6778633386440078, "F1": 0.6745323656104325}, "Strict": {"Correct": 7420, "Incorrect": 492, "Partial": 0, "Missed": 3463, "Spurious": 2978, "Possible": 11375, "Actual": 10890, "Precision": 0.6513247182392163, "Recall": 0.6526818906001062, "F1": 0.6518675871835723}, "Exact": {"Correct": 7543, "Incorrect": 369, "Partial": 0, "Missed": 3463, "Spurious": 2978, "Possible": 11375, "Actual": 10890, "Precision": 0.6609724435003246, "Recall": 0.6635687732342007, "F1": 0.6619283649023426}}, "Predicates": {"Ent_type": {"Correct": 7901, "Incorrect": 12, "Partial": 0, "Missed": 3722, "Spurious": 3794, "Possible": 11635, "Actual": 11707, "Precision": 0.6430931728329498, "Recall": 0.6694990263763498, "F1": 0.6521213194075648}, "Partial": {"Correct": 6607, "Incorrect": 0, "Partial": 1306, "Missed": 3722, "Spurious": 3794, "Possible": 11635, "Actual": 11707, "Precision": 0.6042588658759662, "Recall": 0.6202203929899097, "F1": 0.6098572018646368}, "Strict": {"Correct": 6606, "Incorrect": 1307, "Partial": 0, "Missed": 3722, "Spurious": 3794, "Possible": 11635, "Actual": 11707, "Precision": 0.5648049802324895, "Recall": 0.5697911134714109, "F1": 0.5667964831533605}, "Exact": {"Correct": 6607, "Incorrect": 1306, "Partial": 0, "Missed": 3722, "Spurious": 3794, "Possible": 11635, "Actual": 11707, "Precision": 0.5648492358529533, "Recall": 0.5698796247123384, "F1": 0.5668554906473122}}, "Objects": {"Ent_type": {"Correct": 6440, "Incorrect": 173, "Partial": 0, "Missed": 4690, "Spurious": 4389, "Possible": 11303, "Actual": 11002, "Precision": 0.5558633779823371, "Recall": 0.5670915206231192, "F1": 0.5594930413305347}, "Partial": {"Correct": 6137, "Incorrect": 0, "Partial": 476, "Missed": 4690, "Spurious": 4389, "Possible": 11303, "Actual": 11002, "Precision": 0.5546901123109301, "Recall": 0.562068507700478, "F1": 0.5571028163433899}, "Strict": {"Correct": 5966, "Incorrect": 647, "Partial": 0, "Missed": 4690, "Spurious": 4389, "Possible": 11303, "Actual": 11002, "Precision": 0.526034106331504, "Recall": 0.5265976278987431, "F1": 0.5262414755245345}, "Exact": {"Correct": 6137, "Incorrect": 476, "Partial": 0, "Missed": 4690, "Spurious": 4389, "Possible": 11303, "Actual": 11002, "Precision": 0.539709093054818, "Recall": 0.5417330500973624, "F1": 0.5404032740729501}}}, "Exact_match": {"Precision": 0.17384206650029396, "Recall": 0.12405550740509916, "F1": 0.13420659542187857}}