{"Total_scores": {"Ent_type": {"Correct": 787, "Incorrect": 37, "Partial": 0, "Missed": 7477, "Spurious": 79471, "Possible": 8301, "Actual": 80295, "Precision": 0.049172022137383795, "Recall": 0.048744094282264075, "F1": 0.04876829864468908}, "Partial": {"Correct": 813, "Incorrect": 0, "Partial": 11, "Missed": 7477, "Spurious": 79471, "Possible": 8301, "Actual": 80295, "Precision": 0.051300366026450016, "Recall": 0.05117208517865538, "F1": 0.05109934478576375}, "Exact": {"Correct": 813, "Incorrect": 11, "Partial": 0, "Missed": 7477, "Spurious": 79471, "Possible": 8301, "Actual": 80295, "Precision": 0.05076390287504699, "Recall": 0.050886470007517545, "F1": 0.0507669622181823}, "Strict": {"Correct": 777, "Incorrect": 47, "Partial": 0, "Missed": 7477, "Spurious": 79471, "Possible": 8301, "Actual": 80295, "Precision": 0.04813532771863572, "Recall": 0.04820909582404638, "F1": 0.04813976539358413}}, "Scores_per_tag": {"Subjects": {"Ent_type": {"Correct": 470, "Incorrect": 15, "Partial": 0, "Missed": 2285, "Spurious": 26310, "Possible": 2770, "Actual": 26795, "Precision": 0.08199546613617757, "Recall": 0.08235855586790745, "F1": 0.08207548463756517}, "Partial": {"Correct": 476, "Incorrect": 0, "Partial": 9, "Missed": 2285, "Spurious": 26310, "Possible": 2770, "Actual": 26795, "Precision": 0.08452641891759288, "Recall": 0.08536449473323576, "F1": 0.08478588853113281}, "Exact": {"Correct": 476, "Incorrect": 9, "Partial": 0, "Missed": 2285, "Spurious": 26310, "Possible": 2770, "Actual": 26795, "Precision": 0.0840187870952062, "Recall": 0.08468456873878619, "F1": 0.08424194773557314}, "Strict": {"Correct": 461, "Incorrect": 24, "Partial": 0, "Missed": 2285, "Spurious": 26310, "Possible": 2770, "Actual": 26795, "Precision": 0.08098020249140421, "Recall": 0.08099870387900827, "F1": 0.08098760304644584}}, "Predicates": {"Ent_type": {"Correct": 16, "Incorrect": 0, "Partial": 0, "Missed": 2749, "Spurious": 26736, "Possible": 2765, "Actual": 26752, "Precision": 0.0037342995169082124, "Recall": 0.0037342995169082124, "F1": 0.0037342995169082124}, "Partial": {"Correct": 16, "Incorrect": 0, "Partial": 0, "Missed": 2749, "Spurious": 26736, "Possible": 2765, "Actual": 26752, "Precision": 0.0037342995169082124, "Recall": 0.0037342995169082124, "F1": 0.0037342995169082124}, "Exact": {"Correct": 16, "Incorrect": 0, "Partial": 0, "Missed": 2749, "Spurious": 26736, "Possible": 2765, "Actual": 26752, "Precision": 0.0037342995169082124, "Recall": 0.0037342995169082124, "F1": 0.0037342995169082124}, "Strict": {"Correct": 16, "Incorrect": 0, "Partial": 0, "Missed": 2749, "Spurious": 26736, "Possible": 2765, "Actual": 26752, "Precision": 0.0037342995169082124, "Recall": 0.0037342995169082124, "F1": 0.0037342995169082124}}, "Objects": {"Ent_type": {"Correct": 301, "Incorrect": 22, "Partial": 0, "Missed": 2443, "Spurious": 26425, "Possible": 2766, "Actual": 26748, "Precision": 0.05964914069046871, "Recall": 0.05964914069046871, "F1": 0.05964914069046871}, "Partial": {"Correct": 321, "Incorrect": 0, "Partial": 2, "Missed": 2443, "Spurious": 26425, "Possible": 2766, "Actual": 26748, "Precision": 0.06271962942227684, "Recall": 0.06345192012023476, "F1": 0.06296372632159615}, "Exact": {"Correct": 321, "Incorrect": 2, "Partial": 0, "Missed": 2443, "Spurious": 26425, "Possible": 2766, "Actual": 26748, "Precision": 0.06257470188604496, "Recall": 0.06330699258400287, "F1": 0.06281879878536425}, "Strict": {"Correct": 300, "Incorrect": 23, "Partial": 0, "Missed": 2443, "Spurious": 26425, "Possible": 2766, "Actual": 26748, "Precision": 0.059431749386120884, "Recall": 0.059431749386120884, "F1": 0.059431749386120884}}}, "Exact_match": {"Precision": 0.0011386927806877705, "Recall": 0.0011386927806877705, "F1": 0.0011386927806877705}}