{"Total_scores": {"Ent_type": {"Correct": 7376, "Incorrect": 1773, "Partial": 0, "Missed": 44735, "Spurious": 22407, "Possible": 53884, "Actual": 31556, "Precision": 0.15620954771533366, "Recall": 0.1321893511220669, "F1": 0.13318832430346247}, "Partial": {"Correct": 2986, "Incorrect": 0, "Partial": 6163, "Missed": 44735, "Spurious": 22407, "Possible": 53884, "Actual": 31556, "Precision": 0.12237485565948227, "Recall": 0.11089672752136998, "F1": 0.10988517874745286}, "Exact": {"Correct": 2986, "Incorrect": 6163, "Partial": 0, "Missed": 44735, "Spurious": 22407, "Possible": 53884, "Actual": 31556, "Precision": 0.054194308392527125, "Recall": 0.05515877208803666, "F1": 0.05397264243754901}, "Strict": {"Correct": 2240, "Incorrect": 6909, "Partial": 0, "Missed": 44735, "Spurious": 22407, "Possible": 53884, "Actual": 31556, "Precision": 0.03915432789835473, "Recall": 0.04082131234764257, "F1": 0.03954344302220444}}, "Scores_per_tag": {"Subjects": {"Ent_type": {"Correct": 4795, "Incorrect": 878, "Partial": 0, "Missed": 12367, "Spurious": 6440, "Possible": 18040, "Actual": 12113, "Precision": 0.2357717323380511, "Recall": 0.2548117708895976, "F1": 0.24097774577086753}, "Partial": {"Correct": 1802, "Incorrect": 0, "Partial": 3871, "Missed": 12367, "Spurious": 6440, "Possible": 18040, "Actual": 12113, "Precision": 0.17511468366367192, "Recall": 0.20048433415432618, "F1": 0.18302792302640236}, "Exact": {"Correct": 1802, "Incorrect": 3871, "Partial": 0, "Missed": 12367, "Spurious": 6440, "Possible": 18040, "Actual": 12113, "Precision": 0.08449194722602471, "Recall": 0.09764013020310842, "F1": 0.0889213708221352}, "Strict": {"Correct": 1204, "Incorrect": 4469, "Partial": 0, "Missed": 12367, "Spurious": 6440, "Possible": 18040, "Actual": 12113, "Precision": 0.06363886188470431, "Recall": 0.06491208489737563, "F1": 0.06409576321941143}}, "Predicates": {"Ent_type": {"Correct": 560, "Incorrect": 315, "Partial": 0, "Missed": 17033, "Spurious": 9228, "Possible": 17908, "Actual": 10103, "Precision": 0.014331358112853868, "Recall": 0.03116077116876071, "F1": 0.018009878154747288}, "Partial": {"Correct": 37, "Incorrect": 0, "Partial": 838, "Missed": 17033, "Spurious": 9228, "Possible": 17908, "Actual": 10103, "Precision": 0.01490892254802901, "Recall": 0.02635328415099601, "F1": 0.01775236320640079}, "Exact": {"Correct": 37, "Incorrect": 838, "Partial": 0, "Missed": 17033, "Spurious": 9228, "Possible": 17908, "Actual": 10103, "Precision": 0.001915036682333073, "Recall": 0.002214451985652538, "F1": 0.0020067453385301326}, "Strict": {"Correct": 33, "Incorrect": 842, "Partial": 0, "Missed": 17033, "Spurious": 9228, "Possible": 17908, "Actual": 10103, "Precision": 0.0018209403122869706, "Recall": 0.0020733074305833844, "F1": 0.0018938296944748098}}, "Objects": {"Ent_type": {"Correct": 2021, "Incorrect": 580, "Partial": 0, "Missed": 15335, "Spurious": 6739, "Possible": 17936, "Actual": 9340, "Precision": 0.09837090424645618, "Recall": 0.10538575572270588, "F1": 0.10034325476158107}, "Partial": {"Correct": 1147, "Incorrect": 0, "Partial": 1454, "Missed": 15335, "Spurious": 6739, "Possible": 17936, "Actual": 9340, "Precision": 0.09147282403323782, "Recall": 0.10000934471553745, "F1": 0.09412614823358055}, "Exact": {"Correct": 1147, "Incorrect": 1454, "Partial": 0, "Missed": 15335, "Spurious": 6739, "Possible": 17936, "Actual": 9340, "Precision": 0.058708754061228066, "Recall": 0.061621722144611354, "F1": 0.0597118010082315}, "Strict": {"Correct": 1003, "Incorrect": 1598, "Partial": 0, "Missed": 15335, "Spurious": 6739, "Possible": 17936, "Actual": 9340, "Precision": 0.051800751233776136, "Recall": 0.05277681017528378, "F1": 0.05215412394233372}}}, "Exact_match": {"Precision": 0.00011138751717224223, "Recall": 0.00011138751717224223, "F1": 0.00011138751717224223}}