{"Total_scores": {"Ent_type": {"Correct": 1474, "Incorrect": 757, "Partial": 0, "Missed": 6060, "Spurious": 9271, "Possible": 8291, "Actual": 11502, "Precision": 0.1812543619101719, "Recall": 0.14159397691024472, "F1": 0.15171720337542197}, "Partial": {"Correct": 1719, "Incorrect": 0, "Partial": 512, "Missed": 6060, "Spurious": 9271, "Possible": 8291, "Actual": 11502, "Precision": 0.22341775978358705, "Recall": 0.18700024940826213, "F1": 0.1964639390668402}, "Strict": {"Correct": 1243, "Incorrect": 988, "Partial": 0, "Missed": 6060, "Spurious": 9271, "Possible": 8291, "Actual": 11502, "Precision": 0.12197483121371924, "Recall": 0.12042166497577039, "F1": 0.12100152360345512}, "Exact": {"Correct": 1719, "Incorrect": 512, "Partial": 0, "Missed": 6060, "Spurious": 9271, "Possible": 8291, "Actual": 11502, "Precision": 0.17173321735254016, "Recall": 0.16871639802050345, "F1": 0.1698161985621518}}, "Scores_per_tag": {"Subjects": {"Ent_type": {"Correct": 807, "Incorrect": 53, "Partial": 0, "Missed": 1901, "Spurious": 2864, "Possible": 2761, "Actual": 3724, "Precision": 0.1665288686785173, "Recall": 0.166597767672592, "F1": 0.16655642827614717}, "Partial": {"Correct": 636, "Incorrect": 0, "Partial": 224, "Missed": 1901, "Spurious": 2864, "Possible": 2761, "Actual": 3724, "Precision": 0.15249069863579992, "Recall": 0.1544543199669285, "F1": 0.15314868402921317}, "Strict": {"Correct": 586, "Incorrect": 274, "Partial": 0, "Missed": 1901, "Spurious": 2864, "Possible": 2761, "Actual": 3724, "Precision": 0.12098663359514951, "Recall": 0.12102108309218686, "F1": 0.12100041339396445}, "Exact": {"Correct": 636, "Incorrect": 224, "Partial": 0, "Missed": 1901, "Spurious": 2864, "Possible": 2761, "Actual": 3724, "Precision": 0.12956455835744798, "Recall": 0.13135593220338984, "F1": 0.13016397960589776}}, "Predicates": {"Ent_type": {"Correct": 205, "Incorrect": 147, "Partial": 0, "Missed": 2413, "Spurious": 3388, "Possible": 2765, "Actual": 3740, "Precision": 0.0423728813559322, "Recall": 0.0423728813559322, "F1": 0.0423728813559322}, "Partial": {"Correct": 293, "Incorrect": 0, "Partial": 59, "Missed": 2413, "Spurious": 3388, "Possible": 2765, "Actual": 3740, "Precision": 0.058701942951632904, "Recall": 0.0666597767672592, "F1": 0.061354554223508335}, "Strict": {"Correct": 204, "Incorrect": 148, "Partial": 0, "Missed": 2413, "Spurious": 3388, "Possible": 2765, "Actual": 3740, "Precision": 0.04216618437370814, "Recall": 0.04216618437370814, "F1": 0.04216618437370814}, "Exact": {"Correct": 293, "Incorrect": 59, "Partial": 0, "Missed": 2413, "Spurious": 3388, "Possible": 2765, "Actual": 3740, "Precision": 0.05260438197602315, "Recall": 0.06056221579164944, "F1": 0.05525699324789858}}, "Objects": {"Ent_type": {"Correct": 462, "Incorrect": 557, "Partial": 0, "Missed": 1746, "Spurious": 3019, "Possible": 2765, "Actual": 4038, "Precision": 0.0954940057875155, "Recall": 0.0954940057875155, "F1": 0.0954940057875155}, "Partial": {"Correct": 790, "Incorrect": 0, "Partial": 229, "Missed": 1746, "Spurious": 3019, "Possible": 2765, "Actual": 4038, "Precision": 0.15822653989251756, "Recall": 0.18695742042166186, "F1": 0.167803500068899}, "Strict": {"Correct": 453, "Incorrect": 566, "Partial": 0, "Missed": 1746, "Spurious": 3019, "Possible": 2765, "Actual": 4038, "Precision": 0.09363373294749897, "Recall": 0.09363373294749897, "F1": 0.09363373294749897}, "Exact": {"Correct": 790, "Incorrect": 229, "Partial": 0, "Missed": 1746, "Spurious": 3019, "Possible": 2765, "Actual": 4038, "Precision": 0.13486978090119883, "Recall": 0.16329061595700703, "F1": 0.14434339258646822}}}, "Exact_match": {"Precision": 0.009839707982859864, "Recall": 0.009839707982859864, "F1": 0.009839707982859864}}