{"Total_scores": {"Ent_type": {"Correct": 22358, "Incorrect": 92, "Partial": 0, "Missed": 7761, "Spurious": 7329, "Possible": 30211, "Actual": 29779, "Precision": 0.7146648690849683, "Recall": 0.7389552339506797, "F1": 0.7244605173863345}, "Partial": {"Correct": 20523, "Incorrect": 0, "Partial": 1927, "Missed": 7761, "Spurious": 7329, "Possible": 30211, "Actual": 29779, "Precision": 0.6928091712007813, "Recall": 0.7132855986236211, "F1": 0.7009417990391575}, "Strict": {"Correct": 20433, "Incorrect": 2017, "Partial": 0, "Missed": 7761, "Spurious": 7329, "Possible": 30211, "Actual": 29779, "Precision": 0.6655086802794524, "Recall": 0.6791147994467497, "F1": 0.6711394161955846}, "Exact": {"Correct": 20523, "Incorrect": 1927, "Partial": 0, "Missed": 7761, "Spurious": 7329, "Possible": 30211, "Actual": 29779, "Precision": 0.6681973420208417, "Recall": 0.6833147792058833, "F1": 0.6742407667111644}}, "Scores_per_tag": {"Subjects": {"Ent_type": {"Correct": 7750, "Incorrect": 32, "Partial": 0, "Missed": 2290, "Spurious": 2109, "Possible": 10072, "Actual": 9891, "Precision": 0.741608474176028, "Recall": 0.759538508248153, "F1": 0.7481361535607057}, "Partial": {"Correct": 7305, "Incorrect": 0, "Partial": 477, "Missed": 2290, "Spurious": 2109, "Possible": 10072, "Actual": 9891, "Precision": 0.7329976723003745, "Recall": 0.7448385790911851, "F1": 0.7373578922511217}, "Strict": {"Correct": 7273, "Incorrect": 509, "Partial": 0, "Missed": 2290, "Spurious": 2109, "Possible": 10072, "Actual": 9891, "Precision": 0.7195290625105422, "Recall": 0.7236615727153122, "F1": 0.7211820665924502}, "Exact": {"Correct": 7305, "Incorrect": 477, "Partial": 0, "Missed": 2290, "Spurious": 2109, "Possible": 10072, "Actual": 9891, "Precision": 0.7219579664676314, "Recall": 0.7269001113247647, "F1": 0.7238808487669939}}, "Predicates": {"Ent_type": {"Correct": 7340, "Incorrect": 2, "Partial": 0, "Missed": 2724, "Spurious": 2678, "Possible": 10066, "Actual": 10020, "Precision": 0.6998785548021456, "Recall": 0.7241169922072664, "F1": 0.7077488783186587}, "Partial": {"Correct": 6586, "Incorrect": 0, "Partial": 756, "Missed": 2724, "Spurious": 2678, "Possible": 10066, "Actual": 10020, "Precision": 0.6769979421785919, "Recall": 0.6907448638801741, "F1": 0.6815774381810208}, "Strict": {"Correct": 6586, "Incorrect": 756, "Partial": 0, "Missed": 2724, "Spurious": 2678, "Possible": 10066, "Actual": 10020, "Precision": 0.654016125223493, "Recall": 0.6571703268899909, "F1": 0.6552710589346558}, "Exact": {"Correct": 6586, "Incorrect": 756, "Partial": 0, "Missed": 2724, "Spurious": 2678, "Possible": 10066, "Actual": 10020, "Precision": 0.654016125223493, "Recall": 0.6571703268899909, "F1": 0.6552710589346558}}, "Objects": {"Ent_type": {"Correct": 7268, "Incorrect": 58, "Partial": 0, "Missed": 2747, "Spurious": 2542, "Possible": 10073, "Actual": 9868, "Precision": 0.7002674685905128, "Recall": 0.7143001720473636, "F1": 0.705023831210452}, "Partial": {"Correct": 6632, "Incorrect": 0, "Partial": 694, "Missed": 2747, "Spurious": 2542, "Possible": 10073, "Actual": 9868, "Precision": 0.6787357651288427, "Recall": 0.6903653476368788, "F1": 0.6827618903041431}, "Strict": {"Correct": 6574, "Incorrect": 752, "Partial": 0, "Missed": 2747, "Spurious": 2542, "Possible": 10073, "Actual": 9868, "Precision": 0.6510305974429039, "Recall": 0.6546908207671288, "F1": 0.6524710724285666}, "Exact": {"Correct": 6632, "Incorrect": 694, "Partial": 0, "Missed": 2747, "Spurious": 2542, "Possible": 10073, "Actual": 9868, "Precision": 0.6541173295550383, "Recall": 0.6605606719967615, "F1": 0.6564855109132004}}}, "Exact_match": {"Precision": 0.20668924789182333, "Recall": 0.1449030265095151, "F1": 0.15856402510153705}}