{"Total_scores": {"Ent_type": {"Correct": 25771, "Incorrect": 318, "Partial": 0, "Missed": 15833, "Spurious": 16648, "Possible": 41922, "Actual": 42737, "Precision": 0.5889647201406777, "Recall": 0.610249049107251, "F1": 0.5977735313115791}, "Partial": {"Correct": 23181, "Incorrect": 0, "Partial": 2908, "Missed": 15833, "Spurious": 16648, "Possible": 41922, "Actual": 42737, "Precision": 0.5693083063458817, "Recall": 0.5866493446713666, "F1": 0.5763539583221245}, "Strict": {"Correct": 22899, "Incorrect": 3190, "Partial": 0, "Missed": 15833, "Spurious": 16648, "Possible": 41922, "Actual": 42737, "Precision": 0.5341977655554223, "Recall": 0.5454732659834775, "F1": 0.5388832465109811}, "Exact": {"Correct": 23181, "Incorrect": 2908, "Partial": 0, "Missed": 15833, "Spurious": 16648, "Possible": 41922, "Actual": 42737, "Precision": 0.5413312781653504, "Recall": 0.5538193182644088, "F1": 0.5464121713013348}}, "Scores_per_tag": {"Subjects": {"Ent_type": {"Correct": 8897, "Incorrect": 79, "Partial": 0, "Missed": 4864, "Spurious": 4691, "Possible": 13840, "Actual": 13667, "Precision": 0.6284734840225792, "Recall": 0.6339123482811251, "F1": 0.630569082055382}, "Partial": {"Correct": 8733, "Incorrect": 0, "Partial": 243, "Missed": 4864, "Spurious": 4691, "Possible": 13840, "Actual": 13667, "Precision": 0.6288065993168108, "Recall": 0.6340031979068246, "F1": 0.630750781306781}, "Strict": {"Correct": 8658, "Incorrect": 318, "Partial": 0, "Missed": 4864, "Spurious": 4691, "Possible": 13840, "Actual": 13667, "Precision": 0.6207815490466846, "Recall": 0.6229013736463406, "F1": 0.621629478886547}, "Exact": {"Correct": 8733, "Incorrect": 243, "Partial": 0, "Missed": 4864, "Spurious": 4691, "Possible": 13840, "Actual": 13667, "Precision": 0.6248516122780241, "Recall": 0.6283523511883131, "F1": 0.6261598468880974}}, "Predicates": {"Ent_type": {"Correct": 9621, "Incorrect": 9, "Partial": 0, "Missed": 4691, "Spurious": 5729, "Possible": 14321, "Actual": 15359, "Precision": 0.6136831649586937, "Recall": 0.6584054073697216, "F1": 0.6292293529083993}, "Partial": {"Correct": 7385, "Incorrect": 0, "Partial": 2245, "Missed": 4691, "Spurious": 5729, "Possible": 14321, "Actual": 15359, "Precision": 0.5616990091334157, "Recall": 0.587688058725198, "F1": 0.5709026818809506}, "Strict": {"Correct": 7384, "Incorrect": 2246, "Partial": 0, "Missed": 4691, "Spurious": 5729, "Possible": 14321, "Actual": 15359, "Precision": 0.5093514548053395, "Recall": 0.5162439130750781, "F1": 0.5120914795164377}, "Exact": {"Correct": 7385, "Incorrect": 2245, "Partial": 0, "Missed": 4691, "Spurious": 5729, "Possible": 14321, "Actual": 15359, "Precision": 0.5093877946556193, "Recall": 0.5163165927756378, "F1": 0.5121399326501441}}, "Objects": {"Ent_type": {"Correct": 7253, "Incorrect": 230, "Partial": 0, "Missed": 6278, "Spurious": 6228, "Possible": 13761, "Actual": 13711, "Precision": 0.5179139310834928, "Recall": 0.5242386801366379, "F1": 0.5198574785681407}, "Partial": {"Correct": 7063, "Incorrect": 0, "Partial": 420, "Missed": 6278, "Spurious": 6228, "Possible": 13761, "Actual": 13711, "Precision": 0.5168869265369738, "Recall": 0.5264190711534269, "F1": 0.5199891672636785}, "Strict": {"Correct": 6857, "Incorrect": 626, "Partial": 0, "Missed": 6278, "Spurious": 6228, "Possible": 13761, "Actual": 13711, "Precision": 0.4963090825399133, "Recall": 0.4969111127262156, "F1": 0.49652417984418856}, "Exact": {"Correct": 7063, "Incorrect": 420, "Partial": 0, "Missed": 6278, "Spurious": 6228, "Possible": 13761, "Actual": 13711, "Precision": 0.5052123458584684, "Recall": 0.5118831310415001, "F1": 0.5074503614949868}}}, "Exact_match": {"Precision": 0.14376492544226377, "Recall": 0.10619767204092974, "F1": 0.11347407844434833}}