{"Total_scores": {"Ent_type": {"Correct": 17784, "Incorrect": 218, "Partial": 0, "Missed": 7633, "Spurious": 7299, "Possible": 25635, "Actual": 25301, "Precision": 0.6724814890292778, "Recall": 0.6881300523062291, "F1": 0.6786305072325044}, "Partial": {"Correct": 16643, "Incorrect": 0, "Partial": 1359, "Missed": 7633, "Spurious": 7299, "Possible": 25635, "Actual": 25301, "Precision": 0.6606605548385149, "Recall": 0.6764007766682517, "F1": 0.6668305782160989}, "Strict": {"Correct": 16448, "Incorrect": 1554, "Partial": 0, "Missed": 7633, "Spurious": 7299, "Possible": 25635, "Actual": 25301, "Precision": 0.6315884714957468, "Recall": 0.6411138849262957, "F1": 0.6353852446755442}, "Exact": {"Correct": 16643, "Incorrect": 1359, "Partial": 0, "Missed": 7633, "Spurious": 7299, "Possible": 25635, "Actual": 25301, "Precision": 0.6396404607174935, "Recall": 0.6522586780789349, "F1": 0.6446302574690592}}, "Scores_per_tag": {"Subjects": {"Ent_type": {"Correct": 6574, "Incorrect": 36, "Partial": 0, "Missed": 1959, "Spurious": 1895, "Possible": 8569, "Actual": 8505, "Precision": 0.729176573149469, "Recall": 0.7431050879695673, "F1": 0.7346726898082105}, "Partial": {"Correct": 6253, "Incorrect": 0, "Partial": 357, "Missed": 1959, "Spurious": 1895, "Possible": 8569, "Actual": 8505, "Precision": 0.7242332382310984, "Recall": 0.735764384213029, "F1": 0.7287169123474402}, "Strict": {"Correct": 6217, "Incorrect": 393, "Partial": 0, "Missed": 1959, "Spurious": 1895, "Possible": 8569, "Actual": 8505, "Precision": 0.7134648914249485, "Recall": 0.7198644793152639, "F1": 0.7160247265810746}, "Exact": {"Correct": 6253, "Incorrect": 357, "Partial": 0, "Missed": 1959, "Spurious": 1895, "Possible": 8569, "Actual": 8505, "Precision": 0.7163773973688382, "Recall": 0.7241440798858774, "F1": 0.7193929307338722}}, "Predicates": {"Ent_type": {"Correct": 5808, "Incorrect": 34, "Partial": 0, "Missed": 2742, "Spurious": 2619, "Possible": 8584, "Actual": 8461, "Precision": 0.6515790933586939, "Recall": 0.670114122681883, "F1": 0.6579965129180536}, "Partial": {"Correct": 5272, "Incorrect": 0, "Partial": 570, "Missed": 2742, "Spurious": 2619, "Possible": 8584, "Actual": 8461, "Precision": 0.6330836899667143, "Recall": 0.6452686638135996, "F1": 0.6373791409098114}, "Strict": {"Correct": 5260, "Incorrect": 582, "Partial": 0, "Missed": 2742, "Spurious": 2619, "Possible": 8584, "Actual": 8461, "Precision": 0.6117352195276589, "Recall": 0.6151331431288636, "F1": 0.6130924076715802}, "Exact": {"Correct": 5272, "Incorrect": 570, "Partial": 0, "Missed": 2742, "Spurious": 2619, "Possible": 8584, "Actual": 8461, "Precision": 0.6124286733238231, "Recall": 0.6165002377555873, "F1": 0.614011729275638}}, "Objects": {"Ent_type": {"Correct": 5402, "Incorrect": 148, "Partial": 0, "Missed": 2932, "Spurious": 2785, "Possible": 8482, "Actual": 8335, "Precision": 0.6198279668500781, "Recall": 0.6304089396100808, "F1": 0.623167300681566}, "Partial": {"Correct": 5118, "Incorrect": 0, "Partial": 432, "Missed": 2932, "Spurious": 2785, "Possible": 8482, "Actual": 8335, "Precision": 0.6103627470959854, "Recall": 0.6252674750356634, "F1": 0.6152807497226185}, "Strict": {"Correct": 4971, "Incorrect": 579, "Partial": 0, "Missed": 2932, "Spurious": 2785, "Possible": 8482, "Actual": 8335, "Precision": 0.5827686638135996, "Recall": 0.5850570613409415, "F1": 0.5836186400380409}, "Exact": {"Correct": 5118, "Incorrect": 432, "Partial": 0, "Missed": 2932, "Spurious": 2785, "Possible": 8482, "Actual": 8335, "Precision": 0.5918033761293391, "Recall": 0.6025320970042796, "F1": 0.5954667934696465}}}, "Exact_match": {"Precision": 0.15775942420185204, "Recall": 0.1149326816951568, "F1": 0.12487146517758452}}