{"Total_scores": {"Ent_type": {"Correct": 2869, "Incorrect": 1322, "Partial": 0, "Missed": 15637, "Spurious": 12205, "Possible": 19828, "Actual": 16396, "Precision": 0.14663557582404052, "Recall": 0.14794266428666591, "F1": 0.14208663754386197}, "Partial": {"Correct": 1749, "Incorrect": 0, "Partial": 2442, "Missed": 15637, "Spurious": 12205, "Possible": 19828, "Actual": 16396, "Precision": 0.15082148540288096, "Recall": 0.16594194089001116, "F1": 0.15353070583804534}, "Strict": {"Correct": 1580, "Incorrect": 2611, "Partial": 0, "Missed": 15637, "Spurious": 12205, "Possible": 19828, "Actual": 16396, "Precision": 0.0785191662085343, "Recall": 0.08427213070962218, "F1": 0.08063088328046701}, "Exact": {"Correct": 1749, "Incorrect": 2442, "Partial": 0, "Missed": 15637, "Spurious": 12205, "Possible": 19828, "Actual": 16396, "Precision": 0.08713579916926087, "Recall": 0.09667879487836645, "F1": 0.09073011462380061}}, "Scores_per_tag": {"Subjects": {"Ent_type": {"Correct": 721, "Incorrect": 92, "Partial": 0, "Missed": 5301, "Spurious": 4889, "Possible": 6114, "Actual": 5702, "Precision": 0.08312791016159957, "Recall": 0.08942755409476856, "F1": 0.08523692139139961}, "Partial": {"Correct": 429, "Incorrect": 0, "Partial": 384, "Missed": 5301, "Spurious": 4889, "Possible": 6114, "Actual": 5702, "Precision": 0.06994658997534922, "Recall": 0.0780608052588332, "F1": 0.07269241303752397}, "Strict": {"Correct": 386, "Incorrect": 427, "Partial": 0, "Missed": 5301, "Spurious": 4889, "Possible": 6114, "Actual": 5702, "Precision": 0.04665388478042545, "Recall": 0.04820597096685839, "F1": 0.04727471925499863}, "Exact": {"Correct": 429, "Incorrect": 384, "Partial": 0, "Missed": 5301, "Spurious": 4889, "Possible": 6114, "Actual": 5702, "Precision": 0.04982653154386926, "Recall": 0.05409476855655985, "F1": 0.05133753309595544}}, "Predicates": {"Ent_type": {"Correct": 823, "Incorrect": 948, "Partial": 0, "Missed": 5228, "Spurious": 4153, "Possible": 6999, "Actual": 5924, "Precision": 0.09139179089877529, "Recall": 0.10901122980005477, "F1": 0.09604381056722881}, "Partial": {"Correct": 434, "Incorrect": 0, "Partial": 1337, "Missed": 5228, "Spurious": 4153, "Possible": 6999, "Actual": 5924, "Precision": 0.10983699834357188, "Recall": 0.14543960558751026, "F1": 0.1211566302774191}, "Strict": {"Correct": 348, "Incorrect": 1423, "Partial": 0, "Missed": 5228, "Spurious": 4153, "Possible": 6999, "Actual": 5924, "Precision": 0.04494887245503515, "Recall": 0.04580936729663106, "F1": 0.045237769169568676}, "Exact": {"Correct": 434, "Incorrect": 1337, "Partial": 0, "Missed": 5228, "Spurious": 4153, "Possible": 6999, "Actual": 5924, "Precision": 0.05028987492011321, "Recall": 0.055738153930430016, "F1": 0.052149117658567126}}, "Objects": {"Ent_type": {"Correct": 1325, "Incorrect": 282, "Partial": 0, "Missed": 5108, "Spurious": 3163, "Possible": 6715, "Actual": 4770, "Precision": 0.16622718557804836, "Recall": 0.17474664475486168, "F1": 0.16876459156656362}, "Partial": {"Correct": 886, "Incorrect": 0, "Partial": 721, "Missed": 5108, "Spurious": 3163, "Possible": 6715, "Actual": 4770, "Precision": 0.15123419901562876, "Recall": 0.16567378800328678, "F1": 0.15593346897784038}, "Strict": {"Correct": 846, "Incorrect": 761, "Partial": 0, "Missed": 5108, "Spurious": 3163, "Possible": 6715, "Actual": 4770, "Precision": 0.11138500867342281, "Recall": 0.1125034237195289, "F1": 0.11183237469186524}, "Exact": {"Correct": 886, "Incorrect": 721, "Partial": 0, "Missed": 5108, "Spurious": 3163, "Possible": 6715, "Actual": 4770, "Precision": 0.11467177942116315, "Recall": 0.1179813749657628, "F1": 0.11584953893910344}}}, "Exact_match": {"Precision": 0.0, "Recall": 0.0, "F1": 0.0}}