{"Total_scores": {"Ent_type": {"Correct": 24136, "Incorrect": 450, "Partial": 0, "Missed": 13759, "Spurious": 13390, "Possible": 38345, "Actual": 37976, "Precision": 0.6017306258051394, "Recall": 0.6226019089806465, "F1": 0.6089769026171494}, "Partial": {"Correct": 22183, "Incorrect": 0, "Partial": 2403, "Missed": 13759, "Spurious": 13390, "Possible": 38345, "Actual": 37976, "Precision": 0.5892528809235027, "Recall": 0.6090946843853821, "F1": 0.5960492242468987}, "Strict": {"Correct": 21773, "Incorrect": 2813, "Partial": 0, "Missed": 13759, "Spurious": 13390, "Possible": 38345, "Actual": 37976, "Precision": 0.5529023311059381, "Recall": 0.5648499709961504, "F1": 0.5575103305525707}, "Exact": {"Correct": 22183, "Incorrect": 2403, "Partial": 0, "Missed": 13759, "Spurious": 13390, "Possible": 38345, "Actual": 37976, "Precision": 0.564150551324258, "Recall": 0.5795826082370933, "F1": 0.5696820283199021}}, "Scores_per_tag": {"Subjects": {"Ent_type": {"Correct": 9090, "Incorrect": 157, "Partial": 0, "Missed": 3461, "Spurious": 3121, "Possible": 12708, "Actual": 12368, "Precision": 0.6817486684596319, "Recall": 0.692374624268312, "F1": 0.6858830353846965}, "Partial": {"Correct": 8786, "Incorrect": 0, "Partial": 461, "Missed": 3461, "Spurious": 3121, "Possible": 12708, "Actual": 12368, "Precision": 0.6841480778357855, "Recall": 0.6932249644043664, "F1": 0.6876179929336076}, "Strict": {"Correct": 8653, "Incorrect": 594, "Partial": 0, "Missed": 3461, "Spurious": 3121, "Possible": 12708, "Actual": 12368, "Precision": 0.6666930338026683, "Recall": 0.6711358962189526, "F1": 0.6684701787691821}, "Exact": {"Correct": 8786, "Incorrect": 461, "Partial": 0, "Missed": 3461, "Spurious": 3121, "Possible": 12708, "Actual": 12368, "Precision": 0.6757896957232505, "Recall": 0.681656383483626, "F1": 0.6780414491377946}}, "Predicates": {"Ent_type": {"Correct": 7914, "Incorrect": 20, "Partial": 0, "Missed": 5005, "Spurious": 5266, "Possible": 12939, "Actual": 13200, "Precision": 0.573672414702315, "Recall": 0.602594526182566, "F1": 0.5823720628893861}, "Partial": {"Correct": 6651, "Incorrect": 0, "Partial": 1283, "Missed": 5005, "Spurious": 5266, "Possible": 12939, "Actual": 13200, "Precision": 0.5422757475083056, "Recall": 0.5592271792437905, "F1": 0.5475533181157292}, "Strict": {"Correct": 6644, "Incorrect": 1290, "Partial": 0, "Missed": 5005, "Spurious": 5266, "Possible": 12939, "Actual": 13200, "Precision": 0.5095739070822127, "Recall": 0.5138427464008859, "F1": 0.5111894591723732}, "Exact": {"Correct": 6651, "Incorrect": 1283, "Partial": 0, "Missed": 5005, "Spurious": 5266, "Possible": 12939, "Actual": 13200, "Precision": 0.5098375784422297, "Recall": 0.5143569055529188, "F1": 0.5115375053675956}}, "Objects": {"Ent_type": {"Correct": 7132, "Incorrect": 273, "Partial": 0, "Missed": 5293, "Spurious": 5003, "Possible": 12698, "Actual": 12408, "Precision": 0.5439653159159566, "Recall": 0.5560828982755893, "F1": 0.5478339397774614}, "Partial": {"Correct": 6746, "Incorrect": 0, "Partial": 659, "Missed": 5293, "Spurious": 5003, "Possible": 12698, "Actual": 12408, "Precision": 0.5363922977829005, "Recall": 0.5536307546274324, "F1": 0.5420918367346939}, "Strict": {"Correct": 6476, "Incorrect": 929, "Partial": 0, "Missed": 5293, "Spurious": 5003, "Possible": 12698, "Actual": 12408, "Precision": 0.5067895375204345, "Recall": 0.5082265464325265, "F1": 0.5073458840900701}, "Exact": {"Correct": 6746, "Incorrect": 659, "Partial": 0, "Missed": 5293, "Spurious": 5003, "Possible": 12698, "Actual": 12408, "Precision": 0.5177450825291356, "Recall": 0.5295839265938934, "F1": 0.5217687074829932}}}, "Exact_match": {"Precision": 0.12930126983827983, "Recall": 0.08320292908058707, "F1": 0.09388358206660202}}