{"Total_scores": {"Ent_type": {"Correct": 25199, "Incorrect": 83, "Partial": 0, "Missed": 9612, "Spurious": 10379, "Possible": 34894, "Actual": 35661, "Precision": 0.6923575047297383, "Recall": 0.7197775012591473, "F1": 0.7036193608187209}, "Partial": {"Correct": 22908, "Incorrect": 0, "Partial": 2374, "Missed": 9612, "Spurious": 10379, "Possible": 34894, "Actual": 35661, "Precision": 0.6691139976270187, "Recall": 0.6921332918555387, "F1": 0.6784715079999943}, "Strict": {"Correct": 22832, "Incorrect": 2450, "Partial": 0, "Missed": 9612, "Spurious": 10379, "Possible": 34894, "Actual": 35661, "Precision": 0.6415567998893925, "Recall": 0.6580600242941368, "F1": 0.6485312769376408}, "Exact": {"Correct": 22908, "Incorrect": 2374, "Partial": 0, "Missed": 9612, "Spurious": 10379, "Possible": 34894, "Actual": 35661, "Precision": 0.6435832864239228, "Recall": 0.6611264183924391, "F1": 0.650804514025561}}, "Scores_per_tag": {"Subjects": {"Ent_type": {"Correct": 9657, "Incorrect": 24, "Partial": 0, "Missed": 2461, "Spurious": 3316, "Possible": 12142, "Actual": 12997, "Precision": 0.7340532693390217, "Recall": 0.7744200515509733, "F1": 0.7493733890320861}, "Partial": {"Correct": 8429, "Incorrect": 0, "Partial": 1252, "Missed": 2461, "Spurious": 3316, "Possible": 12142, "Actual": 12997, "Precision": 0.7144031641631855, "Recall": 0.7418896098124611, "F1": 0.7249637069297544}, "Strict": {"Correct": 8405, "Incorrect": 1276, "Partial": 0, "Missed": 2461, "Spurious": 3316, "Possible": 12142, "Actual": 12997, "Precision": 0.6911089384647291, "Recall": 0.7050928806328326, "F1": 0.6967025153319705}, "Exact": {"Correct": 8429, "Incorrect": 1252, "Partial": 0, "Missed": 2461, "Spurious": 3316, "Possible": 12142, "Actual": 12997, "Precision": 0.6929309987260391, "Recall": 0.7072260243533908, "F1": 0.6986282700796966}}, "Predicates": {"Ent_type": {"Correct": 7689, "Incorrect": 5, "Partial": 0, "Missed": 3651, "Spurious": 3554, "Possible": 11345, "Actual": 11248, "Precision": 0.6631706811246407, "Recall": 0.675051106568305, "F1": 0.6668888691375582}, "Partial": {"Correct": 7216, "Incorrect": 0, "Partial": 478, "Missed": 3651, "Spurious": 3554, "Possible": 11345, "Actual": 11248, "Precision": 0.6496459573963795, "Recall": 0.6563416585192428, "F1": 0.6518013213640269}, "Strict": {"Correct": 7215, "Incorrect": 479, "Partial": 0, "Missed": 3651, "Spurious": 3554, "Possible": 11345, "Actual": 11248, "Precision": 0.6356768287263355, "Recall": 0.6370989245400409, "F1": 0.6362397416525939}, "Exact": {"Correct": 7216, "Incorrect": 478, "Partial": 0, "Missed": 3651, "Spurious": 3554, "Possible": 11345, "Actual": 11248, "Precision": 0.6357212692205138, "Recall": 0.6371878055283975, "F1": 0.6362989956448316}}, "Objects": {"Ent_type": {"Correct": 7853, "Incorrect": 54, "Partial": 0, "Missed": 3500, "Spurious": 3509, "Possible": 11407, "Actual": 11416, "Precision": 0.6715841131581954, "Recall": 0.6834948004621811, "F1": 0.675520694456789}, "Partial": {"Correct": 7263, "Incorrect": 0, "Partial": 644, "Missed": 3500, "Spurious": 3509, "Possible": 11407, "Actual": 11416, "Precision": 0.65364158106581, "Recall": 0.6632965958581459, "F1": 0.6568904986223447}, "Strict": {"Correct": 7212, "Incorrect": 695, "Partial": 0, "Missed": 3500, "Spurious": 3509, "Possible": 11407, "Actual": 11416, "Precision": 0.6308550351079903, "Recall": 0.6337658874766687, "F1": 0.6319201256184636}, "Exact": {"Correct": 7263, "Incorrect": 644, "Partial": 0, "Missed": 3500, "Spurious": 3509, "Possible": 11407, "Actual": 11416, "Precision": 0.6332103812994401, "Recall": 0.6382988178828548, "F1": 0.6350013332148253}}}, "Exact_match": {"Precision": 0.22697786226877678, "Recall": 0.16439845261967376, "F1": 0.17913501161158568}}