{"Total_scores": {"Ent_type": {"Correct": 519, "Incorrect": 236, "Partial": 0, "Missed": 7540, "Spurious": 111326, "Possible": 8295, "Actual": 112081, "Precision": 0.013796789170653202, "Recall": 0.007975772476505117, "F1": 0.009437412867455704}, "Partial": {"Correct": 191, "Incorrect": 0, "Partial": 564, "Missed": 7540, "Spurious": 111326, "Possible": 8295, "Actual": 112081, "Precision": 0.013277207149911333, "Recall": 0.007775541362217733, "F1": 0.009162695995958212}, "Strict": {"Correct": 170, "Incorrect": 585, "Partial": 0, "Missed": 7540, "Spurious": 111326, "Possible": 8295, "Actual": 112081, "Precision": 0.004225784342646402, "Recall": 0.004157316070516803, "F1": 0.004177228169605103}, "Exact": {"Correct": 191, "Incorrect": 564, "Partial": 0, "Missed": 7540, "Spurious": 111326, "Possible": 8295, "Actual": 112081, "Precision": 0.004692307140743286, "Recall": 0.004533203141331996, "F1": 0.004582921734823064}}, "Scores_per_tag": {"Subjects": {"Ent_type": {"Correct": 341, "Incorrect": 22, "Partial": 0, "Missed": 2402, "Spurious": 38094, "Possible": 2765, "Actual": 38457, "Precision": 0.008697556952891454, "Recall": 0.00878775383981033, "F1": 0.008722468474040478}, "Partial": {"Correct": 28, "Incorrect": 0, "Partial": 335, "Missed": 2402, "Spurious": 38094, "Possible": 2765, "Actual": 38457, "Precision": 0.004844861354499536, "Recall": 0.005038140397897124, "F1": 0.004906710648386764}, "Strict": {"Correct": 13, "Incorrect": 350, "Partial": 0, "Missed": 2402, "Spurious": 38094, "Possible": 2765, "Actual": 38457, "Precision": 0.000335017008555819, "Recall": 0.000335017008555819, "F1": 0.000335017008555819}, "Exact": {"Correct": 28, "Incorrect": 335, "Partial": 0, "Missed": 2402, "Spurious": 38094, "Possible": 2765, "Actual": 38457, "Precision": 0.0005798371301927636, "Recall": 0.0007215750953509947, "F1": 0.0006270831185788406}}, "Predicates": {"Ent_type": {"Correct": 0, "Incorrect": 8, "Partial": 0, "Missed": 2757, "Spurious": 36718, "Possible": 2765, "Actual": 36726, "Precision": 0.0, "Recall": 0.0, "F1": 0}, "Partial": {"Correct": 0, "Incorrect": 0, "Partial": 8, "Missed": 2757, "Spurious": 36718, "Possible": 2765, "Actual": 36726, "Precision": 0.00010308215647871353, "Recall": 0.00010308215647871353, "F1": 0.00010308215647871353}, "Strict": {"Correct": 0, "Incorrect": 8, "Partial": 0, "Missed": 2757, "Spurious": 36718, "Possible": 2765, "Actual": 36726, "Precision": 0.0, "Recall": 0.0, "F1": 0}, "Exact": {"Correct": 0, "Incorrect": 8, "Partial": 0, "Missed": 2757, "Spurious": 36718, "Possible": 2765, "Actual": 36726, "Precision": 0.0, "Recall": 0.0, "F1": 0}}, "Objects": {"Ent_type": {"Correct": 178, "Incorrect": 206, "Partial": 0, "Missed": 2381, "Spurious": 36514, "Possible": 2765, "Actual": 36898, "Precision": 0.0045871559633027525, "Recall": 0.0045871559633027525, "F1": 0.0045871559633027525}, "Partial": {"Correct": 163, "Incorrect": 0, "Partial": 221, "Missed": 2381, "Spurious": 36514, "Possible": 2765, "Actual": 36898, "Precision": 0.006977373466652922, "Recall": 0.0070482424492320376, "F1": 0.007000996460845961}, "Strict": {"Correct": 157, "Incorrect": 227, "Partial": 0, "Missed": 2381, "Spurious": 36514, "Possible": 2765, "Actual": 36898, "Precision": 0.004045974641789506, "Recall": 0.004045974641789506, "F1": 0.004045974641789506}, "Exact": {"Correct": 163, "Incorrect": 221, "Partial": 0, "Missed": 2381, "Spurious": 36514, "Possible": 2765, "Actual": 36898, "Precision": 0.004174827337387898, "Recall": 0.004200597876507577, "F1": 0.004183417517094458}}}, "Exact_match": {"Precision": 0.0, "Recall": 0.0, "F1": 0.0}}