{"Total_scores": {"Ent_type": {"Correct": 33789, "Incorrect": 117, "Partial": 0, "Missed": 13968, "Spurious": 16071, "Possible": 47874, "Actual": 49977, "Precision": 0.6604907728501571, "Recall": 0.6959783347586781, "F1": 0.6754380573997705}, "Partial": {"Correct": 29796, "Incorrect": 0, "Partial": 4110, "Missed": 13968, "Spurious": 16071, "Possible": 47874, "Actual": 49977, "Precision": 0.6313452775141151, "Recall": 0.661103984386992, "F1": 0.6438820217930145}, "Strict": {"Correct": 29722, "Incorrect": 4184, "Partial": 0, "Missed": 13968, "Spurious": 16071, "Possible": 47874, "Actual": 49977, "Precision": 0.5977757311288, "Recall": 0.6208133236848453, "F1": 0.6075487315570205}, "Exact": {"Correct": 29796, "Incorrect": 4110, "Partial": 0, "Missed": 13968, "Spurious": 16071, "Possible": 47874, "Actual": 49977, "Precision": 0.5995190374902236, "Recall": 0.6230390544481722, "F1": 0.6094630792973007}}, "Scores_per_tag": {"Subjects": {"Ent_type": {"Correct": 12608, "Incorrect": 81, "Partial": 0, "Missed": 4159, "Spurious": 5698, "Possible": 16848, "Actual": 18387, "Precision": 0.677685678573778, "Recall": 0.7190974278008025, "F1": 0.6939411880797316}, "Partial": {"Correct": 10800, "Incorrect": 0, "Partial": 1889, "Missed": 4159, "Spurious": 5698, "Possible": 16848, "Actual": 18387, "Precision": 0.6583119531609762, "Recall": 0.6898723768173146, "F1": 0.6706707892024647}, "Strict": {"Correct": 10760, "Incorrect": 1929, "Partial": 0, "Missed": 4159, "Spurious": 5698, "Possible": 16848, "Actual": 18387, "Precision": 0.6343003749753305, "Recall": 0.6526873232024208, "F1": 0.6416551542661667}, "Exact": {"Correct": 10800, "Incorrect": 1889, "Partial": 0, "Missed": 4159, "Spurious": 5698, "Possible": 16848, "Actual": 18387, "Precision": 0.635945003618183, "Recall": 0.6553187290309848, "F1": 0.6436287086375896}}, "Predicates": {"Ent_type": {"Correct": 11225, "Incorrect": 1, "Partial": 0, "Missed": 4402, "Spurious": 5007, "Possible": 15628, "Actual": 16233, "Precision": 0.6855568712584699, "Recall": 0.7103480034208276, "F1": 0.6935558750834062}, "Partial": {"Correct": 9693, "Incorrect": 0, "Partial": 1533, "Missed": 4402, "Spurious": 5007, "Possible": 15628, "Actual": 16233, "Precision": 0.6522476591452316, "Recall": 0.6670120386816657, "F1": 0.6571907863204488}, "Strict": {"Correct": 9693, "Incorrect": 1533, "Partial": 0, "Missed": 4402, "Spurious": 5007, "Possible": 15628, "Actual": 16233, "Precision": 0.6189055544591364, "Recall": 0.6236102887967897, "F1": 0.6207818407936821}, "Exact": {"Correct": 9693, "Incorrect": 1533, "Partial": 0, "Missed": 4402, "Spurious": 5007, "Possible": 15628, "Actual": 16233, "Precision": 0.6189055544591364, "Recall": 0.6236102887967897, "F1": 0.6207818407936821}}, "Objects": {"Ent_type": {"Correct": 9956, "Incorrect": 35, "Partial": 0, "Missed": 5407, "Spurious": 5366, "Possible": 15398, "Actual": 15357, "Precision": 0.6321454415592959, "Recall": 0.6402210380895994, "F1": 0.6349101406235805}, "Partial": {"Correct": 9303, "Incorrect": 0, "Partial": 688, "Missed": 5407, "Spurious": 5366, "Possible": 15398, "Actual": 15357, "Precision": 0.6172398589065256, "Recall": 0.6235773962239326, "F1": 0.6194593244178798}, "Strict": {"Correct": 9269, "Incorrect": 722, "Partial": 0, "Missed": 5407, "Spurious": 5366, "Possible": 15398, "Actual": 15357, "Precision": 0.5997686555709054, "Recall": 0.6023945793039932, "F1": 0.6007850360721882}, "Exact": {"Correct": 9303, "Incorrect": 688, "Partial": 0, "Missed": 5407, "Spurious": 5366, "Possible": 15398, "Actual": 15357, "Precision": 0.6010185733394733, "Recall": 0.6046312742582725, "F1": 0.6023638795693266}}}, "Exact_match": {"Precision": 0.1749306731571283, "Recall": 0.12994899160101875, "F1": 0.14037107986389355}}