{"Total_scores": {"Ent_type": {"Correct": 38330, "Incorrect": 1263, "Partial": 0, "Missed": 8240, "Spurious": 12455, "Possible": 47833, "Actual": 52048, "Precision": 0.7466913033102117, "Recall": 0.8003558040536247, "F1": 0.7660473967370848}, "Partial": {"Correct": 34871, "Incorrect": 0, "Partial": 4722, "Missed": 8240, "Spurious": 12455, "Possible": 47833, "Actual": 52048, "Precision": 0.735463355748952, "Recall": 0.7787020564627147, "F1": 0.7511061303170078}, "Strict": {"Correct": 33891, "Incorrect": 5702, "Partial": 0, "Missed": 8240, "Spurious": 12455, "Possible": 47833, "Actual": 52048, "Precision": 0.6785374989215767, "Recall": 0.7099466293919563, "F1": 0.6899003526282896}, "Exact": {"Correct": 34871, "Incorrect": 4722, "Partial": 0, "Missed": 8240, "Spurious": 12455, "Possible": 47833, "Actual": 52048, "Precision": 0.6987743358081372, "Recall": 0.7305589088675689, "F1": 0.7102960031052667}}, "Scores_per_tag": {"Subjects": {"Ent_type": {"Correct": 14259, "Incorrect": 492, "Partial": 0, "Missed": 1308, "Spurious": 5180, "Possible": 16059, "Actual": 19931, "Precision": 0.8074451090557577, "Recall": 0.8856344113349006, "F1": 0.826710315191159}, "Partial": {"Correct": 12141, "Incorrect": 0, "Partial": 2610, "Missed": 1308, "Spurious": 5180, "Possible": 16059, "Actual": 19931, "Precision": 0.7958206638650123, "Recall": 0.8390622021729461, "F1": 0.8067148938487652}, "Strict": {"Correct": 11745, "Incorrect": 3006, "Partial": 0, "Missed": 1308, "Spurious": 5180, "Possible": 16059, "Actual": 19931, "Precision": 0.7306455907224698, "Recall": 0.7360696359362094, "F1": 0.732226387388723}, "Exact": {"Correct": 12141, "Incorrect": 2610, "Partial": 0, "Missed": 1308, "Spurious": 5180, "Possible": 16059, "Actual": 19931, "Precision": 0.754895331282014, "Recall": 0.7612300654425312, "F1": 0.7567726313262878}}, "Predicates": {"Ent_type": {"Correct": 11371, "Incorrect": 13, "Partial": 0, "Missed": 4472, "Spurious": 4379, "Possible": 15856, "Actual": 15763, "Precision": 0.7033917868564288, "Recall": 0.7152296842239024, "F1": 0.7071248551520487}, "Partial": {"Correct": 10547, "Incorrect": 0, "Partial": 837, "Missed": 4472, "Spurious": 4379, "Possible": 15856, "Actual": 15763, "Precision": 0.6844293368913739, "Recall": 0.6911334900565475, "F1": 0.6865977447590003}, "Strict": {"Correct": 10544, "Incorrect": 840, "Partial": 0, "Missed": 4472, "Spurious": 4379, "Possible": 15856, "Actual": 15763, "Precision": 0.6650539000783616, "Recall": 0.6663066268504988, "F1": 0.6655453998106009}, "Exact": {"Correct": 10547, "Incorrect": 837, "Partial": 0, "Missed": 4472, "Spurious": 4379, "Possible": 15856, "Actual": 15763, "Precision": 0.6651174365165089, "Recall": 0.6664019315077196, "F1": 0.6656216435363776}}, "Objects": {"Ent_type": {"Correct": 12700, "Incorrect": 758, "Partial": 0, "Missed": 2460, "Spurious": 2896, "Possible": 15918, "Actual": 16354, "Precision": 0.7813351123536014, "Recall": 0.796429252176123, "F1": 0.7858837162160118}, "Partial": {"Correct": 12183, "Incorrect": 0, "Partial": 1275, "Missed": 2460, "Spurious": 2896, "Possible": 15918, "Actual": 16354, "Precision": 0.7882997649151788, "Recall": 0.8059914861172882, "F1": 0.7939912682780718}, "Strict": {"Correct": 11602, "Incorrect": 1856, "Partial": 0, "Missed": 2460, "Spurious": 2896, "Possible": 15918, "Actual": 16354, "Precision": 0.7298430649977762, "Recall": 0.7319079992375628, "F1": 0.7306055022555435}, "Exact": {"Correct": 12183, "Incorrect": 1275, "Partial": 0, "Missed": 2460, "Spurious": 2896, "Possible": 15918, "Actual": 16354, "Precision": 0.758879217231082, "Recall": 0.7683461465150264, "F1": 0.7621068682889637}}}, "Exact_match": {"Precision": 0.19697457964369436, "Recall": 0.1256925335702224, "F1": 0.14197658627227555}}