{"Total_scores": {"Ent_type": {"Correct": 22671, "Incorrect": 51, "Partial": 0, "Missed": 8059, "Spurious": 8258, "Possible": 30781, "Actual": 30980, "Precision": 0.7123077649503033, "Recall": 0.7345314823996033, "F1": 0.721431876667375}, "Partial": {"Correct": 20978, "Incorrect": 0, "Partial": 1744, "Missed": 8059, "Spurious": 8258, "Possible": 30781, "Actual": 30980, "Precision": 0.6935589552297534, "Recall": 0.7109477772269046, "F1": 0.7006560899024954}, "Strict": {"Correct": 20929, "Incorrect": 1793, "Partial": 0, "Missed": 8059, "Spurious": 8258, "Possible": 30781, "Actual": 30980, "Precision": 0.6710686151836375, "Recall": 0.6830672616096513, "F1": 0.6760764454517553}, "Exact": {"Correct": 20978, "Incorrect": 1744, "Partial": 0, "Missed": 8059, "Spurious": 8258, "Possible": 30781, "Actual": 30980, "Precision": 0.672889801764368, "Recall": 0.6851826144438936, "F1": 0.6779387114290436}}, "Scores_per_tag": {"Subjects": {"Ent_type": {"Correct": 8081, "Incorrect": 31, "Partial": 0, "Missed": 2222, "Spurious": 2341, "Possible": 10334, "Actual": 10453, "Precision": 0.7554288547347546, "Recall": 0.7748140803173029, "F1": 0.7624789291026277}, "Partial": {"Correct": 7613, "Incorrect": 0, "Partial": 499, "Missed": 2222, "Spurious": 2341, "Possible": 10334, "Actual": 10453, "Precision": 0.7472731779871096, "Recall": 0.759766980664353, "F1": 0.7518790282597918}, "Strict": {"Correct": 7584, "Incorrect": 528, "Partial": 0, "Missed": 2222, "Spurious": 2341, "Possible": 10334, "Actual": 10453, "Precision": 0.7343579573624195, "Recall": 0.7387704511650967, "F1": 0.7361229548834903}, "Exact": {"Correct": 7613, "Incorrect": 499, "Partial": 0, "Missed": 2222, "Spurious": 2341, "Possible": 10334, "Actual": 10453, "Precision": 0.7366385721368369, "Recall": 0.7416460089241448, "F1": 0.738601883986118}}, "Predicates": {"Ent_type": {"Correct": 7252, "Incorrect": 0, "Partial": 0, "Missed": 2894, "Spurious": 2807, "Possible": 10146, "Actual": 10059, "Precision": 0.7005982482234342, "Recall": 0.7130391670798215, "F1": 0.7044819038175508}, "Partial": {"Correct": 6503, "Incorrect": 0, "Partial": 749, "Missed": 2894, "Spurious": 2807, "Possible": 10146, "Actual": 10059, "Precision": 0.6706841844323252, "Recall": 0.677416955875062, "F1": 0.672829284415799}, "Strict": {"Correct": 6503, "Incorrect": 749, "Partial": 0, "Missed": 2894, "Spurious": 2807, "Possible": 10146, "Actual": 10059, "Precision": 0.6407701206412163, "Recall": 0.6417947446703024, "F1": 0.6411766650140472}, "Exact": {"Correct": 6503, "Incorrect": 749, "Partial": 0, "Missed": 2894, "Spurious": 2807, "Possible": 10146, "Actual": 10059, "Precision": 0.6407701206412163, "Recall": 0.6417947446703024, "F1": 0.6411766650140472}}, "Objects": {"Ent_type": {"Correct": 7338, "Incorrect": 20, "Partial": 0, "Missed": 2943, "Spurious": 3110, "Possible": 10301, "Actual": 10468, "Precision": 0.6885168921311707, "Recall": 0.7050074367873079, "F1": 0.6939596760865973}, "Partial": {"Correct": 6862, "Incorrect": 0, "Partial": 496, "Missed": 2943, "Spurious": 3110, "Possible": 10301, "Actual": 10468, "Precision": 0.6762407630379866, "Recall": 0.6880515617253347, "F1": 0.6801710461080813}, "Strict": {"Correct": 6842, "Incorrect": 516, "Partial": 0, "Missed": 2943, "Spurious": 3110, "Possible": 10301, "Actual": 10468, "Precision": 0.6617831763344901, "Recall": 0.6671294000991571, "F1": 0.6636060155346224}, "Exact": {"Correct": 6862, "Incorrect": 496, "Partial": 0, "Missed": 2943, "Spurious": 3110, "Possible": 10301, "Actual": 10468, "Precision": 0.6628739051396464, "Recall": 0.6691125433812593, "F1": 0.6649942158320938}}}, "Exact_match": {"Precision": 0.2125524902211101, "Recall": 0.15602651212335847, "F1": 0.17001948874096137}}