{"Total_scores": {"Ent_type": {"Correct": 4903, "Incorrect": 1237, "Partial": 0, "Missed": 47552, "Spurious": 112481, "Possible": 53692, "Actual": 118621, "Precision": 0.039782141022814986, "Recall": 0.04431834943339128, "F1": 0.041350395993782534}, "Partial": {"Correct": 3001, "Incorrect": 0, "Partial": 3139, "Missed": 47552, "Spurious": 112481, "Possible": 53692, "Actual": 118621, "Precision": 0.0409233544467107, "Recall": 0.0416731327049671, "F1": 0.040509992940566196}, "Exact": {"Correct": 3001, "Incorrect": 3139, "Partial": 0, "Missed": 47552, "Spurious": 112481, "Possible": 53692, "Actual": 118621, "Precision": 0.02823441902876945, "Recall": 0.026985196726093806, "F1": 0.027246134036914352}, "Strict": {"Correct": 2335, "Incorrect": 3805, "Partial": 0, "Missed": 47552, "Spurious": 112481, "Possible": 53692, "Actual": 118621, "Precision": 0.020464996818151532, "Recall": 0.02106145358145193, "F1": 0.020620340503143382}}, "Scores_per_tag": {"Subjects": {"Ent_type": {"Correct": 595, "Incorrect": 856, "Partial": 0, "Missed": 16469, "Spurious": 37646, "Possible": 17920, "Actual": 39097, "Precision": 0.013128881687282764, "Recall": 0.014896613825941325, "F1": 0.013707569223460728}, "Partial": {"Correct": 725, "Incorrect": 0, "Partial": 726, "Missed": 16469, "Spurious": 37646, "Possible": 17920, "Actual": 39097, "Precision": 0.02603662102105659, "Recall": 0.02890485363643169, "F1": 0.026989870736185542}, "Exact": {"Correct": 725, "Incorrect": 726, "Partial": 0, "Missed": 16469, "Spurious": 37646, "Possible": 17920, "Actual": 39097, "Precision": 0.01715859462560266, "Recall": 0.018645022862698306, "F1": 0.017655000826013446}, "Strict": {"Correct": 290, "Incorrect": 1161, "Partial": 0, "Missed": 16469, "Spurious": 37646, "Possible": 17920, "Actual": 39097, "Precision": 0.007305440961345638, "Recall": 0.007479806916213232, "F1": 0.0073625076966784934}}, "Predicates": {"Ent_type": {"Correct": 2632, "Incorrect": 51, "Partial": 0, "Missed": 15211, "Spurious": 38249, "Possible": 17894, "Actual": 40932, "Precision": 0.05289753932928025, "Recall": 0.07222317682432969, "F1": 0.058389740928790186}, "Partial": {"Correct": 745, "Incorrect": 0, "Partial": 1938, "Missed": 15211, "Spurious": 38249, "Possible": 17894, "Actual": 40932, "Precision": 0.037581941729080505, "Recall": 0.04787507306435326, "F1": 0.040541039816713496}, "Exact": {"Correct": 745, "Incorrect": 1938, "Partial": 0, "Missed": 15211, "Spurious": 38249, "Possible": 17894, "Actual": 40932, "Precision": 0.021188995173923714, "Recall": 0.021378456604388762, "F1": 0.021257522820674345}, "Strict": {"Correct": 738, "Incorrect": 1945, "Partial": 0, "Missed": 15211, "Spurious": 38249, "Possible": 17894, "Actual": 40932, "Precision": 0.021073956082466875, "Recall": 0.021151471026438093, "F1": 0.02110496206005536}}, "Objects": {"Ent_type": {"Correct": 1676, "Incorrect": 330, "Partial": 0, "Missed": 15872, "Spurious": 36586, "Possible": 17878, "Actual": 38592, "Precision": 0.04320313913386495, "Recall": 0.044763875314477126, "F1": 0.04365358550527992}, "Partial": {"Correct": 1531, "Incorrect": 0, "Partial": 475, "Missed": 15872, "Spurious": 36586, "Possible": 17878, "Actual": 38592, "Precision": 0.045131700344744764, "Recall": 0.04673093513088855, "F1": 0.045632723427321116}, "Exact": {"Correct": 1531, "Incorrect": 475, "Partial": 0, "Missed": 15872, "Spurious": 36586, "Possible": 17878, "Actual": 38592, "Precision": 0.0391599929303649, "Recall": 0.040002371286631484, "F1": 0.03944492527774733}, "Strict": {"Correct": 1307, "Incorrect": 699, "Partial": 0, "Missed": 15872, "Spurious": 36586, "Possible": 17878, "Actual": 38592, "Precision": 0.03380977375203244, "Recall": 0.03409799990307518, "F1": 0.033909749405615364}}}, "Exact_match": {"Precision": 0.0008193973704793474, "Recall": 0.0008007747029684532, "F1": 0.0008069822588054179}}