{"Total_scores": {"Ent_type": {"Correct": 13804, "Incorrect": 779, "Partial": 0, "Missed": 14857, "Spurious": 4193, "Possible": 29440, "Actual": 18776, "Precision": 0.7207300516773233, "Recall": 0.46363853123509774, "F1": 0.5261186621620969}, "Partial": {"Correct": 9259, "Incorrect": 0, "Partial": 5324, "Missed": 14857, "Spurious": 4193, "Possible": 29440, "Actual": 18776, "Precision": 0.5509766138214942, "Recall": 0.40297789358948155, "F1": 0.4382806093074253}, "Strict": {"Correct": 8892, "Incorrect": 5691, "Partial": 0, "Missed": 14857, "Spurious": 4193, "Possible": 29440, "Actual": 18776, "Precision": 0.29436439811976295, "Recall": 0.2985046665304176, "F1": 0.29602078774527063}, "Exact": {"Correct": 9259, "Incorrect": 5324, "Partial": 0, "Missed": 14857, "Spurious": 4193, "Possible": 29440, "Actual": 18776, "Precision": 0.321651679269705, "Recall": 0.3127852714762586, "F1": 0.31348864756444866}}, "Scores_per_tag": {"Subjects": {"Ent_type": {"Correct": 7735, "Incorrect": 37, "Partial": 0, "Missed": 1883, "Spurious": 1274, "Possible": 9655, "Actual": 9046, "Precision": 0.7677617685128415, "Recall": 0.7846924177396281, "F1": 0.773175965665236}, "Partial": {"Correct": 3609, "Incorrect": 0, "Partial": 4163, "Missed": 1883, "Spurious": 1274, "Possible": 9655, "Actual": 9046, "Precision": 0.5679022753593569, "Recall": 0.5772021254853873, "F1": 0.5709193405545336}, "Strict": {"Correct": 3572, "Incorrect": 4200, "Partial": 0, "Missed": 1883, "Spurious": 1274, "Possible": 9655, "Actual": 9046, "Precision": 0.3611962667756659, "Recall": 0.36215001021867976, "F1": 0.36157776415287146}, "Exact": {"Correct": 3609, "Incorrect": 4163, "Partial": 0, "Missed": 1883, "Spurious": 1274, "Possible": 9655, "Actual": 9046, "Precision": 0.3646195244907691, "Recall": 0.36593092172491315, "F1": 0.3651202397983514}}, "Predicates": {"Ent_type": {"Correct": 3224, "Incorrect": 703, "Partial": 0, "Missed": 6071, "Spurious": 1503, "Possible": 9998, "Actual": 5430, "Precision": 0.29983309489747256, "Recall": 0.30952380952380953, "F1": 0.3034471013011786}, "Partial": {"Correct": 3040, "Incorrect": 0, "Partial": 887, "Missed": 6071, "Spurious": 1503, "Possible": 9998, "Actual": 5430, "Precision": 0.3266443558825533, "Recall": 0.3397200081749438, "F1": 0.3313049254036379}, "Strict": {"Correct": 2744, "Incorrect": 1183, "Partial": 0, "Missed": 6071, "Spurious": 1503, "Possible": 9998, "Actual": 5430, "Precision": 0.2671077730090606, "Recall": 0.2704373594931535, "F1": 0.26843790448940663}, "Exact": {"Correct": 3040, "Incorrect": 887, "Partial": 0, "Missed": 6071, "Spurious": 1503, "Possible": 9998, "Actual": 5430, "Precision": 0.2918880713945092, "Recall": 0.2998160637645616, "F1": 0.29475100483684175}}, "Objects": {"Ent_type": {"Correct": 2845, "Incorrect": 39, "Partial": 0, "Missed": 6903, "Spurious": 1416, "Possible": 9787, "Actual": 4300, "Precision": 0.28604888197162875, "Recall": 0.29000613120784796, "F1": 0.28715706597374285}, "Partial": {"Correct": 2610, "Incorrect": 0, "Partial": 274, "Missed": 6903, "Spurious": 1416, "Possible": 9787, "Actual": 4300, "Precision": 0.27657171155025234, "Recall": 0.2801706519517678, "F1": 0.27765491031892015}, "Strict": {"Correct": 2576, "Incorrect": 308, "Partial": 0, "Missed": 6903, "Spurious": 1416, "Possible": 9787, "Actual": 4300, "Precision": 0.262649415439115, "Recall": 0.2628755364806867, "F1": 0.2627027921325898}, "Exact": {"Correct": 2610, "Incorrect": 274, "Partial": 0, "Missed": 6903, "Spurious": 1416, "Possible": 9787, "Actual": 4300, "Precision": 0.26474424478716324, "Recall": 0.26634988759452277, "F1": 0.265257462069234}}}, "Exact_match": {"Precision": 0.07651781180885385, "Recall": 0.05132799031712138, "F1": 0.05613182170311131}}