{"Total_scores": {"Ent_type": {"Correct": 22981, "Incorrect": 49, "Partial": 0, "Missed": 8569, "Spurious": 8800, "Possible": 31599, "Actual": 31830, "Precision": 0.7048737104233369, "Recall": 0.7266097474208466, "F1": 0.7138319745431417}, "Partial": {"Correct": 21293, "Incorrect": 0, "Partial": 1737, "Missed": 8569, "Spurious": 8800, "Possible": 31599, "Actual": 31830, "Precision": 0.6862748540443311, "Recall": 0.7037070275864299, "F1": 0.6934405700268705}, "Strict": {"Correct": 21249, "Incorrect": 1781, "Partial": 0, "Missed": 8569, "Spurious": 8800, "Possible": 31599, "Actual": 31830, "Precision": 0.6642980344687922, "Recall": 0.6767617476795705, "F1": 0.6694944846880424}, "Exact": {"Correct": 21293, "Incorrect": 1737, "Partial": 0, "Missed": 8569, "Spurious": 8800, "Possible": 31599, "Actual": 31830, "Precision": 0.6659021223055375, "Recall": 0.6786698360337634, "F1": 0.6711780377056403}}, "Scores_per_tag": {"Subjects": {"Ent_type": {"Correct": 8447, "Incorrect": 25, "Partial": 0, "Missed": 2125, "Spurious": 2266, "Possible": 10597, "Actual": 10738, "Precision": 0.7688787555383073, "Recall": 0.7893664499854468, "F1": 0.776378512984703}, "Partial": {"Correct": 7928, "Incorrect": 0, "Partial": 544, "Missed": 2125, "Spurious": 2266, "Possible": 10597, "Actual": 10738, "Precision": 0.7596536334529931, "Recall": 0.7729455709711847, "F1": 0.7645871737654022}, "Strict": {"Correct": 7906, "Incorrect": 566, "Partial": 0, "Missed": 2125, "Spurious": 2266, "Possible": 10597, "Actual": 10738, "Precision": 0.7469357394650884, "Recall": 0.7519646841952071, "F1": 0.7489473173571359}, "Exact": {"Correct": 7928, "Incorrect": 544, "Partial": 0, "Missed": 2125, "Spurious": 2266, "Possible": 10597, "Actual": 10738, "Precision": 0.7485851039746451, "Recall": 0.7540991559134569, "F1": 0.7507583842695903}}, "Predicates": {"Ent_type": {"Correct": 7605, "Incorrect": 1, "Partial": 0, "Missed": 3004, "Spurious": 3269, "Possible": 10610, "Actual": 10875, "Precision": 0.6853578474176126, "Recall": 0.7084505675754341, "F1": 0.6930929973619409}, "Partial": {"Correct": 6786, "Incorrect": 0, "Partial": 820, "Missed": 3004, "Spurious": 3269, "Possible": 10610, "Actual": 10875, "Precision": 0.6617840626111704, "Recall": 0.6761181721160376, "F1": 0.6666802958691966}, "Strict": {"Correct": 6786, "Incorrect": 820, "Partial": 0, "Missed": 3004, "Spurious": 3269, "Possible": 10610, "Actual": 10875, "Precision": 0.6381132563629895, "Recall": 0.6436887552149025, "F1": 0.6401705729347138}, "Exact": {"Correct": 6786, "Incorrect": 820, "Partial": 0, "Missed": 3004, "Spurious": 3269, "Possible": 10610, "Actual": 10875, "Precision": 0.6381132563629895, "Recall": 0.6436887552149025, "F1": 0.6401705729347138}}, "Objects": {"Ent_type": {"Correct": 6929, "Incorrect": 23, "Partial": 0, "Missed": 3440, "Spurious": 3265, "Possible": 10392, "Actual": 10217, "Precision": 0.6550347198159364, "Recall": 0.6628504899582808, "F1": 0.6576106390940969}, "Partial": {"Correct": 6579, "Incorrect": 0, "Partial": 373, "Missed": 3440, "Spurious": 3265, "Possible": 10392, "Actual": 10217, "Precision": 0.6434830466580733, "Recall": 0.6493402541961774, "F1": 0.6454495788807422}, "Strict": {"Correct": 6557, "Incorrect": 395, "Partial": 0, "Missed": 3440, "Spurious": 3265, "Possible": 10392, "Actual": 10217, "Precision": 0.6295543481776139, "Recall": 0.6314640535558358, "F1": 0.6302485134929106}, "Exact": {"Correct": 6579, "Incorrect": 373, "Partial": 0, "Missed": 3440, "Spurious": 3265, "Possible": 10392, "Actual": 10217, "Precision": 0.6307186054784774, "Recall": 0.6335985252740856, "F1": 0.6317361755995694}}}, "Exact_match": {"Precision": 0.1963534394572533, "Recall": 0.1481498492417699, "F1": 0.16074418880236857}}