{"Total_scores": {"Ent_type": {"Correct": 29280, "Incorrect": 270, "Partial": 0, "Missed": 15249, "Spurious": 16577, "Possible": 44799, "Actual": 46127, "Precision": 0.6236136836569024, "Recall": 0.6474114472570945, "F1": 0.6330213611135611}, "Partial": {"Correct": 26726, "Incorrect": 0, "Partial": 2824, "Missed": 15249, "Spurious": 16577, "Possible": 44799, "Actual": 46127, "Precision": 0.6069141591831445, "Recall": 0.6279990167158309, "F1": 0.6151718826857744}, "Strict": {"Correct": 26462, "Incorrect": 3088, "Partial": 0, "Missed": 15249, "Spurious": 16577, "Possible": 44799, "Actual": 46127, "Precision": 0.5786416087095239, "Recall": 0.5907045345407148, "F1": 0.5834850479530455}, "Exact": {"Correct": 26726, "Incorrect": 2824, "Partial": 0, "Missed": 15249, "Spurious": 16577, "Possible": 44799, "Actual": 46127, "Precision": 0.5843469435978182, "Recall": 0.5995540920628387, "F1": 0.590319689609667}}, "Scores_per_tag": {"Subjects": {"Ent_type": {"Correct": 10444, "Incorrect": 106, "Partial": 0, "Missed": 4401, "Spurious": 4724, "Possible": 14951, "Actual": 15274, "Precision": 0.6651688733392788, "Recall": 0.6801811072237086, "F1": 0.6709793967665958}, "Partial": {"Correct": 9876, "Incorrect": 0, "Partial": 674, "Missed": 4401, "Spurious": 4724, "Possible": 14951, "Actual": 15274, "Precision": 0.6596864924195651, "Recall": 0.6734067366399122, "F1": 0.664864741259061}, "Strict": {"Correct": 9771, "Incorrect": 779, "Partial": 0, "Missed": 4401, "Spurious": 4724, "Possible": 14951, "Actual": 15274, "Precision": 0.6461091674098466, "Recall": 0.6521575084036496, "F1": 0.6485285038073678}, "Exact": {"Correct": 9876, "Incorrect": 674, "Partial": 0, "Missed": 4401, "Spurious": 4724, "Possible": 14951, "Actual": 15274, "Precision": 0.650122338844298, "Recall": 0.6593606366193319, "F1": 0.6536049941688962}}, "Predicates": {"Ent_type": {"Correct": 9517, "Incorrect": 6, "Partial": 0, "Missed": 5466, "Spurious": 6070, "Possible": 14989, "Actual": 15593, "Precision": 0.5989481146097734, "Recall": 0.6246141181313027, "F1": 0.6072420022409732}, "Partial": {"Correct": 8131, "Incorrect": 0, "Partial": 1392, "Missed": 5466, "Spurious": 6070, "Possible": 14989, "Actual": 15593, "Precision": 0.569053989161007, "Recall": 0.5843452013445839, "F1": 0.5741750703162516}, "Strict": {"Correct": 8129, "Incorrect": 1394, "Partial": 0, "Missed": 5466, "Spurious": 6070, "Possible": 14989, "Actual": 15593, "Precision": 0.5387825569961812, "Recall": 0.5435274747890513, "F1": 0.5406736639912191}, "Exact": {"Correct": 8131, "Incorrect": 1392, "Partial": 0, "Missed": 5466, "Spurious": 6070, "Possible": 14989, "Actual": 15593, "Precision": 0.5388511582172829, "Recall": 0.5436646772312547, "F1": 0.5407651322860214}}, "Objects": {"Ent_type": {"Correct": 9319, "Incorrect": 158, "Partial": 0, "Missed": 5382, "Spurious": 5783, "Possible": 14859, "Actual": 15260, "Precision": 0.5973418660185484, "Recall": 0.6134321190917198, "F1": 0.6028792912513843}, "Partial": {"Correct": 8719, "Incorrect": 0, "Partial": 758, "Missed": 5382, "Spurious": 5783, "Possible": 14859, "Actual": 15260, "Precision": 0.5888340895801278, "Recall": 0.6047369143170749, "F1": 0.5943028319237416}, "Strict": {"Correct": 8562, "Incorrect": 915, "Partial": 0, "Missed": 5382, "Spurious": 5783, "Possible": 14859, "Actual": 15260, "Precision": 0.5691786147126752, "Recall": 0.5744323248953831, "F1": 0.5710914454277286}, "Exact": {"Correct": 8719, "Incorrect": 758, "Partial": 0, "Missed": 5382, "Spurious": 5783, "Possible": 14859, "Actual": 15260, "Precision": 0.5747353136219158, "Recall": 0.5852027166083557, "F1": 0.5783860419382132}}}, "Exact_match": {"Precision": 0.17839920631996126, "Recall": 0.12998467003618994, "F1": 0.14169672783864318}}