{"Total_scores": {"Ent_type": {"Correct": 971, "Incorrect": 121, "Partial": 0, "Missed": 19702, "Spurious": 6208, "Possible": 20794, "Actual": 7300, "Precision": 0.06417850697897101, "Recall": 0.06662265679667072, "F1": 0.06505506714157691}, "Partial": {"Correct": 795, "Incorrect": 0, "Partial": 297, "Missed": 19702, "Spurious": 6208, "Possible": 20794, "Actual": 7300, "Precision": 0.06205615330789344, "Recall": 0.06655084152763967, "F1": 0.06354893390715399}, "Strict": {"Correct": 772, "Incorrect": 320, "Partial": 0, "Missed": 19702, "Spurious": 6208, "Possible": 20794, "Actual": 7300, "Precision": 0.053097337310794385, "Recall": 0.05439896144072478, "F1": 0.053614763255134486}, "Exact": {"Correct": 795, "Incorrect": 297, "Partial": 0, "Missed": 19702, "Spurious": 6208, "Possible": 20794, "Actual": 7300, "Precision": 0.05497558280852944, "Recall": 0.05693717084668361, "F1": 0.055755447525749145}}, "Scores_per_tag": {"Subjects": {"Ent_type": {"Correct": 331, "Incorrect": 14, "Partial": 0, "Missed": 6561, "Spurious": 2231, "Possible": 6906, "Actual": 2576, "Precision": 0.037101031917446604, "Recall": 0.03974082073434125, "F1": 0.03815694744420446}, "Partial": {"Correct": 278, "Incorrect": 0, "Partial": 67, "Missed": 6561, "Spurious": 2231, "Possible": 6906, "Actual": 2576, "Precision": 0.03603311735061195, "Recall": 0.03891288696904248, "F1": 0.037125029997600194}, "Strict": {"Correct": 265, "Incorrect": 80, "Partial": 0, "Missed": 6561, "Spurious": 2231, "Possible": 6906, "Actual": 2576, "Precision": 0.03287736981041517, "Recall": 0.03419726421886249, "F1": 0.033405327573794094}, "Exact": {"Correct": 278, "Incorrect": 67, "Partial": 0, "Missed": 6561, "Spurious": 2231, "Possible": 6906, "Actual": 2576, "Precision": 0.03388528917686585, "Recall": 0.03606911447084233, "F1": 0.03470122390208783}}, "Predicates": {"Ent_type": {"Correct": 116, "Incorrect": 41, "Partial": 0, "Missed": 6788, "Spurious": 2186, "Possible": 6945, "Actual": 2343, "Precision": 0.015514758819294457, "Recall": 0.016702663786897047, "F1": 0.015814734821214302}, "Partial": {"Correct": 90, "Incorrect": 0, "Partial": 67, "Missed": 6788, "Spurious": 2186, "Possible": 6945, "Actual": 2343, "Precision": 0.015712742980561554, "Recall": 0.017782577393808497, "F1": 0.016354691624670025}, "Strict": {"Correct": 90, "Incorrect": 67, "Partial": 0, "Missed": 6788, "Spurious": 2186, "Possible": 6945, "Actual": 2343, "Precision": 0.012958963282937365, "Recall": 0.012958963282937365, "F1": 0.012958963282937365}, "Exact": {"Correct": 90, "Incorrect": 67, "Partial": 0, "Missed": 6788, "Spurious": 2186, "Possible": 6945, "Actual": 2343, "Precision": 0.012958963282937365, "Recall": 0.012958963282937365, "F1": 0.012958963282937365}}, "Objects": {"Ent_type": {"Correct": 524, "Incorrect": 66, "Partial": 0, "Missed": 6353, "Spurious": 1791, "Possible": 6943, "Actual": 2381, "Precision": 0.07239740820734342, "Recall": 0.07415406767458603, "F1": 0.07291751205358117}, "Partial": {"Correct": 427, "Incorrect": 0, "Partial": 163, "Missed": 6353, "Spurious": 1791, "Possible": 6943, "Actual": 2381, "Precision": 0.06856011519078474, "Recall": 0.07213822894168466, "F1": 0.06972969435172459}, "Strict": {"Correct": 417, "Incorrect": 173, "Partial": 0, "Missed": 6353, "Spurious": 1791, "Possible": 6943, "Actual": 2381, "Precision": 0.0591792656587473, "Recall": 0.05939524838012959, "F1": 0.059265658747300214}, "Exact": {"Correct": 427, "Incorrect": 163, "Partial": 0, "Missed": 6353, "Spurious": 1791, "Possible": 6943, "Actual": 2381, "Precision": 0.05994720422366211, "Recall": 0.06076313894888409, "F1": 0.06023518118550516}}}, "Exact_match": {"Precision": 0.0, "Recall": 0.0, "F1": 0.0}}