{"Total_scores": {"Ent_type": {"Correct": 19858, "Incorrect": 586, "Partial": 0, "Missed": 13025, "Spurious": 10151, "Possible": 33469, "Actual": 30595, "Precision": 0.5813884917798428, "Recall": 0.5863875982844889, "F1": 0.581497387331912}, "Partial": {"Correct": 18105, "Incorrect": 0, "Partial": 2339, "Missed": 13025, "Spurious": 10151, "Possible": 33469, "Actual": 30595, "Precision": 0.5698993115831036, "Recall": 0.5732509828448892, "F1": 0.5690695921999531}, "Strict": {"Correct": 17845, "Incorrect": 2599, "Partial": 0, "Missed": 13025, "Spurious": 10151, "Possible": 33469, "Actual": 30595, "Precision": 0.522595859287246, "Recall": 0.528142125327615, "F1": 0.5246299149980351}, "Exact": {"Correct": 18105, "Incorrect": 2339, "Partial": 0, "Missed": 13025, "Spurious": 10151, "Possible": 33469, "Actual": 30595, "Precision": 0.5320505292896286, "Recall": 0.5376429592566119, "F1": 0.5337396674289098}}, "Scores_per_tag": {"Subjects": {"Ent_type": {"Correct": 7189, "Incorrect": 179, "Partial": 0, "Missed": 3584, "Spurious": 3540, "Possible": 10952, "Actual": 10908, "Precision": 0.620267452942578, "Recall": 0.6375089349535382, "F1": 0.625926256850131}, "Partial": {"Correct": 6777, "Incorrect": 0, "Partial": 591, "Missed": 3584, "Spurious": 3540, "Possible": 10952, "Actual": 10908, "Precision": 0.6165356206814391, "Recall": 0.6283059328091494, "F1": 0.6204416845365738}, "Strict": {"Correct": 6612, "Incorrect": 756, "Partial": 0, "Missed": 3584, "Spurious": 3540, "Possible": 10952, "Actual": 10908, "Precision": 0.5875625446747677, "Recall": 0.5883666904932094, "F1": 0.5878842030021444}, "Exact": {"Correct": 6777, "Incorrect": 591, "Partial": 0, "Missed": 3584, "Spurious": 3540, "Possible": 10952, "Actual": 10908, "Precision": 0.5996247319513939, "Recall": 0.6031093638313081, "F1": 0.6008398856325947}}, "Predicates": {"Ent_type": {"Correct": 6735, "Incorrect": 282, "Partial": 0, "Missed": 4340, "Spurious": 3183, "Possible": 11357, "Actual": 10200, "Precision": 0.5718072432690017, "Recall": 0.5870264474624732, "F1": 0.5769805813676435}, "Partial": {"Correct": 5726, "Incorrect": 0, "Partial": 1291, "Missed": 4340, "Spurious": 3183, "Possible": 11357, "Actual": 10200, "Precision": 0.545467744817727, "Recall": 0.5582335596854896, "F1": 0.5498466166309268}, "Strict": {"Correct": 5719, "Incorrect": 1298, "Partial": 0, "Missed": 4340, "Spurious": 3183, "Possible": 11357, "Actual": 10200, "Precision": 0.5010349654515129, "Recall": 0.5036186561829878, "F1": 0.5020431260424112}, "Exact": {"Correct": 5726, "Incorrect": 1291, "Partial": 0, "Missed": 4340, "Spurious": 3183, "Possible": 11357, "Actual": 10200, "Precision": 0.5013923635930426, "Recall": 0.5042441029306648, "F1": 0.5024898737193233}}, "Objects": {"Ent_type": {"Correct": 5934, "Incorrect": 125, "Partial": 0, "Missed": 5101, "Spurious": 3428, "Possible": 11160, "Actual": 9487, "Precision": 0.5250804145818442, "Recall": 0.5290385989992852, "F1": 0.5262704652983423}, "Partial": {"Correct": 5602, "Incorrect": 0, "Partial": 457, "Missed": 5101, "Spurious": 3428, "Possible": 11160, "Actual": 9487, "Precision": 0.5138454550869669, "Recall": 0.520081308077198, "F1": 0.5158608189523128}, "Strict": {"Correct": 5514, "Incorrect": 545, "Partial": 0, "Missed": 5101, "Spurious": 3428, "Possible": 11160, "Actual": 9487, "Precision": 0.4918438765785085, "Recall": 0.4920925661186562, "F1": 0.49192960958507775}, "Exact": {"Correct": 5602, "Incorrect": 457, "Partial": 0, "Missed": 5101, "Spurious": 3428, "Possible": 11160, "Actual": 9487, "Precision": 0.49622200381224685, "Recall": 0.4999553252323088, "F1": 0.49746928077878755}}}, "Exact_match": {"Precision": 0.1230892395362945, "Recall": 0.08838337428530094, "F1": 0.0956527768558764}}