{"Total_scores": {"Ent_type": {"Correct": 26498, "Incorrect": 80, "Partial": 0, "Missed": 9842, "Spurious": 10839, "Possible": 36420, "Actual": 37417, "Precision": 0.6962054775081595, "Recall": 0.7239052078898822, "F1": 0.707688740472904}, "Partial": {"Correct": 24205, "Incorrect": 0, "Partial": 2373, "Missed": 9842, "Spurious": 10839, "Possible": 36420, "Actual": 37417, "Precision": 0.6752149175265395, "Recall": 0.6984887186036611, "F1": 0.6847693900631321}, "Strict": {"Correct": 24131, "Incorrect": 2447, "Partial": 0, "Missed": 9842, "Spurious": 10839, "Possible": 36420, "Actual": 37417, "Precision": 0.6507590531600749, "Recall": 0.6667716758904498, "F1": 0.6575272275144561}, "Exact": {"Correct": 24205, "Incorrect": 2373, "Partial": 0, "Missed": 9842, "Spurious": 10839, "Possible": 36420, "Actual": 37417, "Precision": 0.6523994675207957, "Recall": 0.6698084291187739, "F1": 0.6595893005343836}}, "Scores_per_tag": {"Subjects": {"Ent_type": {"Correct": 9497, "Incorrect": 12, "Partial": 0, "Missed": 2774, "Spurious": 3207, "Possible": 12283, "Actual": 12716, "Precision": 0.7325670498084291, "Recall": 0.7575138356747552, "F1": 0.7420178799489144}, "Partial": {"Correct": 8710, "Incorrect": 0, "Partial": 799, "Missed": 2774, "Spurious": 3207, "Possible": 12283, "Actual": 12716, "Precision": 0.7202639421030226, "Recall": 0.7372924648786717, "F1": 0.7267915425003547}, "Strict": {"Correct": 8699, "Incorrect": 810, "Partial": 0, "Missed": 2774, "Spurious": 3207, "Possible": 12283, "Actual": 12716, "Precision": 0.706598552575564, "Recall": 0.7151128139633887, "F1": 0.7100042571306939}, "Exact": {"Correct": 8710, "Incorrect": 799, "Partial": 0, "Missed": 2774, "Spurious": 3207, "Possible": 12283, "Actual": 12716, "Precision": 0.707237122179651, "Recall": 0.7160493827160493, "F1": 0.7107421597843053}}, "Predicates": {"Ent_type": {"Correct": 8915, "Incorrect": 5, "Partial": 0, "Missed": 3155, "Spurious": 3363, "Possible": 12075, "Actual": 12283, "Precision": 0.7117681282815382, "Recall": 0.7309493401447424, "F1": 0.7184795961807456}, "Partial": {"Correct": 7940, "Incorrect": 0, "Partial": 980, "Missed": 3155, "Spurious": 3363, "Possible": 12075, "Actual": 12283, "Precision": 0.6846189868028949, "Recall": 0.6966794380587484, "F1": 0.688950515923696}, "Strict": {"Correct": 7938, "Incorrect": 982, "Partial": 0, "Missed": 3155, "Spurious": 3363, "Possible": 12075, "Actual": 12283, "Precision": 0.6570867035617993, "Recall": 0.6618135376756067, "F1": 0.6589673417259624}, "Exact": {"Correct": 7940, "Incorrect": 980, "Partial": 0, "Missed": 3155, "Spurious": 3363, "Possible": 12075, "Actual": 12283, "Precision": 0.6571718461756776, "Recall": 0.6619838229033631, "F1": 0.6590808652111334}}, "Objects": {"Ent_type": {"Correct": 8086, "Incorrect": 63, "Partial": 0, "Missed": 3913, "Spurious": 4269, "Possible": 12062, "Actual": 12418, "Precision": 0.6443941697581544, "Recall": 0.6608769689229459, "F1": 0.6498329583003912}, "Partial": {"Correct": 7555, "Incorrect": 0, "Partial": 594, "Missed": 3913, "Spurious": 4269, "Possible": 12062, "Actual": 12418, "Precision": 0.6336785663605587, "Recall": 0.6478501489995743, "F1": 0.6383840134606418}, "Strict": {"Correct": 7494, "Incorrect": 655, "Partial": 0, "Missed": 3913, "Spurious": 4269, "Possible": 12062, "Actual": 12418, "Precision": 0.6175138356747553, "Recall": 0.6242656449553001, "F1": 0.6197830890551197}, "Exact": {"Correct": 7555, "Incorrect": 594, "Partial": 0, "Missed": 3913, "Spurious": 4269, "Possible": 12062, "Actual": 12418, "Precision": 0.62019582801192, "Recall": 0.6294593444018731, "F1": 0.6233023170954205}}}, "Exact_match": {"Precision": 0.19976035900934713, "Recall": 0.14615021862124145, "F1": 0.15882272691078142}}