{"Total_scores": {"Ent_type": {"Correct": 26307, "Incorrect": 102, "Partial": 0, "Missed": 10461, "Spurious": 10278, "Possible": 36870, "Actual": 36687, "Precision": 0.6908552064515368, "Recall": 0.7094498167892663, "F1": 0.698594269236471}, "Partial": {"Correct": 24653, "Incorrect": 0, "Partial": 1756, "Missed": 10461, "Spurious": 10278, "Possible": 36870, "Actual": 36687, "Precision": 0.6748087209096383, "Recall": 0.691127365898008, "F1": 0.6814596706798541}, "Strict": {"Correct": 24557, "Incorrect": 1852, "Partial": 0, "Missed": 10461, "Spurious": 10278, "Possible": 36870, "Actual": 36687, "Precision": 0.6537700872563258, "Recall": 0.6652698570129763, "F1": 0.6586418003849196}, "Exact": {"Correct": 24653, "Incorrect": 1756, "Partial": 0, "Missed": 10461, "Spurious": 10278, "Possible": 36870, "Actual": 36687, "Precision": 0.6561766222316681, "Recall": 0.6689340716863652, "F1": 0.6613897646007738}}, "Scores_per_tag": {"Subjects": {"Ent_type": {"Correct": 8454, "Incorrect": 33, "Partial": 0, "Missed": 3975, "Spurious": 4096, "Possible": 12462, "Actual": 12583, "Precision": 0.6458384990495082, "Recall": 0.663773865608728, "F1": 0.6525938782819517}, "Partial": {"Correct": 7896, "Incorrect": 0, "Partial": 591, "Missed": 3975, "Spurious": 4096, "Possible": 12462, "Actual": 12583, "Precision": 0.6383378791635672, "Recall": 0.6508182494421026, "F1": 0.6430806953742734}, "Strict": {"Correct": 7865, "Incorrect": 622, "Partial": 0, "Missed": 3975, "Spurious": 4096, "Possible": 12462, "Actual": 12583, "Precision": 0.626746012067113, "Recall": 0.6325729399123895, "F1": 0.6290767832052235}, "Exact": {"Correct": 7896, "Incorrect": 591, "Partial": 0, "Missed": 3975, "Spurious": 4096, "Possible": 12462, "Actual": 12583, "Precision": 0.628729647078271, "Recall": 0.6351351351351351, "F1": 0.6312532716202441}}, "Predicates": {"Ent_type": {"Correct": 9030, "Incorrect": 5, "Partial": 0, "Missed": 3190, "Spurious": 3204, "Possible": 12225, "Actual": 12239, "Precision": 0.7191007521282751, "Recall": 0.7359285891395984, "F1": 0.7243963491669914}, "Partial": {"Correct": 8299, "Incorrect": 0, "Partial": 736, "Missed": 3190, "Spurious": 3204, "Possible": 12225, "Actual": 12239, "Precision": 0.6990908339532192, "Recall": 0.7085296305479791, "F1": 0.7021333915829329}, "Strict": {"Correct": 8298, "Incorrect": 737, "Partial": 0, "Missed": 3190, "Spurious": 3204, "Possible": 12225, "Actual": 12239, "Precision": 0.6788329614017687, "Recall": 0.6806347632035705, "F1": 0.6795398281636814}, "Exact": {"Correct": 8299, "Incorrect": 736, "Partial": 0, "Missed": 3190, "Spurious": 3204, "Possible": 12225, "Actual": 12239, "Precision": 0.6788742871311678, "Recall": 0.6807174146623688, "F1": 0.6795949291362136}}, "Objects": {"Ent_type": {"Correct": 8823, "Incorrect": 64, "Partial": 0, "Missed": 3296, "Spurious": 2978, "Possible": 12183, "Actual": 11865, "Precision": 0.7165936578780615, "Recall": 0.7208860236383172, "F1": 0.7181089346226961}, "Partial": {"Correct": 8458, "Incorrect": 0, "Partial": 429, "Missed": 3296, "Spurious": 2978, "Possible": 12183, "Actual": 11865, "Precision": 0.7051057938672618, "Recall": 0.7105339284238367, "F1": 0.7069950684629583}, "Strict": {"Correct": 8394, "Incorrect": 493, "Partial": 0, "Missed": 3296, "Spurious": 2978, "Possible": 12183, "Actual": 11865, "Precision": 0.6880802821169794, "Recall": 0.6896024464831805, "F1": 0.688662974901507}, "Exact": {"Correct": 8458, "Incorrect": 429, "Partial": 0, "Missed": 3296, "Spurious": 2978, "Possible": 12183, "Actual": 11865, "Precision": 0.6908491059867207, "Recall": 0.6948921398462683, "F1": 0.6922720886023638}}}, "Exact_match": {"Precision": 0.20009049533246678, "Recall": 0.1442523479546021, "F1": 0.15702045760860342}}