{"Total_scores": {"Ent_type": {"Correct": 23049, "Incorrect": 237, "Partial": 0, "Missed": 11431, "Spurious": 10614, "Possible": 34717, "Actual": 33900, "Precision": 0.6521360407339842, "Recall": 0.6626989659579412, "F1": 0.6563258122730065}, "Partial": {"Correct": 21315, "Incorrect": 0, "Partial": 1971, "Missed": 11431, "Spurious": 10614, "Possible": 34717, "Actual": 33900, "Precision": 0.6363143899785587, "Recall": 0.6426259149529453, "F1": 0.6382040699028325}, "Strict": {"Correct": 21116, "Incorrect": 2170, "Partial": 0, "Missed": 11431, "Spurious": 10614, "Possible": 34717, "Actual": 33900, "Precision": 0.6029038580798776, "Recall": 0.6089447542697805, "F1": 0.605276687605025}, "Exact": {"Correct": 21315, "Incorrect": 1971, "Partial": 0, "Missed": 11431, "Spurious": 10614, "Possible": 34717, "Actual": 33900, "Precision": 0.61047473062548, "Recall": 0.6151461020099919, "F1": 0.6119249307293922}}, "Scores_per_tag": {"Subjects": {"Ent_type": {"Correct": 8146, "Incorrect": 127, "Partial": 0, "Missed": 3249, "Spurious": 2952, "Possible": 11522, "Actual": 11225, "Precision": 0.6984431276867666, "Recall": 0.7044266294876264, "F1": 0.7005576856047403}, "Partial": {"Correct": 8085, "Incorrect": 0, "Partial": 188, "Missed": 3249, "Spurious": 2952, "Possible": 11522, "Actual": 11225, "Precision": 0.7040998605785989, "Recall": 0.7086528407110492, "F1": 0.7057075636110143}, "Strict": {"Correct": 7966, "Incorrect": 307, "Partial": 0, "Missed": 3249, "Spurious": 2952, "Possible": 11522, "Actual": 11225, "Precision": 0.6905425816196119, "Recall": 0.6914430115022656, "F1": 0.6909027535726734}, "Exact": {"Correct": 8085, "Incorrect": 188, "Partial": 0, "Missed": 3249, "Spurious": 2952, "Possible": 11522, "Actual": 11225, "Precision": 0.6998663878238643, "Recall": 0.701812478215406, "F1": 0.7005751132798884}}, "Predicates": {"Ent_type": {"Correct": 8009, "Incorrect": 32, "Partial": 0, "Missed": 3686, "Spurious": 3580, "Possible": 11727, "Actual": 11621, "Precision": 0.6572557220866736, "Recall": 0.6760195189961659, "F1": 0.6638375740676193}, "Partial": {"Correct": 6705, "Incorrect": 0, "Partial": 1336, "Missed": 3686, "Spurious": 3580, "Possible": 11727, "Actual": 11621, "Precision": 0.614514348785872, "Recall": 0.6260674451028233, "F1": 0.61864470779598}, "Strict": {"Correct": 6702, "Incorrect": 1339, "Partial": 0, "Missed": 3686, "Spurious": 3580, "Possible": 11727, "Actual": 11621, "Precision": 0.5693331009643313, "Recall": 0.573065528058557, "F1": 0.5708086441268735}, "Exact": {"Correct": 6705, "Incorrect": 1336, "Partial": 0, "Missed": 3686, "Spurious": 3580, "Possible": 11727, "Actual": 11621, "Precision": 0.5694638085279423, "Recall": 0.573326943185779, "F1": 0.5709829208783548}}, "Objects": {"Ent_type": {"Correct": 6894, "Incorrect": 78, "Partial": 0, "Missed": 4496, "Spurious": 4082, "Possible": 11468, "Actual": 11054, "Precision": 0.5948917547732466, "Recall": 0.5996863018473335, "F1": 0.5963128018722302}, "Partial": {"Correct": 6525, "Incorrect": 0, "Partial": 447, "Missed": 4496, "Spurious": 4082, "Possible": 11468, "Actual": 11054, "Precision": 0.5834470973238837, "Recall": 0.5872690833042872, "F1": 0.5846329399658086}, "Strict": {"Correct": 6448, "Incorrect": 524, "Partial": 0, "Missed": 4496, "Spurious": 4082, "Possible": 11468, "Actual": 11054, "Precision": 0.5611101429069362, "Recall": 0.561345416521436, "F1": 0.5611893973343955}, "Exact": {"Correct": 6525, "Incorrect": 447, "Partial": 0, "Missed": 4496, "Spurious": 4082, "Possible": 11468, "Actual": 11054, "Precision": 0.5665127222028581, "Recall": 0.5680550714534681, "F1": 0.5670276685090209}}}, "Exact_match": {"Precision": 0.17494461677280115, "Recall": 0.12429409405781278, "F1": 0.13496759387590754}}