{"Total_scores": {"Ent_type": {"Correct": 8529, "Incorrect": 680, "Partial": 0, "Missed": 44383, "Spurious": 108314, "Possible": 53592, "Actual": 117523, "Precision": 0.07581127016732105, "Recall": 0.07789406520600278, "F1": 0.07633971347611881}, "Partial": {"Correct": 7515, "Incorrect": 0, "Partial": 1694, "Missed": 44383, "Spurious": 108314, "Possible": 53592, "Actual": 117523, "Precision": 0.07604340713268459, "Recall": 0.07756562733968252, "F1": 0.07616060710473785}, "Exact": {"Correct": 7515, "Incorrect": 1694, "Partial": 0, "Missed": 44383, "Spurious": 108314, "Possible": 53592, "Actual": 117523, "Precision": 0.06933715120098045, "Recall": 0.0697344179891998, "F1": 0.06902829690441063}, "Strict": {"Correct": 6913, "Incorrect": 2296, "Partial": 0, "Missed": 44383, "Spurious": 108314, "Possible": 53592, "Actual": 117523, "Precision": 0.06336073363061674, "Recall": 0.06339668639469355, "F1": 0.06308807194381945}}, "Scores_per_tag": {"Subjects": {"Ent_type": {"Correct": 2812, "Incorrect": 381, "Partial": 0, "Missed": 14524, "Spurious": 35827, "Possible": 17717, "Actual": 39020, "Precision": 0.07905921110171281, "Recall": 0.08074118556176374, "F1": 0.07962635905604223}, "Partial": {"Correct": 2852, "Incorrect": 0, "Partial": 341, "Missed": 14524, "Spurious": 35827, "Possible": 17717, "Actual": 39020, "Precision": 0.08217679489540938, "Recall": 0.0854617784799886, "F1": 0.0832766567743368}, "Exact": {"Correct": 2852, "Incorrect": 341, "Partial": 0, "Missed": 14524, "Spurious": 35827, "Possible": 17717, "Actual": 39020, "Precision": 0.07823490910266985, "Recall": 0.08051327036891277, "F1": 0.07899760775857372}, "Strict": {"Correct": 2517, "Incorrect": 676, "Partial": 0, "Missed": 14524, "Spurious": 35827, "Possible": 17717, "Actual": 39020, "Precision": 0.0721478804948308, "Recall": 0.07219655400217419, "F1": 0.07216734989776816}}, "Predicates": {"Ent_type": {"Correct": 2792, "Incorrect": 28, "Partial": 0, "Missed": 15340, "Spurious": 37243, "Possible": 18160, "Actual": 40063, "Precision": 0.05884251103106419, "Recall": 0.0696549245948982, "F1": 0.0623833781474748}, "Partial": {"Correct": 1739, "Incorrect": 0, "Partial": 1081, "Missed": 15340, "Spurious": 37243, "Possible": 18160, "Actual": 40063, "Precision": 0.05182304749107149, "Recall": 0.058259943451632955, "F1": 0.05397662479972821}, "Exact": {"Correct": 1739, "Incorrect": 1081, "Partial": 0, "Missed": 15340, "Spurious": 37243, "Possible": 18160, "Actual": 40063, "Precision": 0.04402529593915509, "Recall": 0.04530838628452032, "F1": 0.04453215410275002}, "Strict": {"Correct": 1734, "Incorrect": 1086, "Partial": 0, "Missed": 15340, "Spurious": 37243, "Possible": 18160, "Actual": 40063, "Precision": 0.04392962632088765, "Recall": 0.045117047047985435, "F1": 0.044404594611726765}}, "Objects": {"Ent_type": {"Correct": 2925, "Incorrect": 271, "Partial": 0, "Missed": 14519, "Spurious": 35244, "Possible": 17715, "Actual": 38440, "Precision": 0.08001030565787673, "Recall": 0.08011379275889692, "F1": 0.08004777847448032}, "Partial": {"Correct": 2924, "Incorrect": 0, "Partial": 272, "Missed": 14519, "Spurious": 35244, "Possible": 17715, "Actual": 38440, "Precision": 0.08047558021986059, "Recall": 0.08279358799739053, "F1": 0.08125048231623488}, "Exact": {"Correct": 2924, "Incorrect": 272, "Partial": 0, "Missed": 14519, "Spurious": 35244, "Possible": 17715, "Actual": 38440, "Precision": 0.07618819418392746, "Recall": 0.07842005434842914, "F1": 0.07693363613022645}, "Strict": {"Correct": 2662, "Incorrect": 534, "Partial": 0, "Missed": 14519, "Spurious": 35244, "Possible": 17715, "Actual": 38440, "Precision": 0.07162534828861285, "Recall": 0.07165444695794077, "F1": 0.07163653640318725}}}, "Exact_match": {"Precision": 0.013810278469549468, "Recall": 0.013772545468266546, "F1": 0.013785123135360853}}