{"Total_scores": {"Ent_type": {"Correct": 23866, "Incorrect": 170, "Partial": 0, "Missed": 9326, "Spurious": 9960, "Possible": 33362, "Actual": 33996, "Precision": 0.6909636916817915, "Recall": 0.7104554102989014, "F1": 0.6989994773736258}, "Partial": {"Correct": 22064, "Incorrect": 0, "Partial": 1972, "Missed": 9326, "Spurious": 9960, "Possible": 33362, "Actual": 33996, "Precision": 0.6730619781208991, "Recall": 0.6899619468483398, "F1": 0.6799101637943472}, "Strict": {"Correct": 21898, "Incorrect": 2138, "Partial": 0, "Missed": 9326, "Spurious": 9960, "Possible": 33362, "Actual": 33996, "Precision": 0.6438210391257712, "Recall": 0.6567636408273492, "F1": 0.649140987697423}, "Exact": {"Correct": 22064, "Incorrect": 1972, "Partial": 0, "Missed": 9326, "Spurious": 9960, "Possible": 33362, "Actual": 33996, "Precision": 0.649421603785441, "Recall": 0.6630393420487326, "F1": 0.6549103364975212}}, "Scores_per_tag": {"Subjects": {"Ent_type": {"Correct": 8876, "Incorrect": 97, "Partial": 0, "Missed": 2468, "Spurious": 2990, "Possible": 11441, "Actual": 11963, "Precision": 0.7369115571104156, "Recall": 0.7575032222426809, "F1": 0.7450960535199165}, "Partial": {"Correct": 8272, "Incorrect": 0, "Partial": 701, "Missed": 2468, "Spurious": 2990, "Possible": 11441, "Actual": 11963, "Precision": 0.7308199840422267, "Recall": 0.7490793592340269, "F1": 0.7378981771312834}, "Strict": {"Correct": 8176, "Incorrect": 797, "Partial": 0, "Missed": 2468, "Spurious": 2990, "Possible": 11441, "Actual": 11963, "Precision": 0.712944209169582, "Recall": 0.7228871294420917, "F1": 0.7169213772785858}, "Exact": {"Correct": 8272, "Incorrect": 701, "Partial": 0, "Missed": 2468, "Spurious": 2990, "Possible": 11441, "Actual": 11963, "Precision": 0.7187902780335114, "Recall": 0.7317252807954336, "F1": 0.7237648069723194}}, "Predicates": {"Ent_type": {"Correct": 7719, "Incorrect": 2, "Partial": 0, "Missed": 3280, "Spurious": 3404, "Possible": 11001, "Actual": 11125, "Precision": 0.6841434972073897, "Recall": 0.6978457006076229, "F1": 0.688588000105216}, "Partial": {"Correct": 6846, "Incorrect": 0, "Partial": 875, "Missed": 3280, "Spurious": 3404, "Possible": 11001, "Actual": 11125, "Precision": 0.6529905480881361, "Recall": 0.6609510219112502, "F1": 0.6556503231010689}, "Strict": {"Correct": 6846, "Incorrect": 875, "Partial": 0, "Missed": 3280, "Spurious": 3404, "Possible": 11001, "Actual": 11125, "Precision": 0.6216995028539863, "Recall": 0.6238722150616829, "F1": 0.6225592059692594}, "Exact": {"Correct": 6846, "Incorrect": 875, "Partial": 0, "Missed": 3280, "Spurious": 3404, "Possible": 11001, "Actual": 11125, "Precision": 0.6216995028539863, "Recall": 0.6238722150616829, "F1": 0.6225592059692594}}, "Objects": {"Ent_type": {"Correct": 7271, "Incorrect": 71, "Partial": 0, "Missed": 3578, "Spurious": 3566, "Possible": 10920, "Actual": 10908, "Precision": 0.6570315034502109, "Recall": 0.6632296078070337, "F1": 0.6588782649867164}, "Partial": {"Correct": 6946, "Incorrect": 0, "Partial": 396, "Missed": 3578, "Spurious": 3566, "Possible": 10920, "Actual": 10908, "Precision": 0.646144487992214, "Recall": 0.6530795433621801, "F1": 0.6483575330334674}, "Strict": {"Correct": 6876, "Incorrect": 466, "Partial": 0, "Missed": 3578, "Spurious": 3566, "Possible": 10920, "Actual": 10908, "Precision": 0.6285828269809121, "Recall": 0.6299484441171055, "F1": 0.6290600257779414}, "Exact": {"Correct": 6946, "Incorrect": 396, "Partial": 0, "Missed": 3578, "Spurious": 3566, "Possible": 10920, "Actual": 10908, "Precision": 0.6318971337384153, "Recall": 0.6363929294789173, "F1": 0.6334177254035476}}}, "Exact_match": {"Precision": 0.17818377906755728, "Recall": 0.13719199606658491, "F1": 0.1451511036642617}}