{"Total_scores": {"Ent_type": {"Correct": 24273, "Incorrect": 208, "Partial": 0, "Missed": 8169, "Spurious": 8980, "Possible": 32650, "Actual": 33461, "Precision": 0.7142275469692707, "Recall": 0.736057707336897, "F1": 0.7231463155827781}, "Partial": {"Correct": 22648, "Incorrect": 0, "Partial": 1833, "Missed": 8169, "Spurious": 8980, "Possible": 32650, "Actual": 33461, "Precision": 0.6997582688394374, "Recall": 0.719761480508925, "F1": 0.7077562714672346}, "Strict": {"Correct": 22444, "Incorrect": 2037, "Partial": 0, "Missed": 8169, "Spurious": 8980, "Possible": 32650, "Actual": 33461, "Precision": 0.671299806927679, "Recall": 0.6855215855450311, "F1": 0.6770596264219072}, "Exact": {"Correct": 22648, "Incorrect": 1833, "Partial": 0, "Missed": 8169, "Spurious": 8980, "Possible": 32650, "Actual": 33461, "Precision": 0.6782271882149965, "Recall": 0.6944152677482884, "F1": 0.6846488423577423}}, "Scores_per_tag": {"Subjects": {"Ent_type": {"Correct": 8982, "Incorrect": 53, "Partial": 0, "Missed": 2087, "Spurious": 2577, "Possible": 11122, "Actual": 11612, "Precision": 0.7629185032354872, "Recall": 0.7851448935571603, "F1": 0.7715933602175747}, "Partial": {"Correct": 8321, "Incorrect": 0, "Partial": 714, "Missed": 2087, "Spurious": 2577, "Possible": 11122, "Actual": 11612, "Precision": 0.7544702866610398, "Recall": 0.7709368845540655, "F1": 0.7609100003126075}, "Strict": {"Correct": 8271, "Incorrect": 764, "Partial": 0, "Missed": 2087, "Spurious": 2577, "Possible": 11122, "Actual": 11612, "Precision": 0.737534777579793, "Recall": 0.747069305073619, "F1": 0.7413485885773234}, "Exact": {"Correct": 8321, "Incorrect": 714, "Partial": 0, "Missed": 2087, "Spurious": 2577, "Possible": 11122, "Actual": 11612, "Precision": 0.7416611960361374, "Recall": 0.7517584169558286, "F1": 0.7456625715089562}}, "Predicates": {"Ent_type": {"Correct": 7889, "Incorrect": 0, "Partial": 0, "Missed": 2925, "Spurious": 3036, "Possible": 10814, "Actual": 10925, "Precision": 0.7112851292631842, "Recall": 0.7256869548907436, "F1": 0.7161653782773543}, "Partial": {"Correct": 7172, "Incorrect": 0, "Partial": 717, "Missed": 2925, "Spurious": 3036, "Possible": 10814, "Actual": 10925, "Precision": 0.6872073212666854, "Recall": 0.6956063021663696, "F1": 0.6901227207566887}, "Strict": {"Correct": 7172, "Incorrect": 717, "Partial": 0, "Missed": 2925, "Spurious": 3036, "Possible": 10814, "Actual": 10925, "Precision": 0.6631295132701867, "Recall": 0.6655256494419957, "F1": 0.6640800632360231}, "Exact": {"Correct": 7172, "Incorrect": 717, "Partial": 0, "Missed": 2925, "Spurious": 3036, "Possible": 10814, "Actual": 10925, "Precision": 0.6631295132701867, "Recall": 0.6655256494419957, "F1": 0.6640800632360231}}, "Objects": {"Ent_type": {"Correct": 7402, "Incorrect": 155, "Partial": 0, "Missed": 3157, "Spurious": 3367, "Possible": 10714, "Actual": 10924, "Precision": 0.6802097149466557, "Recall": 0.6882678420707118, "F1": 0.6824191798073445}, "Partial": {"Correct": 7155, "Incorrect": 0, "Partial": 402, "Missed": 3157, "Spurious": 3367, "Possible": 10714, "Actual": 10924, "Precision": 0.6735984021293033, "Recall": 0.685430929381975, "F1": 0.6773157513966854}, "Strict": {"Correct": 7001, "Incorrect": 556, "Partial": 0, "Missed": 3157, "Spurious": 3367, "Possible": 10714, "Actual": 10924, "Precision": 0.6523101691206352, "Recall": 0.6536153052611835, "F1": 0.6527681390477977}, "Exact": {"Correct": 7155, "Incorrect": 402, "Partial": 0, "Missed": 3157, "Spurious": 3367, "Possible": 10714, "Actual": 10924, "Precision": 0.659625183656882, "Recall": 0.6680577698583888, "F1": 0.6624589702710306}}}, "Exact_match": {"Precision": 0.17717869674584263, "Recall": 0.13507232110269288, "F1": 0.14379769990002847}}