{"Total_scores": {"Ent_type": {"Correct": 36435, "Incorrect": 332, "Partial": 0, "Missed": 12993, "Spurious": 13047, "Possible": 49760, "Actual": 49814, "Precision": 0.7123701590806854, "Recall": 0.7278207172944015, "F1": 0.7170920697236487}, "Partial": {"Correct": 34004, "Incorrect": 0, "Partial": 2763, "Missed": 12993, "Spurious": 13047, "Possible": 49760, "Actual": 49814, "Precision": 0.6969609459741039, "Recall": 0.7110400564347933, "F1": 0.7012546929412958}, "Strict": {"Correct": 33739, "Incorrect": 3028, "Partial": 0, "Missed": 12993, "Spurious": 13047, "Possible": 49760, "Actual": 49814, "Precision": 0.6679645890172206, "Recall": 0.6780548398969451, "F1": 0.671245669092559}, "Exact": {"Correct": 34004, "Incorrect": 2763, "Partial": 0, "Missed": 12993, "Spurious": 13047, "Possible": 49760, "Actual": 49814, "Precision": 0.6740468108889162, "Recall": 0.6851909786120313, "F1": 0.6775294437973863}}, "Scores_per_tag": {"Subjects": {"Ent_type": {"Correct": 13281, "Incorrect": 182, "Partial": 0, "Missed": 3404, "Spurious": 3734, "Possible": 16867, "Actual": 17197, "Precision": 0.755561689772216, "Recall": 0.7721138510612194, "F1": 0.7620251093935304}, "Partial": {"Correct": 12586, "Incorrect": 0, "Partial": 877, "Missed": 3404, "Spurious": 3734, "Possible": 16867, "Actual": 17197, "Precision": 0.7529750950803582, "Recall": 0.7670224512329775, "F1": 0.7583670715249663}, "Strict": {"Correct": 12452, "Incorrect": 1011, "Partial": 0, "Missed": 3404, "Spurious": 3734, "Possible": 16867, "Actual": 17197, "Precision": 0.7354516828201039, "Recall": 0.742546926757453, "F1": 0.7382897803950436}, "Exact": {"Correct": 12586, "Incorrect": 877, "Partial": 0, "Missed": 3404, "Spurious": 3734, "Possible": 16867, "Actual": 17197, "Precision": 0.742168650063387, "Recall": 0.7507667770825666, "F1": 0.7455077086656035}}, "Predicates": {"Ent_type": {"Correct": 11675, "Incorrect": 13, "Partial": 0, "Missed": 4754, "Spurious": 4493, "Possible": 16442, "Actual": 16181, "Precision": 0.6961221527011001, "Recall": 0.7076432339590234, "F1": 0.6997528787002472}, "Partial": {"Correct": 10783, "Incorrect": 0, "Partial": 905, "Missed": 4754, "Spurious": 4493, "Possible": 16442, "Actual": 16181, "Precision": 0.676079110947532, "Recall": 0.6827689854005643, "F1": 0.6782416413995361}, "Strict": {"Correct": 10781, "Incorrect": 907, "Partial": 0, "Missed": 4754, "Spurious": 4493, "Possible": 16442, "Actual": 16181, "Precision": 0.655483989694516, "Recall": 0.6570666175929334, "F1": 0.6560842666105824}, "Exact": {"Correct": 10783, "Incorrect": 905, "Partial": 0, "Missed": 4754, "Spurious": 4493, "Possible": 16442, "Actual": 16181, "Precision": 0.6555351081666871, "Recall": 0.6571586308428413, "F1": 0.6561496982549614}}, "Objects": {"Ent_type": {"Correct": 11479, "Incorrect": 137, "Partial": 0, "Missed": 4835, "Spurious": 4820, "Possible": 16451, "Actual": 16436, "Precision": 0.6748486893223735, "Recall": 0.6891178996442154, "F1": 0.6791941976152502}, "Partial": {"Correct": 10635, "Incorrect": 0, "Partial": 981, "Missed": 4835, "Spurious": 4820, "Possible": 16451, "Actual": 16436, "Precision": 0.6587525048051364, "Recall": 0.6711906514538093, "F1": 0.662729229834493}, "Strict": {"Correct": 10506, "Incorrect": 1110, "Partial": 0, "Missed": 4835, "Spurious": 4820, "Possible": 16451, "Actual": 16436, "Precision": 0.6337310350468245, "Recall": 0.6369463869463869, "F1": 0.6348750664540138}, "Exact": {"Correct": 10635, "Incorrect": 981, "Partial": 0, "Missed": 4835, "Spurious": 4820, "Possible": 16451, "Actual": 16436, "Precision": 0.6379636445425919, "Recall": 0.6448595264384738, "F1": 0.6403345192818877}}}, "Exact_match": {"Precision": 0.16393661605697743, "Recall": 0.10510815976140685, "F1": 0.11858792096919435}}