{"Total_scores": {"Ent_type": {"Correct": 22137, "Incorrect": 374, "Partial": 0, "Missed": 9862, "Spurious": 9253, "Possible": 32373, "Actual": 31764, "Precision": 0.6605644016748816, "Recall": 0.679945722490454, "F1": 0.668419183244517}, "Partial": {"Correct": 20090, "Incorrect": 0, "Partial": 2421, "Missed": 9862, "Spurious": 9253, "Possible": 32373, "Actual": 31764, "Precision": 0.6421305397874554, "Recall": 0.659403894095743, "F1": 0.6488701611536033}, "Strict": {"Correct": 19731, "Incorrect": 2780, "Partial": 0, "Missed": 9862, "Spurious": 9253, "Possible": 32373, "Actual": 31764, "Precision": 0.5989499203500908, "Recall": 0.6101612546940579, "F1": 0.603553747944546}, "Exact": {"Correct": 20090, "Incorrect": 2421, "Partial": 0, "Missed": 9862, "Spurious": 9253, "Possible": 32373, "Actual": 31764, "Precision": 0.611047178073591, "Recall": 0.6242276499731768, "F1": 0.6161707894596279}}, "Scores_per_tag": {"Subjects": {"Ent_type": {"Correct": 7875, "Incorrect": 168, "Partial": 0, "Missed": 2507, "Spurious": 2051, "Possible": 10550, "Actual": 10094, "Precision": 0.7295433746725993, "Recall": 0.7359651614124775, "F1": 0.7318754141815772}, "Partial": {"Correct": 7850, "Incorrect": 0, "Partial": 193, "Missed": 2507, "Spurious": 2051, "Possible": 10550, "Actual": 10094, "Precision": 0.7379926788475496, "Recall": 0.745124491148348, "F1": 0.7405187920098457}, "Strict": {"Correct": 7687, "Incorrect": 356, "Partial": 0, "Missed": 2507, "Spurious": 2051, "Possible": 10550, "Actual": 10094, "Precision": 0.7213544132033197, "Recall": 0.7229480261289406, "F1": 0.7219918583735682}, "Exact": {"Correct": 7850, "Incorrect": 193, "Partial": 0, "Missed": 2507, "Spurious": 2051, "Possible": 10550, "Actual": 10094, "Precision": 0.7337561930007258, "Recall": 0.7383792483196062, "F1": 0.7354034523020606}}, "Predicates": {"Ent_type": {"Correct": 8110, "Incorrect": 10, "Partial": 0, "Missed": 3171, "Spurious": 3409, "Possible": 11291, "Actual": 11529, "Precision": 0.6657467891066301, "Recall": 0.6988544920950488, "F1": 0.6779765849348355}, "Partial": {"Correct": 6323, "Incorrect": 0, "Partial": 1797, "Missed": 3171, "Spurious": 3409, "Possible": 11291, "Actual": 11529, "Precision": 0.6094441288775285, "Recall": 0.6319700842563666, "F1": 0.617927356495945}, "Strict": {"Correct": 6321, "Incorrect": 1799, "Partial": 0, "Missed": 3171, "Spurious": 3409, "Possible": 11291, "Actual": 11529, "Precision": 0.5523841080501121, "Recall": 0.563949635520212, "F1": 0.5569945406923538}, "Exact": {"Correct": 6323, "Incorrect": 1797, "Partial": 0, "Missed": 3171, "Spurious": 3409, "Possible": 11291, "Actual": 11529, "Precision": 0.552526113162296, "Recall": 0.5641389756697908, "F1": 0.5571523241503361}}, "Objects": {"Ent_type": {"Correct": 6152, "Incorrect": 196, "Partial": 0, "Missed": 4184, "Spurious": 3793, "Possible": 10532, "Actual": 10141, "Precision": 0.5734587185879433, "Recall": 0.5791915175612988, "F1": 0.5752771353736988}, "Partial": {"Correct": 5917, "Incorrect": 0, "Partial": 431, "Missed": 4184, "Spurious": 3793, "Possible": 10532, "Actual": 10141, "Precision": 0.5676060041865211, "Recall": 0.578150146738616, "F1": 0.5710875337543898}, "Strict": {"Correct": 5723, "Incorrect": 625, "Partial": 0, "Missed": 4184, "Spurious": 3793, "Possible": 10532, "Actual": 10141, "Precision": 0.5396004922843889, "Recall": 0.5401874467480829, "F1": 0.539822290745324}, "Exact": {"Correct": 5917, "Incorrect": 431, "Partial": 0, "Missed": 4184, "Spurious": 3793, "Possible": 10532, "Actual": 10141, "Precision": 0.5506295559973492, "Recall": 0.5585534412572186, "F1": 0.5532969980570094}}}, "Exact_match": {"Precision": 0.14816138298350634, "Recall": 0.1000950642124579, "F1": 0.10985012125468364}}