{"Total_scores": {"Ent_type": {"Correct": 21942, "Incorrect": 74, "Partial": 0, "Missed": 10890, "Spurious": 11252, "Possible": 32906, "Actual": 33268, "Precision": 0.6432865835363055, "Recall": 0.6642296763034347, "F1": 0.6518970749002254}, "Partial": {"Correct": 20165, "Incorrect": 0, "Partial": 1851, "Missed": 10890, "Spurious": 11252, "Possible": 32906, "Actual": 33268, "Precision": 0.6230048970724934, "Recall": 0.6409276933531011, "F1": 0.63023717798551}, "Strict": {"Correct": 20095, "Incorrect": 1921, "Partial": 0, "Missed": 10890, "Spurious": 11252, "Possible": 32906, "Actual": 33268, "Precision": 0.5988808582489087, "Recall": 0.6112938596491228, "F1": 0.6040483531171077}, "Exact": {"Correct": 20165, "Incorrect": 1851, "Partial": 0, "Missed": 10890, "Spurious": 11252, "Possible": 32906, "Actual": 33268, "Precision": 0.6007402602751009, "Recall": 0.614367123795404, "F1": 0.6062386881095183}}, "Scores_per_tag": {"Subjects": {"Ent_type": {"Correct": 7791, "Incorrect": 20, "Partial": 0, "Missed": 3144, "Spurious": 3279, "Possible": 10955, "Actual": 11090, "Precision": 0.6853842352359772, "Recall": 0.7023721275018532, "F1": 0.6914813442055844}, "Partial": {"Correct": 7344, "Incorrect": 0, "Partial": 467, "Missed": 3144, "Spurious": 3279, "Possible": 10955, "Actual": 11090, "Precision": 0.6767976278724982, "Recall": 0.6874768346923648, "F1": 0.6806832221398567}, "Strict": {"Correct": 7324, "Incorrect": 487, "Partial": 0, "Missed": 3144, "Spurious": 3279, "Possible": 10955, "Actual": 11090, "Precision": 0.665616506053867, "Recall": 0.6688750926612306, "F1": 0.6669199406968125}, "Exact": {"Correct": 7344, "Incorrect": 467, "Partial": 0, "Missed": 3144, "Spurious": 3279, "Possible": 10955, "Actual": 11090, "Precision": 0.666913763281443, "Recall": 0.6707283172720534, "F1": 0.6684025203854708}}, "Predicates": {"Ent_type": {"Correct": 7610, "Incorrect": 3, "Partial": 0, "Missed": 3477, "Spurious": 3816, "Possible": 11090, "Actual": 11429, "Precision": 0.6524122807017544, "Recall": 0.6775389177168273, "F1": 0.6610297751420805}, "Partial": {"Correct": 6629, "Incorrect": 0, "Partial": 984, "Missed": 3477, "Spurious": 3816, "Possible": 11090, "Actual": 11429, "Precision": 0.6242123795404003, "Recall": 0.6391308376575241, "F1": 0.6294585495428713}, "Strict": {"Correct": 6629, "Incorrect": 984, "Partial": 0, "Missed": 3477, "Spurious": 3816, "Possible": 11090, "Actual": 11429, "Precision": 0.5958271559179639, "Recall": 0.6004447739065975, "F1": 0.5976711144057326}, "Exact": {"Correct": 6629, "Incorrect": 984, "Partial": 0, "Missed": 3477, "Spurious": 3816, "Possible": 11090, "Actual": 11429, "Precision": 0.5958271559179639, "Recall": 0.6004447739065975, "F1": 0.5976711144057326}}, "Objects": {"Ent_type": {"Correct": 6541, "Incorrect": 51, "Partial": 0, "Missed": 4269, "Spurious": 4157, "Possible": 10861, "Actual": 10749, "Precision": 0.592677556567475, "Recall": 0.5984062268346924, "F1": 0.5944559903279325}, "Partial": {"Correct": 6192, "Incorrect": 0, "Partial": 400, "Missed": 4269, "Spurious": 4157, "Possible": 10861, "Actual": 10749, "Precision": 0.5806890686222599, "Recall": 0.586522424017791, "F1": 0.5825936981538353}, "Strict": {"Correct": 6142, "Incorrect": 450, "Partial": 0, "Missed": 4269, "Spurious": 4157, "Possible": 10861, "Actual": 10749, "Precision": 0.5637432048430937, "Recall": 0.5652798369162343, "F1": 0.5643068939955522}, "Exact": {"Correct": 6192, "Incorrect": 400, "Partial": 0, "Missed": 4269, "Spurious": 4157, "Possible": 10861, "Actual": 10749, "Precision": 0.5661987274524339, "Recall": 0.5699128984432913, "F1": 0.5674882629107981}}}, "Exact_match": {"Precision": 0.20021566307654837, "Recall": 0.1510258357618878, "F1": 0.16200756197722196}}