{"Total_scores": {"Ent_type": {"Correct": 19795, "Incorrect": 325, "Partial": 0, "Missed": 9486, "Spurious": 8691, "Possible": 29606, "Actual": 28811, "Precision": 0.6466979066304633, "Recall": 0.6651083180053137, "F1": 0.6540136082360742}, "Partial": {"Correct": 18425, "Incorrect": 0, "Partial": 1695, "Missed": 9486, "Spurious": 8691, "Possible": 29606, "Actual": 28811, "Precision": 0.6355140482516325, "Recall": 0.6505611758294162, "F1": 0.6411253393440621}, "Strict": {"Correct": 18130, "Incorrect": 1990, "Partial": 0, "Missed": 9486, "Spurious": 8691, "Possible": 29606, "Actual": 28811, "Precision": 0.6006569151265656, "Recall": 0.6101778050275904, "F1": 0.6046567370311279}, "Exact": {"Correct": 18425, "Incorrect": 1695, "Partial": 0, "Missed": 9486, "Spurious": 8691, "Possible": 29606, "Actual": 28811, "Precision": 0.6115687619826184, "Recall": 0.6225764697867702, "F1": 0.6158354860700854}}, "Scores_per_tag": {"Subjects": {"Ent_type": {"Correct": 7458, "Incorrect": 125, "Partial": 0, "Missed": 2153, "Spurious": 1755, "Possible": 9736, "Actual": 9338, "Precision": 0.7454356563798624, "Recall": 0.7563866748416105, "F1": 0.7492131616595136}, "Partial": {"Correct": 7327, "Incorrect": 0, "Partial": 256, "Missed": 2153, "Spurious": 1755, "Possible": 9736, "Actual": 9338, "Precision": 0.7494635193133047, "Recall": 0.7575107296137339, "F1": 0.7522412970910825}, "Strict": {"Correct": 7204, "Incorrect": 379, "Partial": 0, "Missed": 2153, "Spurious": 1755, "Possible": 9736, "Actual": 9338, "Precision": 0.7323387151713332, "Recall": 0.733292458614347, "F1": 0.7327202125485387}, "Exact": {"Correct": 7327, "Incorrect": 256, "Partial": 0, "Missed": 2153, "Spurious": 1755, "Possible": 9736, "Actual": 9338, "Precision": 0.7428128619115744, "Recall": 0.7458614347026364, "F1": 0.7438926357381292}}, "Predicates": {"Ent_type": {"Correct": 6504, "Incorrect": 29, "Partial": 0, "Missed": 3550, "Spurious": 3562, "Possible": 10083, "Actual": 10095, "Precision": 0.6073131684719667, "Recall": 0.6342734518700184, "F1": 0.6162170447578172}, "Partial": {"Correct": 5446, "Incorrect": 0, "Partial": 1087, "Missed": 3550, "Spurious": 3562, "Possible": 10083, "Actual": 10095, "Precision": 0.5728378976769535, "Recall": 0.5892857142857143, "F1": 0.5784471013011786}, "Strict": {"Correct": 5444, "Incorrect": 1089, "Partial": 0, "Missed": 3550, "Spurious": 3562, "Possible": 10083, "Actual": 10095, "Precision": 0.5360634239389604, "Recall": 0.5411301859799714, "F1": 0.5380884256420737}, "Exact": {"Correct": 5446, "Incorrect": 1087, "Partial": 0, "Missed": 3550, "Spurious": 3562, "Possible": 10083, "Actual": 10095, "Precision": 0.5362167041351591, "Recall": 0.541334559574903, "F1": 0.5382587369711833}}, "Objects": {"Ent_type": {"Correct": 5833, "Incorrect": 171, "Partial": 0, "Missed": 3783, "Spurious": 3374, "Possible": 9787, "Actual": 9378, "Precision": 0.5853029183501286, "Recall": 0.5925812385039853, "F1": 0.5875794380699347}, "Partial": {"Correct": 5652, "Incorrect": 0, "Partial": 352, "Missed": 3783, "Spurious": 3374, "Possible": 9787, "Actual": 9378, "Precision": 0.5833620242418526, "Recall": 0.5929388922951154, "F1": 0.5864838496199625}, "Strict": {"Correct": 5482, "Incorrect": 522, "Partial": 0, "Missed": 3783, "Spurious": 3374, "Possible": 9787, "Actual": 9378, "Precision": 0.5577648865202514, "Recall": 0.558450848150419, "F1": 0.5580021994491645}, "Exact": {"Correct": 5652, "Incorrect": 352, "Partial": 0, "Missed": 3783, "Spurious": 3374, "Possible": 9787, "Actual": 9378, "Precision": 0.5695674616275475, "Recall": 0.5758226037195995, "F1": 0.5716611680437554}}}, "Exact_match": {"Precision": 0.1719703154306895, "Recall": 0.12095846977178505, "F1": 0.13027427694134416}}