{"Total_scores": {"Ent_type": {"Correct": 24581, "Incorrect": 207, "Partial": 0, "Missed": 10125, "Spurious": 9364, "Possible": 34913, "Actual": 34152, "Precision": 0.6847321868951254, "Recall": 0.7017407955435634, "F1": 0.6915240840821831}, "Partial": {"Correct": 22883, "Incorrect": 0, "Partial": 1905, "Missed": 10125, "Spurious": 9364, "Possible": 34913, "Actual": 34152, "Precision": 0.6690334232744364, "Recall": 0.682869121188383, "F1": 0.6744155052885142}, "Strict": {"Correct": 22699, "Incorrect": 2089, "Partial": 0, "Missed": 10125, "Spurious": 9364, "Possible": 34913, "Actual": 34152, "Precision": 0.6405833322971455, "Recall": 0.650375721704819, "F1": 0.6446360073133508}, "Exact": {"Correct": 22883, "Incorrect": 1905, "Partial": 0, "Missed": 10125, "Spurious": 9364, "Possible": 34913, "Actual": 34152, "Precision": 0.6465484583597562, "Recall": 0.6568166652160037, "F1": 0.6506117024917617}}, "Scores_per_tag": {"Subjects": {"Ent_type": {"Correct": 8898, "Incorrect": 103, "Partial": 0, "Missed": 2646, "Spurious": 2570, "Possible": 11647, "Actual": 11571, "Precision": 0.7361679287434357, "Recall": 0.7551571067978066, "F1": 0.7429222154524617}, "Partial": {"Correct": 8459, "Incorrect": 0, "Partial": 542, "Missed": 2646, "Spurious": 2570, "Possible": 11647, "Actual": 11571, "Precision": 0.7328676705254301, "Recall": 0.7453651318652624, "F1": 0.7373531203760119}, "Strict": {"Correct": 8356, "Incorrect": 645, "Partial": 0, "Missed": 2646, "Spurious": 2570, "Possible": 11647, "Actual": 11571, "Precision": 0.7144224910784228, "Recall": 0.7176429628340152, "F1": 0.7157106797806597}, "Exact": {"Correct": 8459, "Incorrect": 542, "Partial": 0, "Missed": 2646, "Spurious": 2570, "Possible": 11647, "Actual": 11571, "Precision": 0.7219949516929237, "Recall": 0.7266080598833667, "F1": 0.7237473525401108}}, "Predicates": {"Ent_type": {"Correct": 7690, "Incorrect": 20, "Partial": 0, "Missed": 3959, "Spurious": 3685, "Possible": 11669, "Actual": 11395, "Precision": 0.63939420315084, "Recall": 0.6536687266080599, "F1": 0.6440682391853076}, "Partial": {"Correct": 6900, "Incorrect": 0, "Partial": 810, "Missed": 3959, "Spurious": 3685, "Possible": 11669, "Actual": 11395, "Precision": 0.6152805582151043, "Recall": 0.6240752023674819, "F1": 0.6182565932631212}, "Strict": {"Correct": 6899, "Incorrect": 811, "Partial": 0, "Missed": 3959, "Spurious": 3685, "Possible": 11669, "Actual": 11395, "Precision": 0.5900353961760525, "Recall": 0.5926538428061624, "F1": 0.5910813241651435}, "Exact": {"Correct": 6900, "Incorrect": 810, "Partial": 0, "Missed": 3959, "Spurious": 3685, "Possible": 11669, "Actual": 11395, "Precision": 0.5900789160646416, "Recall": 0.5927408825833406, "F1": 0.5911393506832623}}, "Objects": {"Ent_type": {"Correct": 7993, "Incorrect": 84, "Partial": 0, "Missed": 3520, "Spurious": 3109, "Possible": 11597, "Actual": 11186, "Precision": 0.6768735312037601, "Recall": 0.6848289668378449, "F1": 0.6796575606480734}, "Partial": {"Correct": 7524, "Incorrect": 0, "Partial": 553, "Missed": 3520, "Spurious": 3109, "Possible": 11597, "Actual": 11186, "Precision": 0.6630574172396785, "Recall": 0.6707938027678649, "F1": 0.665758344420543}, "Strict": {"Correct": 7444, "Incorrect": 633, "Partial": 0, "Missed": 3520, "Spurious": 3109, "Possible": 11597, "Actual": 11186, "Precision": 0.640624365334958, "Recall": 0.642484115240665, "F1": 0.6413563284135135}, "Exact": {"Correct": 7524, "Incorrect": 553, "Partial": 0, "Missed": 3520, "Spurious": 3109, "Possible": 11597, "Actual": 11186, "Precision": 0.6448457945280993, "Recall": 0.6494472974149186, "F1": 0.6464916752670256}}}, "Exact_match": {"Precision": 0.19776830536868845, "Recall": 0.1440586523009171, "F1": 0.15513984166372674}}