{"Total_scores": {"Ent_type": {"Correct": 5462, "Incorrect": 1356, "Partial": 0, "Missed": 12899, "Spurious": 35693, "Possible": 19717, "Actual": 42511, "Precision": 0.18439428554743245, "Recall": 0.17886367650123508, "F1": 0.17941823558403766}, "Partial": {"Correct": 4064, "Incorrect": 0, "Partial": 2754, "Missed": 12899, "Spurious": 35693, "Possible": 19717, "Actual": 42511, "Precision": 0.20120340281218616, "Recall": 0.1952122683946789, "F1": 0.19487812450927344}, "Strict": {"Correct": 3952, "Incorrect": 2866, "Partial": 0, "Missed": 12899, "Spurious": 35693, "Possible": 19717, "Actual": 42511, "Precision": 0.13552791193603017, "Recall": 0.13745424859369795, "F1": 0.1362745394376018}, "Exact": {"Correct": 4064, "Incorrect": 2754, "Partial": 0, "Missed": 12899, "Spurious": 35693, "Possible": 19717, "Actual": 42511, "Precision": 0.14556685797636576, "Recall": 0.14621826467037696, "F1": 0.1450659653002548}}, "Scores_per_tag": {"Subjects": {"Ent_type": {"Correct": 1694, "Incorrect": 21, "Partial": 0, "Missed": 4078, "Spurious": 13476, "Possible": 5793, "Actual": 15191, "Precision": 0.09022862014950528, "Recall": 0.10017250609719826, "F1": 0.09348045922312771}, "Partial": {"Correct": 570, "Incorrect": 0, "Partial": 1145, "Missed": 4078, "Spurious": 13476, "Possible": 5793, "Actual": 15191, "Precision": 0.062047667202030414, "Recall": 0.06751531735173398, "F1": 0.06384212717863304}, "Strict": {"Correct": 550, "Incorrect": 1165, "Partial": 0, "Missed": 4078, "Spurious": 13476, "Possible": 5793, "Actual": 15191, "Precision": 0.032320107865881464, "Recall": 0.03241924930105288, "F1": 0.032359764439950034}, "Exact": {"Correct": 570, "Incorrect": 1145, "Partial": 0, "Missed": 4078, "Spurious": 13476, "Possible": 5793, "Actual": 15191, "Precision": 0.03306366862966708, "Recall": 0.03360894652310987, "F1": 0.03325203735649277}}, "Predicates": {"Ent_type": {"Correct": 1862, "Incorrect": 1209, "Partial": 0, "Missed": 3899, "Spurious": 11566, "Possible": 6970, "Actual": 14637, "Precision": 0.10688735550135824, "Recall": 0.10969008387365416, "F1": 0.10775512632035147}, "Partial": {"Correct": 1718, "Incorrect": 0, "Partial": 1353, "Missed": 3899, "Spurious": 11566, "Possible": 6970, "Actual": 14637, "Precision": 0.12437540895842009, "Recall": 0.1413211587650943, "F1": 0.13000288926468215}, "Strict": {"Correct": 1643, "Incorrect": 1428, "Partial": 0, "Missed": 3899, "Spurious": 11566, "Possible": 6970, "Actual": 14637, "Precision": 0.09701187714393354, "Recall": 0.0971982630420558, "F1": 0.09708439202223035}, "Exact": {"Correct": 1718, "Incorrect": 1353, "Partial": 0, "Missed": 3899, "Spurious": 11566, "Possible": 6970, "Actual": 14637, "Precision": 0.09961929688894176, "Recall": 0.10145143061090953, "F1": 0.10024502097549506}}, "Objects": {"Ent_type": {"Correct": 1906, "Incorrect": 126, "Partial": 0, "Missed": 4922, "Spurious": 10651, "Possible": 6954, "Actual": 12683, "Precision": 0.11097594828782742, "Recall": 0.11212896317887097, "F1": 0.11130962706121827}, "Partial": {"Correct": 1776, "Incorrect": 0, "Partial": 256, "Missed": 4922, "Spurious": 10651, "Possible": 6954, "Actual": 12683, "Precision": 0.1098928281085797, "Recall": 0.11232228897745523, "F1": 0.11067915983447481}, "Strict": {"Correct": 1759, "Incorrect": 273, "Partial": 0, "Missed": 4922, "Spurious": 10651, "Possible": 6954, "Actual": 12683, "Precision": 0.1037534947355898, "Recall": 0.10400927963833205, "F1": 0.10384243876600072}, "Exact": {"Correct": 1776, "Incorrect": 256, "Partial": 0, "Missed": 4922, "Spurious": 10651, "Possible": 6954, "Actual": 12683, "Precision": 0.10437808577716971, "Recall": 0.10502052227708049, "F1": 0.10459591367330348}}}, "Exact_match": {"Precision": 0.010263865983855569, "Recall": 0.001575103909796525, "F1": 0.0025113965507008503}}