{"Total_scores": {"Ent_type": {"Correct": 22037, "Incorrect": 347, "Partial": 0, "Missed": 11092, "Spurious": 10005, "Possible": 33476, "Actual": 32389, "Precision": 0.6432738463350708, "Recall": 0.6552728647014361, "F1": 0.6481220366934652}, "Partial": {"Correct": 20536, "Incorrect": 0, "Partial": 1848, "Missed": 11092, "Spurious": 10005, "Possible": 33476, "Actual": 32389, "Precision": 0.6328541096092116, "Recall": 0.6409773242630386, "F1": 0.6355290678079794}, "Strict": {"Correct": 20215, "Incorrect": 2169, "Partial": 0, "Missed": 11092, "Spurious": 10005, "Possible": 33476, "Actual": 32389, "Precision": 0.596499376662642, "Recall": 0.6038851095993953, "F1": 0.5994639036951962}, "Exact": {"Correct": 20536, "Incorrect": 1848, "Partial": 0, "Missed": 11092, "Spurious": 10005, "Possible": 33476, "Actual": 32389, "Precision": 0.6089831257178195, "Recall": 0.6148601662887377, "F1": 0.6107585802959953}}, "Scores_per_tag": {"Subjects": {"Ent_type": {"Correct": 7785, "Incorrect": 133, "Partial": 0, "Missed": 3184, "Spurious": 2709, "Possible": 11102, "Actual": 10627, "Precision": 0.6869085411942555, "Recall": 0.6937868480725624, "F1": 0.6894754346182917}, "Partial": {"Correct": 7628, "Incorrect": 0, "Partial": 290, "Missed": 3184, "Spurious": 2709, "Possible": 11102, "Actual": 10627, "Precision": 0.6896371882086167, "Recall": 0.6957823129251701, "F1": 0.691891156462585}, "Strict": {"Correct": 7508, "Incorrect": 410, "Partial": 0, "Missed": 3184, "Spurious": 2709, "Possible": 11102, "Actual": 10627, "Precision": 0.6727739984882842, "Recall": 0.6748299319727891, "F1": 0.6735963718820862}, "Exact": {"Correct": 7628, "Incorrect": 290, "Partial": 0, "Missed": 3184, "Spurious": 2709, "Possible": 11102, "Actual": 10627, "Precision": 0.6820256991685563, "Recall": 0.6857142857142857, "F1": 0.6833922902494332}}, "Predicates": {"Ent_type": {"Correct": 8001, "Incorrect": 9, "Partial": 0, "Missed": 3344, "Spurious": 3188, "Possible": 11354, "Actual": 11198, "Precision": 0.6770068027210885, "Recall": 0.6958730158730159, "F1": 0.6837913832199547}, "Partial": {"Correct": 6776, "Incorrect": 0, "Partial": 1234, "Missed": 3344, "Spurious": 3188, "Possible": 11354, "Actual": 11198, "Precision": 0.6360544217687075, "Recall": 0.6481859410430839, "F1": 0.6405079365079365}, "Strict": {"Correct": 6776, "Incorrect": 1234, "Partial": 0, "Missed": 3344, "Spurious": 3188, "Possible": 11354, "Actual": 11198, "Precision": 0.5946485260770975, "Recall": 0.5996825396825397, "F1": 0.5966500377928949}, "Exact": {"Correct": 6776, "Incorrect": 1234, "Partial": 0, "Missed": 3344, "Spurious": 3188, "Possible": 11354, "Actual": 11198, "Precision": 0.5946485260770975, "Recall": 0.5996825396825397, "F1": 0.5966500377928949}}, "Objects": {"Ent_type": {"Correct": 6251, "Incorrect": 205, "Partial": 0, "Missed": 4564, "Spurious": 4108, "Possible": 11020, "Actual": 10564, "Precision": 0.5614734189972285, "Recall": 0.5647165532879819, "F1": 0.5624230644638808}, "Partial": {"Correct": 6132, "Incorrect": 0, "Partial": 324, "Missed": 4564, "Spurious": 4108, "Possible": 11020, "Actual": 10564, "Precision": 0.5639271856890905, "Recall": 0.5691836734693878, "F1": 0.5656222870100421}, "Strict": {"Correct": 5931, "Incorrect": 525, "Partial": 0, "Missed": 4564, "Spurious": 4108, "Possible": 11020, "Actual": 10564, "Precision": 0.5364036281179139, "Recall": 0.5368253968253969, "F1": 0.5365614944390454}, "Exact": {"Correct": 6132, "Incorrect": 324, "Partial": 0, "Missed": 4564, "Spurious": 4108, "Possible": 11020, "Actual": 10564, "Precision": 0.5512789115646258, "Recall": 0.5550566893424036, "F1": 0.5525554475758557}}}, "Exact_match": {"Precision": 0.18026763419535716, "Recall": 0.12773597615295343, "F1": 0.13872802075457935}}