{"Total_scores": {"Ent_type": {"Correct": 8223, "Incorrect": 1020, "Partial": 0, "Missed": 21072, "Spurious": 2376, "Possible": 30315, "Actual": 11619, "Precision": 0.7580704979360166, "Recall": 0.26133578431372545, "F1": 0.38634776278932625}, "Partial": {"Correct": 607, "Incorrect": 0, "Partial": 8636, "Missed": 21072, "Spurious": 2376, "Possible": 30315, "Actual": 11619, "Precision": 0.4165755611455108, "Recall": 0.16616679566563466, "F1": 0.22913407139171457}, "Strict": {"Correct": 246, "Incorrect": 8997, "Partial": 0, "Missed": 21072, "Spurious": 2376, "Possible": 30315, "Actual": 11619, "Precision": 0.008384932920536636, "Recall": 0.006006514447884417, "F1": 0.0069452122954444945}, "Exact": {"Correct": 607, "Incorrect": 8636, "Partial": 0, "Missed": 21072, "Spurious": 2376, "Possible": 30315, "Actual": 11619, "Precision": 0.025880417956656347, "Recall": 0.022945691434468524, "F1": 0.023973076072534277}}, "Scores_per_tag": {"Subjects": {"Ent_type": {"Correct": 8223, "Incorrect": 0, "Partial": 0, "Missed": 1399, "Spurious": 1423, "Possible": 9622, "Actual": 9646, "Precision": 0.7580704979360166, "Recall": 0.7724458204334366, "F1": 0.7630546955624355}, "Partial": {"Correct": 246, "Incorrect": 0, "Partial": 7977, "Missed": 1399, "Spurious": 1423, "Possible": 9622, "Actual": 9646, "Precision": 0.38322771542827655, "Recall": 0.3923422987616099, "F1": 0.3864905830753354}, "Strict": {"Correct": 246, "Incorrect": 7977, "Partial": 0, "Missed": 1399, "Spurious": 1423, "Possible": 9622, "Actual": 9646, "Precision": 0.008384932920536636, "Recall": 0.012238777089783283, "F1": 0.009926470588235295}, "Exact": {"Correct": 246, "Incorrect": 7977, "Partial": 0, "Missed": 1399, "Spurious": 1423, "Possible": 9622, "Actual": 9646, "Precision": 0.008384932920536636, "Recall": 0.012238777089783283, "F1": 0.009926470588235295}}, "Predicates": {"Ent_type": {"Correct": 0, "Incorrect": 974, "Partial": 0, "Missed": 9383, "Spurious": 812, "Possible": 10357, "Actual": 1786, "Precision": 0.0, "Recall": 0.0, "F1": 0}, "Partial": {"Correct": 361, "Incorrect": 0, "Partial": 613, "Missed": 9383, "Spurious": 812, "Possible": 10357, "Actual": 1786, "Precision": 0.03545859133126935, "Recall": 0.0630563080495356, "F1": 0.04469007997936016}, "Strict": {"Correct": 0, "Incorrect": 974, "Partial": 0, "Missed": 9383, "Spurious": 812, "Possible": 10357, "Actual": 1786, "Precision": 0.0, "Recall": 0.0, "F1": 0}, "Exact": {"Correct": 361, "Incorrect": 613, "Partial": 0, "Missed": 9383, "Spurious": 812, "Possible": 10357, "Actual": 1786, "Precision": 0.017672858617131065, "Recall": 0.03391060371517028, "F1": 0.02310694014447884}}, "Objects": {"Ent_type": {"Correct": 0, "Incorrect": 46, "Partial": 0, "Missed": 10290, "Spurious": 141, "Possible": 10336, "Actual": 187, "Precision": 0.0, "Recall": 0.0, "F1": 0}, "Partial": {"Correct": 0, "Incorrect": 0, "Partial": 46, "Missed": 10290, "Spurious": 141, "Possible": 10336, "Actual": 187, "Precision": 0.0013544891640866873, "Recall": 0.002225232198142415, "F1": 0.001644736842105263}, "Strict": {"Correct": 0, "Incorrect": 46, "Partial": 0, "Missed": 10290, "Spurious": 141, "Possible": 10336, "Actual": 187, "Precision": 0.0, "Recall": 0.0, "F1": 0}, "Exact": {"Correct": 0, "Incorrect": 46, "Partial": 0, "Missed": 10290, "Spurious": 141, "Possible": 10336, "Actual": 187, "Precision": 0.0, "Recall": 0.0, "F1": 0}}}, "Exact_match": {"Precision": 0.0, "Recall": 0.0, "F1": 0.0}}