{"Total_scores": {"Ent_type": {"Correct": 787, "Incorrect": 37, "Partial": 0, "Missed": 7477, "Spurious": 79474, "Possible": 8301, "Actual": 80298, "Precision": 0.049172022137383795, "Recall": 0.048744094282264075, "F1": 0.04876829864468908}, "Partial": {"Correct": 813, "Incorrect": 0, "Partial": 11, "Missed": 7477, "Spurious": 79474, "Possible": 8301, "Actual": 80298, "Precision": 0.051300366026450016, "Recall": 0.05117208517865538, "F1": 0.05109934478576375}, "Strict": {"Correct": 777, "Incorrect": 47, "Partial": 0, "Missed": 7477, "Spurious": 79474, "Possible": 8301, "Actual": 80298, "Precision": 0.04813532771863572, "Recall": 0.04820909582404638, "F1": 0.04813976539358413}, "Exact": {"Correct": 813, "Incorrect": 11, "Partial": 0, "Missed": 7477, "Spurious": 79474, "Possible": 8301, "Actual": 80298, "Precision": 0.05076390287504699, "Recall": 0.050886470007517545, "F1": 0.0507669622181823}}, "Scores_per_tag": {"Subjects": {"Ent_type": {"Correct": 470, "Incorrect": 15, "Partial": 0, "Missed": 2285, "Spurious": 26311, "Possible": 2770, "Actual": 26796, "Precision": 0.01718837339295696, "Recall": 0.017290851499906838, "F1": 0.01722377492081237}, "Partial": {"Correct": 476, "Incorrect": 0, "Partial": 9, "Missed": 2285, "Spurious": 26311, "Possible": 2770, "Actual": 26796, "Precision": 0.01751909819265884, "Recall": 0.017738028693869947, "F1": 0.017593938264704057}, "Strict": {"Correct": 461, "Incorrect": 24, "Partial": 0, "Missed": 2285, "Spurious": 26311, "Possible": 2770, "Actual": 26796, "Precision": 0.017029998136761693, "Recall": 0.017067262902925283, "F1": 0.01704490404322713}, "Exact": {"Correct": 476, "Incorrect": 9, "Partial": 0, "Missed": 2285, "Spurious": 26311, "Possible": 2770, "Actual": 26796, "Precision": 0.017439910564561206, "Recall": 0.017626234395379168, "F1": 0.017504502825911435}}, "Predicates": {"Ent_type": {"Correct": 16, "Incorrect": 0, "Partial": 0, "Missed": 2749, "Spurious": 26737, "Possible": 2765, "Actual": 26753, "Precision": 0.0005962362586174771, "Recall": 0.0005962362586174771, "F1": 0.0005962362586174771}, "Partial": {"Correct": 16, "Incorrect": 0, "Partial": 0, "Missed": 2749, "Spurious": 26737, "Possible": 2765, "Actual": 26753, "Precision": 0.0005962362586174771, "Recall": 0.0005962362586174771, "F1": 0.0005962362586174771}, "Strict": {"Correct": 16, "Incorrect": 0, "Partial": 0, "Missed": 2749, "Spurious": 26737, "Possible": 2765, "Actual": 26753, "Precision": 0.0005962362586174771, "Recall": 0.0005962362586174771, "F1": 0.0005962362586174771}, "Exact": {"Correct": 16, "Incorrect": 0, "Partial": 0, "Missed": 2749, "Spurious": 26737, "Possible": 2765, "Actual": 26753, "Precision": 0.0005962362586174771, "Recall": 0.0005962362586174771, "F1": 0.0005962362586174771}}, "Objects": {"Ent_type": {"Correct": 301, "Incorrect": 22, "Partial": 0, "Missed": 2443, "Spurious": 26426, "Possible": 2766, "Actual": 26749, "Precision": 0.01121669461524129, "Recall": 0.01121669461524129, "F1": 0.01121669461524129}, "Partial": {"Correct": 321, "Incorrect": 0, "Partial": 2, "Missed": 2443, "Spurious": 26426, "Possible": 2766, "Actual": 26749, "Precision": 0.011822247065399664, "Recall": 0.011971306130054035, "F1": 0.011871933420284454}, "Strict": {"Correct": 300, "Incorrect": 23, "Partial": 0, "Missed": 2443, "Spurious": 26426, "Possible": 2766, "Actual": 26749, "Precision": 0.011179429849077696, "Recall": 0.011179429849077696, "F1": 0.011179429849077696}, "Exact": {"Correct": 321, "Incorrect": 2, "Partial": 0, "Missed": 2443, "Spurious": 26426, "Possible": 2766, "Actual": 26749, "Precision": 0.011794298490776971, "Recall": 0.01194335755543134, "F1": 0.01184398484566176}}}, "Exact_match": {"Precision": 0.001138563133325743, "Recall": 0.001138563133325743, "F1": 0.001138563133325743}}