{"Total_scores": {"Ent_type": {"Correct": 21324, "Incorrect": 170, "Partial": 0, "Missed": 10028, "Spurious": 10025, "Possible": 31522, "Actual": 31519, "Precision": 0.6535369904540763, "Recall": 0.6722474845201238, "F1": 0.6609170263001533}, "Partial": {"Correct": 19542, "Incorrect": 0, "Partial": 1952, "Missed": 10028, "Spurious": 10025, "Possible": 31522, "Actual": 31519, "Precision": 0.6331145917796943, "Recall": 0.6507836687306502, "F1": 0.6399519820886888}, "Strict": {"Correct": 19383, "Incorrect": 2111, "Partial": 0, "Missed": 10028, "Spurious": 10025, "Possible": 31522, "Actual": 31519, "Precision": 0.6029817957884909, "Recall": 0.6141947239422084, "F1": 0.6075590114434929}, "Exact": {"Correct": 19542, "Incorrect": 1952, "Partial": 0, "Missed": 10028, "Spurious": 10025, "Possible": 31522, "Actual": 31519, "Precision": 0.6076434959948892, "Recall": 0.621531540247678, "F1": 0.6130681887986454}}, "Scores_per_tag": {"Subjects": {"Ent_type": {"Correct": 7935, "Incorrect": 37, "Partial": 0, "Missed": 2472, "Spurious": 2359, "Possible": 10444, "Actual": 10331, "Precision": 0.7357133642930856, "Recall": 0.7455495356037152, "F1": 0.7394575593395253}, "Partial": {"Correct": 7670, "Incorrect": 0, "Partial": 302, "Missed": 2472, "Spurious": 2359, "Possible": 10444, "Actual": 10331, "Precision": 0.7323513286893705, "Recall": 0.7400590170278638, "F1": 0.7352763802889577}, "Strict": {"Correct": 7637, "Incorrect": 335, "Partial": 0, "Missed": 2472, "Spurious": 2359, "Possible": 10444, "Actual": 10331, "Precision": 0.7241034571723426, "Recall": 0.727796052631579, "F1": 0.7255804953560372}, "Exact": {"Correct": 7670, "Incorrect": 302, "Partial": 0, "Missed": 2472, "Spurious": 2359, "Possible": 10444, "Actual": 10331, "Precision": 0.7264254385964912, "Recall": 0.7309887770897833, "F1": 0.7281927244582044}}, "Predicates": {"Ent_type": {"Correct": 7421, "Incorrect": 7, "Partial": 0, "Missed": 3276, "Spurious": 3499, "Possible": 10704, "Actual": 10927, "Precision": 0.6580511480908152, "Recall": 0.6823722910216719, "F1": 0.6664731682146543}, "Partial": {"Correct": 6251, "Incorrect": 0, "Partial": 1177, "Missed": 3276, "Spurious": 3499, "Possible": 10704, "Actual": 10927, "Precision": 0.6196965299277606, "Recall": 0.6350135448916409, "F1": 0.6251515737874097}, "Strict": {"Correct": 6250, "Incorrect": 1178, "Partial": 0, "Missed": 3276, "Spurious": 3499, "Possible": 10704, "Actual": 10927, "Precision": 0.580858165634675, "Recall": 0.5868808049535603, "F1": 0.583249484004128}, "Exact": {"Correct": 6251, "Incorrect": 1177, "Partial": 0, "Missed": 3276, "Spurious": 3499, "Possible": 10704, "Actual": 10927, "Precision": 0.5809065402476781, "Recall": 0.5869775541795665, "F1": 0.5833139834881321}}, "Objects": {"Ent_type": {"Correct": 5968, "Incorrect": 126, "Partial": 0, "Missed": 4280, "Spurious": 4167, "Possible": 10374, "Actual": 10261, "Precision": 0.5639973094500959, "Recall": 0.5716911764705882, "F1": 0.5663734243697479}, "Partial": {"Correct": 5621, "Incorrect": 0, "Partial": 473, "Missed": 4280, "Spurious": 4167, "Possible": 10374, "Actual": 10261, "Precision": 0.5521224937343359, "Recall": 0.5624274380804953, "F1": 0.5554874087793011}, "Strict": {"Correct": 5496, "Incorrect": 598, "Partial": 0, "Missed": 4280, "Spurious": 4167, "Possible": 10374, "Actual": 10261, "Precision": 0.5278154024767802, "Recall": 0.5288796439628483, "F1": 0.5282185242518059}, "Exact": {"Correct": 5621, "Incorrect": 473, "Partial": 0, "Missed": 4280, "Spurious": 4167, "Possible": 10374, "Actual": 10261, "Precision": 0.5340073529411765, "Recall": 0.5409732972136223, "F1": 0.5363777089783281}}}, "Exact_match": {"Precision": 0.1572644601644449, "Recall": 0.1082502956227077, "F1": 0.11881543387407394}}