{"Total_scores": {"Ent_type": {"Correct": 6741, "Incorrect": 429, "Partial": 0, "Missed": 46475, "Spurious": 22015, "Possible": 53645, "Actual": 29185, "Precision": 0.1253378365355732, "Recall": 0.12730487837148702, "F1": 0.12528347533688883}, "Partial": {"Correct": 5943, "Incorrect": 0, "Partial": 1227, "Missed": 46475, "Spurious": 22015, "Possible": 53645, "Actual": 29185, "Precision": 0.12495048668446634, "Recall": 0.12624998759070186, "F1": 0.12440359622360501}, "Exact": {"Correct": 5943, "Incorrect": 1227, "Partial": 0, "Missed": 46475, "Spurious": 22015, "Possible": 53645, "Actual": 29185, "Precision": 0.11528751140098857, "Recall": 0.11500525003831752, "F1": 0.11414855324954248}, "Strict": {"Correct": 5567, "Incorrect": 1603, "Partial": 0, "Missed": 46475, "Spurious": 22015, "Possible": 53645, "Actual": 29185, "Precision": 0.10731484071632372, "Recall": 0.1063211532453548, "F1": 0.10611235255586318}}, "Scores_per_tag": {"Subjects": {"Ent_type": {"Correct": 2654, "Incorrect": 228, "Partial": 0, "Missed": 14908, "Spurious": 6849, "Possible": 17790, "Actual": 9731, "Precision": 0.1467833203134473, "Recall": 0.1495602642720108, "F1": 0.1477294325084761}, "Partial": {"Correct": 2596, "Incorrect": 0, "Partial": 286, "Missed": 14908, "Spurious": 6849, "Possible": 17790, "Actual": 9731, "Precision": 0.14935423621823357, "Recall": 0.15383423095968257, "F1": 0.1508629159553473}, "Exact": {"Correct": 2596, "Incorrect": 286, "Partial": 0, "Missed": 14908, "Spurious": 6849, "Possible": 17790, "Actual": 9731, "Precision": 0.1428584719236459, "Recall": 0.14580258427912388, "F1": 0.1438500748132257}, "Strict": {"Correct": 2400, "Incorrect": 482, "Partial": 0, "Missed": 14908, "Spurious": 6849, "Possible": 17790, "Actual": 9731, "Precision": 0.13543838270158248, "Recall": 0.1355918642678897, "F1": 0.13549977532810537}}, "Predicates": {"Ent_type": {"Correct": 2096, "Incorrect": 21, "Partial": 0, "Missed": 15955, "Spurious": 8183, "Possible": 18072, "Actual": 10300, "Precision": 0.09505953680955949, "Recall": 0.1105929527514137, "F1": 0.1001666995581726}, "Partial": {"Correct": 1358, "Incorrect": 0, "Partial": 759, "Missed": 15955, "Spurious": 8183, "Possible": 18072, "Actual": 10300, "Precision": 0.08446006880418312, "Recall": 0.09368331164794483, "F1": 0.08756011542730396}, "Exact": {"Correct": 1358, "Incorrect": 759, "Partial": 0, "Missed": 15955, "Spurious": 8183, "Possible": 18072, "Actual": 10300, "Precision": 0.07297529510264816, "Recall": 0.07500305915215877, "F1": 0.0737731237015572}, "Strict": {"Correct": 1353, "Incorrect": 764, "Partial": 0, "Missed": 15955, "Spurious": 8183, "Possible": 18072, "Actual": 10300, "Precision": 0.07277613978922018, "Recall": 0.07460474852530281, "F1": 0.07350758328365323}}, "Objects": {"Ent_type": {"Correct": 1991, "Incorrect": 180, "Partial": 0, "Missed": 15612, "Spurious": 6983, "Possible": 17783, "Actual": 9154, "Precision": 0.11663309300096142, "Recall": 0.11679769676039528, "F1": 0.1166940596242662}, "Partial": {"Correct": 1989, "Incorrect": 0, "Partial": 182, "Missed": 15612, "Spurious": 6983, "Possible": 17783, "Actual": 9154, "Precision": 0.1184873287066302, "Recall": 0.12214711424377361, "F1": 0.11971183124663146}, "Exact": {"Correct": 1989, "Incorrect": 182, "Partial": 0, "Missed": 15612, "Spurious": 6983, "Possible": 17783, "Actual": 9154, "Precision": 0.11350604404145677, "Recall": 0.11704808228114098, "F1": 0.1146897728064316}, "Strict": {"Correct": 1814, "Incorrect": 357, "Partial": 0, "Missed": 15612, "Spurious": 6983, "Possible": 17783, "Actual": 9154, "Precision": 0.10694421493435044, "Recall": 0.10700387193288519, "F1": 0.10696714995227544}}}, "Exact_match": {"Precision": 0.013810278469549468, "Recall": 0.013772545468266546, "F1": 0.013785123135360853}}