{"Total_scores": {"Ent_type": {"Correct": 6383, "Incorrect": 6, "Partial": 0, "Missed": 1906, "Spurious": 203, "Possible": 8295, "Actual": 6592, "Precision": 0.8281117698726395, "Recall": 0.8283291611769873, "F1": 0.8282049375745028}, "Partial": {"Correct": 6385, "Incorrect": 0, "Partial": 4, "Missed": 1906, "Spurious": 203, "Possible": 8295, "Actual": 6592, "Precision": 0.8292349582784365, "Recall": 0.8294161176987264, "F1": 0.8293125980299894}, "Strict": {"Correct": 6379, "Incorrect": 10, "Partial": 0, "Missed": 1906, "Spurious": 203, "Possible": 8295, "Actual": 6592, "Precision": 0.8271697408871321, "Recall": 0.8273146684233641, "F1": 0.8272318526883744}, "Exact": {"Correct": 6385, "Incorrect": 4, "Partial": 0, "Missed": 1906, "Spurious": 203, "Possible": 8295, "Actual": 6592, "Precision": 0.828763943785683, "Recall": 0.8289088713219148, "F1": 0.8288260555869251}}, "Scores_per_tag": {"Subjects": {"Ent_type": {"Correct": 2129, "Incorrect": 3, "Partial": 0, "Missed": 633, "Spurious": 66, "Possible": 2765, "Actual": 2198, "Precision": 0.7670270270270271, "Recall": 0.7672072072072073, "F1": 0.7670870870870871}, "Partial": {"Correct": 2129, "Incorrect": 0, "Partial": 3, "Missed": 633, "Spurious": 66, "Possible": 2765, "Actual": 2198, "Precision": 0.7672972972972973, "Recall": 0.7677477477477478, "F1": 0.7674474474474474}, "Strict": {"Correct": 2126, "Incorrect": 6, "Partial": 0, "Missed": 633, "Spurious": 66, "Possible": 2765, "Actual": 2198, "Precision": 0.7661261261261261, "Recall": 0.7661261261261261, "F1": 0.7661261261261261}, "Exact": {"Correct": 2129, "Incorrect": 3, "Partial": 0, "Missed": 633, "Spurious": 66, "Possible": 2765, "Actual": 2198, "Precision": 0.7668468468468469, "Recall": 0.7672072072072073, "F1": 0.766966966966967}}, "Predicates": {"Ent_type": {"Correct": 2149, "Incorrect": 0, "Partial": 0, "Missed": 616, "Spurious": 48, "Possible": 2765, "Actual": 2197, "Precision": 0.7744144144144144, "Recall": 0.7744144144144144, "F1": 0.7744144144144144}, "Partial": {"Correct": 2149, "Incorrect": 0, "Partial": 0, "Missed": 616, "Spurious": 48, "Possible": 2765, "Actual": 2197, "Precision": 0.7744144144144144, "Recall": 0.7744144144144144, "F1": 0.7744144144144144}, "Strict": {"Correct": 2149, "Incorrect": 0, "Partial": 0, "Missed": 616, "Spurious": 48, "Possible": 2765, "Actual": 2197, "Precision": 0.7744144144144144, "Recall": 0.7744144144144144, "F1": 0.7744144144144144}, "Exact": {"Correct": 2149, "Incorrect": 0, "Partial": 0, "Missed": 616, "Spurious": 48, "Possible": 2765, "Actual": 2197, "Precision": 0.7744144144144144, "Recall": 0.7744144144144144, "F1": 0.7744144144144144}}, "Objects": {"Ent_type": {"Correct": 2105, "Incorrect": 3, "Partial": 0, "Missed": 657, "Spurious": 89, "Possible": 2765, "Actual": 2197, "Precision": 0.7585585585585586, "Recall": 0.7585585585585586, "F1": 0.7585585585585586}, "Partial": {"Correct": 2107, "Incorrect": 0, "Partial": 1, "Missed": 657, "Spurious": 89, "Possible": 2765, "Actual": 2197, "Precision": 0.7590990990990991, "Recall": 0.7594594594594595, "F1": 0.7592192192192192}, "Strict": {"Correct": 2104, "Incorrect": 4, "Partial": 0, "Missed": 657, "Spurious": 89, "Possible": 2765, "Actual": 2197, "Precision": 0.7581981981981982, "Recall": 0.7581981981981982, "F1": 0.7581981981981982}, "Exact": {"Correct": 2107, "Incorrect": 1, "Partial": 0, "Missed": 657, "Spurious": 89, "Possible": 2765, "Actual": 2197, "Precision": 0.7589189189189189, "Recall": 0.7592792792792793, "F1": 0.759039039039039}}}, "Exact_match": {"Precision": 0.7016937435188386, "Recall": 0.7006567576909782, "F1": 0.7010024196335983}}