{"Total_scores": {"Ent_type": {"Correct": 15069, "Incorrect": 97, "Partial": 0, "Missed": 5821, "Spurious": 18330, "Possible": 20987, "Actual": 33496, "Precision": 0.6798367681594768, "Recall": 0.6921605575639325, "F1": 0.684809760865576}, "Partial": {"Correct": 14153, "Incorrect": 0, "Partial": 1013, "Missed": 5821, "Spurious": 18330, "Possible": 20987, "Actual": 33496, "Precision": 0.6664797076893015, "Recall": 0.6780299312330454, "F1": 0.671062088627907}, "Strict": {"Correct": 14067, "Incorrect": 1099, "Partial": 0, "Missed": 5821, "Spurious": 18330, "Possible": 20987, "Actual": 33496, "Precision": 0.6409703855265069, "Recall": 0.6492228720096188, "F1": 0.6443745609382872}, "Exact": {"Correct": 14153, "Incorrect": 1013, "Partial": 0, "Missed": 5821, "Spurious": 18330, "Possible": 20987, "Actual": 33496, "Precision": 0.6468528434280005, "Recall": 0.6562849459287566, "F1": 0.6506174488614892}}, "Scores_per_tag": {"Subjects": {"Ent_type": {"Correct": 5435, "Incorrect": 53, "Partial": 0, "Missed": 1579, "Spurious": 5776, "Possible": 7067, "Actual": 11264, "Precision": 0.45242007552826546, "Recall": 0.457926143734325, "F1": 0.454524489031105}, "Partial": {"Correct": 5288, "Incorrect": 0, "Partial": 200, "Missed": 1579, "Spurious": 5776, "Possible": 7067, "Actual": 11264, "Precision": 0.4516993859724985, "Recall": 0.45688835077402057, "F1": 0.4536308339819539}, "Strict": {"Correct": 5237, "Incorrect": 251, "Partial": 0, "Missed": 1579, "Spurious": 5776, "Possible": 7067, "Actual": 11264, "Precision": 0.4448384214015971, "Recall": 0.44685635215774455, "F1": 0.44564559370405604}, "Exact": {"Correct": 5288, "Incorrect": 200, "Partial": 0, "Missed": 1579, "Spurious": 5776, "Possible": 7067, "Actual": 11264, "Precision": 0.44786531753581826, "Recall": 0.45126697223903833, "F1": 0.4491337311539681}}, "Predicates": {"Ent_type": {"Correct": 4741, "Incorrect": 14, "Partial": 0, "Missed": 2227, "Spurious": 6398, "Possible": 6982, "Actual": 11153, "Precision": 0.39935570353714434, "Recall": 0.40681484043933236, "F1": 0.40179884113119435}, "Partial": {"Correct": 4255, "Incorrect": 0, "Partial": 500, "Missed": 2227, "Spurious": 6398, "Possible": 6982, "Actual": 11153, "Precision": 0.38274020582893714, "Recall": 0.3872048776269134, "F1": 0.3842197814869267}, "Strict": {"Correct": 4249, "Incorrect": 506, "Partial": 0, "Missed": 2227, "Spurious": 6398, "Possible": 6982, "Actual": 11153, "Precision": 0.36525988065380954, "Recall": 0.3658652598806538, "F1": 0.3654876185534319}, "Exact": {"Correct": 4255, "Incorrect": 500, "Partial": 0, "Missed": 2227, "Spurious": 6398, "Possible": 6982, "Actual": 11153, "Precision": 0.36551932889388566, "Recall": 0.366384156360806, "F1": 0.3658335495402001}}, "Objects": {"Ent_type": {"Correct": 4893, "Incorrect": 30, "Partial": 0, "Missed": 2015, "Spurious": 6156, "Possible": 6938, "Actual": 11079, "Precision": 0.41726334218118355, "Recall": 0.42065207991005793, "F1": 0.4181983035654228}, "Partial": {"Correct": 4610, "Incorrect": 0, "Partial": 313, "Missed": 2015, "Spurious": 6156, "Possible": 6938, "Actual": 11079, "Precision": 0.40750955745226264, "Recall": 0.4103390123670328, "F1": 0.40836116567760605}, "Strict": {"Correct": 4581, "Incorrect": 342, "Partial": 0, "Missed": 2015, "Spurious": 6156, "Possible": 6938, "Actual": 11079, "Precision": 0.3943829456023523, "Recall": 0.39492346276917756, "F1": 0.3945746490241863}, "Exact": {"Correct": 4610, "Incorrect": 313, "Partial": 0, "Missed": 2015, "Spurious": 6156, "Possible": 6938, "Actual": 11079, "Precision": 0.396026117789501, "Recall": 0.39743146242324656, "F1": 0.3965060970336418}}}, "Exact_match": {"Precision": 0.16732949622028023, "Recall": 0.11003253131681, "F1": 0.12292919353984295}}