{"Total_scores": {"Ent_type": {"Correct": 17776, "Incorrect": 70, "Partial": 0, "Missed": 7728, "Spurious": 7467, "Possible": 25574, "Actual": 25313, "Precision": 0.6761865055730452, "Recall": 0.692660313678777, "F1": 0.6827800853768692}, "Partial": {"Correct": 16512, "Incorrect": 0, "Partial": 1334, "Missed": 7728, "Spurious": 7467, "Possible": 25574, "Actual": 25313, "Precision": 0.6586234720213279, "Recall": 0.6721381774865992, "F1": 0.6639682195906139}, "Strict": {"Correct": 16449, "Incorrect": 1397, "Partial": 0, "Missed": 7728, "Spurious": 7467, "Possible": 25574, "Actual": 25313, "Precision": 0.635529368388213, "Recall": 0.6445086360929124, "F1": 0.6391108051501142}, "Exact": {"Correct": 16512, "Incorrect": 1334, "Partial": 0, "Missed": 7728, "Spurious": 7467, "Possible": 25574, "Actual": 25313, "Precision": 0.6381360787316713, "Recall": 0.6479233670835814, "F1": 0.641986666632289}}, "Scores_per_tag": {"Subjects": {"Ent_type": {"Correct": 6521, "Incorrect": 31, "Partial": 0, "Missed": 2032, "Spurious": 2006, "Possible": 8584, "Actual": 8558, "Precision": 0.737363510025809, "Recall": 0.7515187611673615, "F1": 0.7423188405797101}, "Partial": {"Correct": 6246, "Incorrect": 0, "Partial": 306, "Missed": 2032, "Spurious": 2006, "Possible": 8584, "Actual": 8558, "Precision": 0.7328072265237244, "Recall": 0.7432995830851697, "F1": 0.7365634306134604}, "Strict": {"Correct": 6216, "Incorrect": 336, "Partial": 0, "Missed": 2032, "Spurious": 2006, "Possible": 8584, "Actual": 8558, "Precision": 0.7236053206273576, "Recall": 0.7278141751042287, "F1": 0.725288862418106}, "Exact": {"Correct": 6246, "Incorrect": 306, "Partial": 0, "Missed": 2032, "Spurious": 2006, "Possible": 8584, "Actual": 8558, "Precision": 0.7258685725630335, "Recall": 0.7313877307921381, "F1": 0.7279888822711932}}, "Predicates": {"Ent_type": {"Correct": 5817, "Incorrect": 8, "Partial": 0, "Missed": 2712, "Spurious": 2687, "Possible": 8537, "Actual": 8512, "Precision": 0.6587135199523526, "Recall": 0.6759976176295414, "F1": 0.6643875322612667}, "Partial": {"Correct": 5181, "Incorrect": 0, "Partial": 644, "Missed": 2712, "Spurious": 2687, "Possible": 8537, "Actual": 8512, "Precision": 0.6324885844748859, "Recall": 0.6428231089934485, "F1": 0.6359817351598174}, "Strict": {"Correct": 5179, "Incorrect": 646, "Partial": 0, "Missed": 2712, "Spurious": 2687, "Possible": 8537, "Actual": 8512, "Precision": 0.6056084971213024, "Recall": 0.6084574151280524, "F1": 0.6067421083978559}, "Exact": {"Correct": 5181, "Incorrect": 644, "Partial": 0, "Missed": 2712, "Spurious": 2687, "Possible": 8537, "Actual": 8512, "Precision": 0.6057276156442327, "Recall": 0.6086956521739131, "F1": 0.6069009330950963}}, "Objects": {"Ent_type": {"Correct": 5438, "Incorrect": 31, "Partial": 0, "Missed": 2984, "Spurious": 2774, "Possible": 8453, "Actual": 8243, "Precision": 0.6305896366885051, "Recall": 0.638117927337701, "F1": 0.6330553901131626}, "Partial": {"Correct": 5085, "Incorrect": 0, "Partial": 384, "Missed": 2984, "Spurious": 2774, "Possible": 8453, "Actual": 8243, "Precision": 0.615096287472702, "Recall": 0.6213519952352591, "F1": 0.617178876315267}, "Strict": {"Correct": 5054, "Incorrect": 415, "Partial": 0, "Missed": 2984, "Spurious": 2774, "Possible": 8453, "Actual": 8243, "Precision": 0.5950764343855469, "Recall": 0.5972007147111376, "F1": 0.595822910462577}, "Exact": {"Correct": 5085, "Incorrect": 384, "Partial": 0, "Missed": 2984, "Spurious": 2774, "Possible": 8453, "Actual": 8243, "Precision": 0.5973396863212229, "Recall": 0.6008933889219774, "F1": 0.5985626364899742}}}, "Exact_match": {"Precision": 0.17189234181796056, "Recall": 0.1307133268127554, "F1": 0.1399397818680178}}