{"Total_scores": {"Ent_type": {"Correct": 18922, "Incorrect": 433, "Partial": 0, "Missed": 5513, "Spurious": 6171, "Possible": 24868, "Actual": 25526, "Precision": 0.7056467130135985, "Recall": 0.7595510171002512, "F1": 0.7249123218821164}, "Partial": {"Correct": 16554, "Incorrect": 0, "Partial": 2801, "Missed": 5513, "Spurious": 6171, "Possible": 24868, "Actual": 25526, "Precision": 0.6785432491030594, "Recall": 0.7215384147823973, "F1": 0.6940033329068812}, "Strict": {"Correct": 16235, "Incorrect": 3120, "Partial": 0, "Missed": 5513, "Spurious": 6171, "Possible": 24868, "Actual": 25526, "Precision": 0.6226039510776928, "Recall": 0.6529824134856957, "F1": 0.6335778599293852}, "Exact": {"Correct": 16554, "Incorrect": 2801, "Partial": 0, "Missed": 5513, "Spurious": 6171, "Possible": 24868, "Actual": 25526, "Precision": 0.6349450472535811, "Recall": 0.6659696896020747, "F1": 0.6461766167659246}}, "Scores_per_tag": {"Subjects": {"Ent_type": {"Correct": 6962, "Incorrect": 207, "Partial": 0, "Missed": 1087, "Spurious": 2318, "Possible": 8256, "Actual": 9487, "Precision": 0.7776035335116298, "Recall": 0.8426938973984925, "F1": 0.7924936033251132}, "Partial": {"Correct": 5946, "Incorrect": 0, "Partial": 1223, "Missed": 1087, "Spurious": 2318, "Possible": 8256, "Actual": 9487, "Precision": 0.7595216387065402, "Recall": 0.7943411135424264, "F1": 0.7677284857536498}, "Strict": {"Correct": 5812, "Incorrect": 1357, "Partial": 0, "Missed": 1087, "Spurious": 2318, "Possible": 8256, "Actual": 9487, "Precision": 0.7039367047572737, "Recall": 0.7047167517627037, "F1": 0.7042041494448497}, "Exact": {"Correct": 5946, "Incorrect": 1223, "Partial": 0, "Missed": 1087, "Spurious": 2318, "Possible": 8256, "Actual": 9487, "Precision": 0.7187677283410325, "Recall": 0.7209457816678824, "F1": 0.7195011751357484}}, "Predicates": {"Ent_type": {"Correct": 5548, "Incorrect": 1, "Partial": 0, "Missed": 2741, "Spurious": 2216, "Possible": 8290, "Actual": 7765, "Precision": 0.6514182672825999, "Recall": 0.6666666666666666, "F1": 0.6563219987727646}, "Partial": {"Correct": 4805, "Incorrect": 0, "Partial": 744, "Missed": 2741, "Spurious": 2216, "Possible": 8290, "Actual": 7765, "Precision": 0.6151541859145798, "Recall": 0.6235108193532701, "F1": 0.6178857976450974}, "Strict": {"Correct": 4805, "Incorrect": 744, "Partial": 0, "Missed": 2741, "Spurious": 2216, "Possible": 8290, "Actual": 7765, "Precision": 0.5788293216630197, "Recall": 0.5802334062727936, "F1": 0.5793685526727103}, "Exact": {"Correct": 4805, "Incorrect": 744, "Partial": 0, "Missed": 2741, "Spurious": 2216, "Possible": 8290, "Actual": 7765, "Precision": 0.5788293216630197, "Recall": 0.5802334062727936, "F1": 0.5793685526727103}}, "Objects": {"Ent_type": {"Correct": 6412, "Incorrect": 225, "Partial": 0, "Missed": 1685, "Spurious": 1637, "Possible": 8322, "Actual": 8274, "Precision": 0.7421303006095129, "Recall": 0.7670799902747386, "F1": 0.7491066501642724}, "Partial": {"Correct": 5803, "Incorrect": 0, "Partial": 834, "Missed": 1685, "Spurious": 1637, "Possible": 8322, "Actual": 8274, "Precision": 0.7285619822271902, "Recall": 0.7466569414053003, "F1": 0.7338564459826312}, "Strict": {"Correct": 5618, "Incorrect": 1019, "Partial": 0, "Missed": 1685, "Spurious": 1637, "Possible": 8322, "Actual": 8274, "Precision": 0.6740705744535066, "Recall": 0.6767566253343058, "F1": 0.6749884445726897}, "Exact": {"Correct": 5803, "Incorrect": 834, "Partial": 0, "Missed": 1685, "Spurious": 1637, "Possible": 8322, "Actual": 8274, "Precision": 0.6925870668759071, "Recall": 0.6991247264770241, "F1": 0.6947104641853}}}, "Exact_match": {"Precision": 0.13393341700933056, "Recall": 0.07646776239909175, "F1": 0.08975151860501457}}