{"Total_scores": {"Ent_type": {"Correct": 22239, "Incorrect": 77, "Partial": 0, "Missed": 10183, "Spurious": 10281, "Possible": 32499, "Actual": 32597, "Precision": 0.6609425808563983, "Recall": 0.6802784841920191, "F1": 0.6689626930372904}, "Partial": {"Correct": 19824, "Incorrect": 0, "Partial": 2492, "Missed": 10183, "Spurious": 10281, "Possible": 32499, "Actual": 32597, "Precision": 0.6309415978566869, "Recall": 0.6467787510596213, "F1": 0.6374183648131091}, "Strict": {"Correct": 19763, "Incorrect": 2553, "Partial": 0, "Missed": 10183, "Spurious": 10281, "Possible": 32499, "Actual": 32597, "Precision": 0.5958136172744819, "Recall": 0.6080201563530188, "F1": 0.600858495475619}, "Exact": {"Correct": 19824, "Incorrect": 2492, "Partial": 0, "Missed": 10183, "Spurious": 10281, "Possible": 32499, "Actual": 32597, "Precision": 0.5980929805597791, "Recall": 0.6103277762079683, "F1": 0.6030734965744855}}, "Scores_per_tag": {"Subjects": {"Ent_type": {"Correct": 7992, "Incorrect": 46, "Partial": 0, "Missed": 3036, "Spurious": 3248, "Possible": 11074, "Actual": 11286, "Precision": 0.6912969765470471, "Recall": 0.7081096354902515, "F1": 0.6978933157514677}, "Partial": {"Correct": 7491, "Incorrect": 0, "Partial": 547, "Missed": 3036, "Spurious": 3248, "Possible": 11074, "Actual": 11286, "Precision": 0.6850098897993784, "Recall": 0.6978430818498634, "F1": 0.6900317101503878}, "Strict": {"Correct": 7453, "Incorrect": 585, "Partial": 0, "Missed": 3036, "Spurious": 3248, "Possible": 11074, "Actual": 11286, "Precision": 0.6722237920316474, "Recall": 0.679664688706791, "F1": 0.6752001507017048}, "Exact": {"Correct": 7491, "Incorrect": 547, "Partial": 0, "Missed": 3036, "Spurious": 3248, "Possible": 11074, "Actual": 11286, "Precision": 0.675190731845154, "Recall": 0.6832438541961006, "F1": 0.6783711657404791}}, "Predicates": {"Ent_type": {"Correct": 7775, "Incorrect": 8, "Partial": 0, "Missed": 2992, "Spurious": 3152, "Possible": 10775, "Actual": 10935, "Precision": 0.6970707356126966, "Recall": 0.7175284920410662, "F1": 0.7038908847894437}, "Partial": {"Correct": 6284, "Incorrect": 0, "Partial": 1499, "Missed": 2992, "Spurious": 3152, "Possible": 10775, "Actual": 10935, "Precision": 0.6397146086465103, "Recall": 0.6513139304888387, "F1": 0.6436617823167696}, "Strict": {"Correct": 6282, "Incorrect": 1501, "Partial": 0, "Missed": 2992, "Spurious": 3152, "Possible": 10775, "Actual": 10935, "Precision": 0.5817933502872751, "Recall": 0.5842987661297918, "F1": 0.5827859183609395}, "Exact": {"Correct": 6284, "Incorrect": 1499, "Partial": 0, "Missed": 2992, "Spurious": 3152, "Possible": 10775, "Actual": 10935, "Precision": 0.5818718407585319, "Recall": 0.584440048978054, "F1": 0.5828863861641482}}, "Objects": {"Ent_type": {"Correct": 6472, "Incorrect": 23, "Partial": 0, "Missed": 4155, "Spurious": 3881, "Possible": 10650, "Actual": 10376, "Precision": 0.5993839619298789, "Recall": 0.6049731562588302, "F1": 0.6009954834340254}, "Partial": {"Correct": 6049, "Incorrect": 0, "Partial": 446, "Missed": 4155, "Spurious": 3881, "Possible": 10650, "Actual": 10376, "Precision": 0.5831995631444629, "Recall": 0.5872892530846755, "F1": 0.5844480101544244}, "Strict": {"Correct": 6028, "Incorrect": 467, "Partial": 0, "Missed": 4155, "Spurious": 3881, "Possible": 10650, "Actual": 10376, "Precision": 0.5644720730903269, "Recall": 0.5654610530281624, "F1": 0.5648237104015572}, "Exact": {"Correct": 6049, "Incorrect": 446, "Partial": 0, "Missed": 4155, "Spurious": 3881, "Possible": 10650, "Actual": 10376, "Precision": 0.5656965244419327, "Recall": 0.5674390129038335, "F1": 0.5662993312611849}}}, "Exact_match": {"Precision": 0.17989268018925486, "Recall": 0.13667774943609134, "F1": 0.14727782671474443}}