{"Total_scores": {"Ent_type": {"Correct": 29483, "Incorrect": 685, "Partial": 0, "Missed": 5597, "Spurious": 9451, "Possible": 35765, "Actual": 39619, "Precision": 0.7655647911256139, "Recall": 0.8234755495358221, "F1": 0.7859631610175627}, "Partial": {"Correct": 25895, "Incorrect": 0, "Partial": 4273, "Missed": 5597, "Spurious": 9451, "Possible": 35765, "Actual": 39619, "Precision": 0.7375429068330956, "Recall": 0.7838243178419255, "F1": 0.7539521506446031}, "Strict": {"Correct": 25362, "Incorrect": 4806, "Partial": 0, "Missed": 5597, "Spurious": 9451, "Possible": 35765, "Actual": 39619, "Precision": 0.6773273738968313, "Recall": 0.7099029317983013, "F1": 0.6889796732841036}, "Exact": {"Correct": 25895, "Incorrect": 4273, "Partial": 0, "Missed": 5597, "Spurious": 9451, "Possible": 35765, "Actual": 39619, "Precision": 0.6915730797979168, "Recall": 0.7249287508112531, "F1": 0.7035172623539876}}, "Scores_per_tag": {"Subjects": {"Ent_type": {"Correct": 10775, "Incorrect": 321, "Partial": 0, "Missed": 770, "Spurious": 3497, "Possible": 11866, "Actual": 14593, "Precision": 0.8431318603798076, "Recall": 0.9076441208837721, "F1": 0.8571098023565644}, "Partial": {"Correct": 9372, "Incorrect": 0, "Partial": 1724, "Missed": 770, "Spurious": 3497, "Possible": 11866, "Actual": 14593, "Precision": 0.8283035638703123, "Recall": 0.8628417844747313, "F1": 0.8360572291220729}, "Strict": {"Correct": 9149, "Incorrect": 1947, "Partial": 0, "Missed": 770, "Spurious": 3497, "Possible": 11866, "Actual": 14593, "Precision": 0.7712759953723299, "Recall": 0.7722424447642428, "F1": 0.7716061401281075}, "Exact": {"Correct": 9372, "Incorrect": 1724, "Partial": 0, "Missed": 770, "Spurious": 3497, "Possible": 11866, "Actual": 14593, "Precision": 0.7886297581760208, "Recall": 0.7910353000931177, "F1": 0.789439600440193}}, "Predicates": {"Ent_type": {"Correct": 8715, "Incorrect": 2, "Partial": 0, "Missed": 3200, "Spurious": 3324, "Possible": 11917, "Actual": 12041, "Precision": 0.7118979090832134, "Recall": 0.728942690256497, "F1": 0.7173852051613839}, "Partial": {"Correct": 7512, "Incorrect": 0, "Partial": 1205, "Missed": 3200, "Spurious": 3324, "Possible": 11917, "Actual": 12041, "Precision": 0.6709529049916758, "Recall": 0.680309828155422, "F1": 0.6740155115631286}, "Strict": {"Correct": 7512, "Incorrect": 1205, "Partial": 0, "Missed": 3200, "Spurious": 3324, "Possible": 11917, "Actual": 12041, "Precision": 0.6299232483986569, "Recall": 0.6315076610513841, "F1": 0.630532947962898}, "Exact": {"Correct": 7512, "Incorrect": 1205, "Partial": 0, "Missed": 3200, "Spurious": 3324, "Possible": 11917, "Actual": 12041, "Precision": 0.6299232483986569, "Recall": 0.6315076610513841, "F1": 0.630532947962898}}, "Objects": {"Ent_type": {"Correct": 9993, "Incorrect": 362, "Partial": 0, "Missed": 1627, "Spurious": 2630, "Possible": 11982, "Actual": 12985, "Precision": 0.801928345505337, "Recall": 0.831202912046051, "F1": 0.8099107797025346}, "Partial": {"Correct": 9011, "Incorrect": 0, "Partial": 1344, "Missed": 1627, "Spurious": 2630, "Possible": 11982, "Actual": 12985, "Precision": 0.7871627367384161, "Recall": 0.8083890628968086, "F1": 0.7931722577769306}, "Strict": {"Correct": 8701, "Incorrect": 1654, "Partial": 0, "Missed": 1627, "Spurious": 2630, "Possible": 11982, "Actual": 12985, "Precision": 0.726047061660369, "Recall": 0.7291966477609413, "F1": 0.7271313127742485}, "Exact": {"Correct": 9011, "Incorrect": 1344, "Partial": 0, "Missed": 1627, "Spurious": 2630, "Possible": 11982, "Actual": 12985, "Precision": 0.7474443922848223, "Recall": 0.7552696182172183, "F1": 0.7498919517797026}}}, "Exact_match": {"Precision": 0.13425737050631503, "Recall": 0.07689681810874789, "F1": 0.09028113486502945}}