{"Total_scores": {"Ent_type": {"Correct": 137591, "Incorrect": 2904, "Partial": 0, "Missed": 26873, "Spurious": 20806, "Possible": 167368, "Actual": 161301, "Precision": 0.7923551591298013, "Recall": 0.8211385861215046, "F1": 0.8036135386132356}, "Partial": {"Correct": 127383, "Incorrect": 0, "Partial": 13112, "Missed": 26873, "Spurious": 20806, "Possible": 167368, "Actual": 161301, "Precision": 0.7768030208262092, "Recall": 0.8003446426742343, "F1": 0.7860252279086032}, "Strict": {"Correct": 124756, "Incorrect": 15739, "Partial": 0, "Missed": 26873, "Spurious": 20806, "Possible": 167368, "Actual": 161301, "Precision": 0.728710296199698, "Recall": 0.7462718941489073, "F1": 0.7356124425243906}, "Exact": {"Correct": 127383, "Incorrect": 13112, "Partial": 0, "Missed": 26873, "Spurious": 20806, "Possible": 167368, "Actual": 161301, "Precision": 0.7442146976240603, "Recall": 0.7620881007899065, "F1": 0.7512383095466028}}, "Scores_per_tag": {"Subjects": {"Ent_type": {"Correct": 47552, "Incorrect": 1377, "Partial": 0, "Missed": 6835, "Spurious": 4768, "Possible": 55764, "Actual": 53697, "Precision": 0.8311151480095681, "Recall": 0.8514722628924679, "F1": 0.8375160421524501}, "Partial": {"Correct": 44893, "Incorrect": 0, "Partial": 4036, "Missed": 6835, "Spurious": 4768, "Possible": 55764, "Actual": 53697, "Precision": 0.829926823683941, "Recall": 0.8419011984165717, "F1": 0.8337428977700655}, "Strict": {"Correct": 43643, "Incorrect": 5286, "Partial": 0, "Missed": 6835, "Spurious": 4768, "Possible": 55764, "Actual": 53697, "Precision": 0.7832541016695889, "Recall": 0.7848453626882128, "F1": 0.7838370418572143}, "Exact": {"Correct": 44893, "Incorrect": 4036, "Partial": 0, "Missed": 6835, "Spurious": 4768, "Possible": 55764, "Actual": 53697, "Precision": 0.8048846471328983, "Recall": 0.807439943603926, "F1": 0.8057796937982394}}, "Predicates": {"Ent_type": {"Correct": 43640, "Incorrect": 29, "Partial": 0, "Missed": 12057, "Spurious": 8957, "Possible": 55726, "Actual": 52626, "Precision": 0.7688356603599812, "Recall": 0.7815375160421525, "F1": 0.7728151470627476}, "Partial": {"Correct": 39938, "Incorrect": 0, "Partial": 3731, "Missed": 12057, "Spurious": 8957, "Possible": 55726, "Actual": 52626, "Precision": 0.7429692765344302, "Recall": 0.7501626809825931, "F1": 0.7452701149870501}, "Strict": {"Correct": 39930, "Incorrect": 3739, "Partial": 0, "Missed": 12057, "Spurious": 8957, "Possible": 55726, "Actual": 52626, "Precision": 0.7167684929113268, "Recall": 0.7181190463279287, "F1": 0.7172792165146159}, "Exact": {"Correct": 39938, "Incorrect": 3731, "Partial": 0, "Missed": 12057, "Spurious": 8957, "Possible": 55726, "Actual": 52626, "Precision": 0.7168407955702571, "Recall": 0.7182636516457893, "F1": 0.7173756200598562}}, "Objects": {"Ent_type": {"Correct": 46399, "Incorrect": 1498, "Partial": 0, "Missed": 7981, "Spurious": 7081, "Possible": 55878, "Actual": 54978, "Precision": 0.8066725250961464, "Recall": 0.8284619416879055, "F1": 0.8128984321978194}, "Partial": {"Correct": 42552, "Incorrect": 0, "Partial": 5345, "Missed": 7981, "Spurious": 7081, "Possible": 55878, "Actual": 54978, "Precision": 0.7958087308719053, "Recall": 0.8096135422880176, "F1": 0.7999142470822423}, "Strict": {"Correct": 41183, "Incorrect": 6714, "Partial": 0, "Missed": 7981, "Spurious": 7081, "Possible": 55878, "Actual": 54978, "Precision": 0.7373004970233971, "Recall": 0.7392946875621351, "F1": 0.7380275560770111}, "Exact": {"Correct": 42552, "Incorrect": 5345, "Partial": 0, "Missed": 7981, "Spurious": 7081, "Possible": 55878, "Actual": 54978, "Precision": 0.7602415281798178, "Recall": 0.7639227807602624, "F1": 0.7615223050964063}}}, "Exact_match": {"Precision": 0.22411108333229887, "Recall": 0.1365369901875288, "F1": 0.15950988192089144}}