{"Total_scores": {"Ent_type": {"Correct": 21082, "Incorrect": 89, "Partial": 0, "Missed": 6484, "Spurious": 6785, "Possible": 27655, "Actual": 27956, "Precision": 0.739053615481319, "Recall": 0.7593081483117935, "F1": 0.7474157474765009}, "Partial": {"Correct": 19668, "Incorrect": 0, "Partial": 1503, "Missed": 6484, "Spurious": 6785, "Possible": 27655, "Actual": 27956, "Precision": 0.7208423411339572, "Recall": 0.7381945211532088, "F1": 0.7279283461239718}, "Strict": {"Correct": 19619, "Incorrect": 1552, "Partial": 0, "Missed": 6484, "Spurious": 6785, "Possible": 27655, "Actual": 27956, "Precision": 0.6978297118029804, "Recall": 0.7099745940572186, "F1": 0.7029578899566749}, "Exact": {"Correct": 19668, "Incorrect": 1503, "Partial": 0, "Missed": 6484, "Spurious": 6785, "Possible": 27655, "Actual": 27956, "Precision": 0.6997738187288612, "Recall": 0.7124231378180346, "F1": 0.7050555897457477}}, "Scores_per_tag": {"Subjects": {"Ent_type": {"Correct": 7500, "Incorrect": 21, "Partial": 0, "Missed": 1775, "Spurious": 1895, "Possible": 9296, "Actual": 9416, "Precision": 0.7793180897676645, "Recall": 0.7945432453330388, "F1": 0.7851467285246143}, "Partial": {"Correct": 7125, "Incorrect": 0, "Partial": 396, "Missed": 1775, "Spurious": 1895, "Possible": 9296, "Actual": 9416, "Precision": 0.7724787363304981, "Recall": 0.7834695680989727, "F1": 0.7767075370963585}, "Strict": {"Correct": 7104, "Incorrect": 417, "Partial": 0, "Missed": 1775, "Spurious": 1895, "Possible": 9296, "Actual": 9416, "Precision": 0.7621046430280938, "Recall": 0.7677565447917817, "F1": 0.764365403733569}, "Exact": {"Correct": 7125, "Incorrect": 396, "Partial": 0, "Missed": 1775, "Spurious": 1895, "Possible": 9296, "Actual": 9416, "Precision": 0.7638720129607128, "Recall": 0.7700762178283442, "F1": 0.7663168747008359}}, "Predicates": {"Ent_type": {"Correct": 7090, "Incorrect": 1, "Partial": 0, "Missed": 2094, "Spurious": 2199, "Possible": 9185, "Actual": 9290, "Precision": 0.7517158216429176, "Recall": 0.7685849994476969, "F1": 0.7572627858168562}, "Partial": {"Correct": 6430, "Incorrect": 0, "Partial": 661, "Missed": 2094, "Spurious": 2199, "Possible": 9185, "Actual": 9290, "Precision": 0.726174564601053, "Recall": 0.7358334253838507, "F1": 0.7294359144298391}, "Strict": {"Correct": 6430, "Incorrect": 661, "Partial": 0, "Missed": 2094, "Spurious": 2199, "Possible": 9185, "Actual": 9290, "Precision": 0.7005228469383998, "Recall": 0.7029713906992158, "F1": 0.7014985824220332}, "Exact": {"Correct": 6430, "Incorrect": 661, "Partial": 0, "Missed": 2094, "Spurious": 2199, "Possible": 9185, "Actual": 9290, "Precision": 0.7005228469383998, "Recall": 0.7029713906992158, "F1": 0.7014985824220332}}, "Objects": {"Ent_type": {"Correct": 6492, "Incorrect": 67, "Partial": 0, "Missed": 2615, "Spurious": 2691, "Possible": 9174, "Actual": 9250, "Precision": 0.691409845723333, "Recall": 0.7026400088368496, "F1": 0.695029272064509}, "Partial": {"Correct": 6113, "Incorrect": 0, "Partial": 446, "Missed": 2615, "Spurious": 2691, "Possible": 9174, "Actual": 9250, "Precision": 0.6795675466696123, "Recall": 0.6890257373246438, "F1": 0.6827147538569167}, "Strict": {"Correct": 6085, "Incorrect": 474, "Partial": 0, "Missed": 2615, "Spurious": 2691, "Possible": 9174, "Actual": 9250, "Precision": 0.6621469862660628, "Recall": 0.6649177068375124, "F1": 0.66318347509113}, "Exact": {"Correct": 6113, "Incorrect": 446, "Partial": 0, "Missed": 2615, "Spurious": 2691, "Possible": 9174, "Actual": 9250, "Precision": 0.6638591258882874, "Recall": 0.6680106042195957, "F1": 0.6653558672999742}}}, "Exact_match": {"Precision": 0.22039030520514893, "Recall": 0.1737895085812618, "F1": 0.1829753963777453}}