{"Total_scores": {"Ent_type": {"Correct": 15, "Incorrect": 0, "Partial": 0, "Missed": 20820, "Spurious": 11, "Possible": 20835, "Actual": 26, "Precision": 0.0004967602591792657, "Recall": 0.0007199424046076314, "F1": 0.0005862388151804998}, "Partial": {"Correct": 9, "Incorrect": 0, "Partial": 6, "Missed": 20820, "Spurious": 11, "Possible": 20835, "Actual": 26, "Precision": 0.0003959683225341973, "Recall": 0.0005759539236861052, "F1": 0.00046796256299496043}, "Strict": {"Correct": 9, "Incorrect": 6, "Partial": 0, "Missed": 20820, "Spurious": 11, "Possible": 20835, "Actual": 26, "Precision": 0.0002951763858891289, "Recall": 0.00043196544276457883, "F1": 0.000349686310809421}, "Exact": {"Correct": 9, "Incorrect": 6, "Partial": 0, "Missed": 20820, "Spurious": 11, "Possible": 20835, "Actual": 26, "Precision": 0.0002951763858891289, "Recall": 0.00043196544276457883, "F1": 0.000349686310809421}}, "Scores_per_tag": {"Subjects": {"Ent_type": {"Correct": 4, "Incorrect": 0, "Partial": 0, "Missed": 6941, "Spurious": 2, "Possible": 6945, "Actual": 6, "Precision": 0.0005759539236861051, "Recall": 0.0005759539236861051, "F1": 0.0005759539236861051}, "Partial": {"Correct": 4, "Incorrect": 0, "Partial": 0, "Missed": 6941, "Spurious": 2, "Possible": 6945, "Actual": 6, "Precision": 0.0005759539236861051, "Recall": 0.0005759539236861051, "F1": 0.0005759539236861051}, "Strict": {"Correct": 4, "Incorrect": 0, "Partial": 0, "Missed": 6941, "Spurious": 2, "Possible": 6945, "Actual": 6, "Precision": 0.0005759539236861051, "Recall": 0.0005759539236861051, "F1": 0.0005759539236861051}, "Exact": {"Correct": 4, "Incorrect": 0, "Partial": 0, "Missed": 6941, "Spurious": 2, "Possible": 6945, "Actual": 6, "Precision": 0.0005759539236861051, "Recall": 0.0005759539236861051, "F1": 0.0005759539236861051}}, "Predicates": {"Ent_type": {"Correct": 5, "Incorrect": 0, "Partial": 0, "Missed": 6940, "Spurious": 1, "Possible": 6945, "Actual": 6, "Precision": 0.0007199424046076314, "Recall": 0.0007199424046076314, "F1": 0.0007199424046076314}, "Partial": {"Correct": 5, "Incorrect": 0, "Partial": 0, "Missed": 6940, "Spurious": 1, "Possible": 6945, "Actual": 6, "Precision": 0.0007199424046076314, "Recall": 0.0007199424046076314, "F1": 0.0007199424046076314}, "Strict": {"Correct": 5, "Incorrect": 0, "Partial": 0, "Missed": 6940, "Spurious": 1, "Possible": 6945, "Actual": 6, "Precision": 0.0007199424046076314, "Recall": 0.0007199424046076314, "F1": 0.0007199424046076314}, "Exact": {"Correct": 5, "Incorrect": 0, "Partial": 0, "Missed": 6940, "Spurious": 1, "Possible": 6945, "Actual": 6, "Precision": 0.0007199424046076314, "Recall": 0.0007199424046076314, "F1": 0.0007199424046076314}}, "Objects": {"Ent_type": {"Correct": 6, "Incorrect": 0, "Partial": 0, "Missed": 6939, "Spurious": 8, "Possible": 6945, "Actual": 14, "Precision": 0.0003839692824574034, "Recall": 0.0008639308855291577, "F1": 0.0005279577633789296}, "Partial": {"Correct": 0, "Incorrect": 0, "Partial": 6, "Missed": 6939, "Spurious": 8, "Possible": 6945, "Actual": 14, "Precision": 0.0001919846412287017, "Recall": 0.00043196544276457883, "F1": 0.0002639788816894648}, "Strict": {"Correct": 0, "Incorrect": 6, "Partial": 0, "Missed": 6939, "Spurious": 8, "Possible": 6945, "Actual": 14, "Precision": 0.0, "Recall": 0.0, "F1": 0}, "Exact": {"Correct": 0, "Incorrect": 6, "Partial": 0, "Missed": 6939, "Spurious": 8, "Possible": 6945, "Actual": 14, "Precision": 0.0, "Recall": 0.0, "F1": 0}}}, "Exact_match": {"Precision": 0.0, "Recall": 0.0, "F1": 0.0}}