{"Total_scores": {"Ent_type": {"Correct": 91124, "Incorrect": 1769, "Partial": 0, "Missed": 30464, "Spurious": 14463, "Possible": 123357, "Actual": 107356, "Precision": 0.708619688679516, "Recall": 0.7368295277845978, "F1": 0.7196462955476762}, "Partial": {"Correct": 83745, "Incorrect": 0, "Partial": 9148, "Missed": 30464, "Spurious": 14463, "Possible": 123357, "Actual": 107356, "Precision": 0.692190913390979, "Recall": 0.7152213765447254, "F1": 0.7012142319050979}, "Strict": {"Correct": 82148, "Incorrect": 10745, "Partial": 0, "Missed": 30464, "Spurious": 14463, "Possible": 123357, "Actual": 107356, "Precision": 0.6489708411761097, "Recall": 0.6661703085358868, "F1": 0.6557380644273526}, "Exact": {"Correct": 83745, "Incorrect": 9148, "Partial": 0, "Missed": 30464, "Spurious": 14463, "Possible": 123357, "Actual": 107356, "Precision": 0.661734569795473, "Recall": 0.6792012439643178, "F1": 0.6686063725657319}}, "Scores_per_tag": {"Subjects": {"Ent_type": {"Correct": 31713, "Incorrect": 831, "Partial": 0, "Missed": 8703, "Spurious": 3591, "Possible": 41247, "Actual": 36135, "Precision": 0.7439209427940093, "Recall": 0.7658482690891235, "F1": 0.7508689043994715}, "Partial": {"Correct": 29504, "Incorrect": 0, "Partial": 3040, "Missed": 8703, "Spurious": 3591, "Possible": 41247, "Actual": 36135, "Precision": 0.739114903019887, "Recall": 0.7521237417137245, "F1": 0.7433169946102673}, "Strict": {"Correct": 28751, "Incorrect": 3793, "Partial": 0, "Missed": 8703, "Spurious": 3591, "Possible": 41247, "Actual": 36135, "Precision": 0.6971454292495294, "Recall": 0.6995089614534741, "F1": 0.6980385932914781}, "Exact": {"Correct": 29504, "Incorrect": 3040, "Partial": 0, "Missed": 8703, "Spurious": 3591, "Possible": 41247, "Actual": 36135, "Precision": 0.7147941730092479, "Recall": 0.7179965627301743, "F1": 0.715960681842096}}, "Predicates": {"Ent_type": {"Correct": 28839, "Incorrect": 20, "Partial": 0, "Missed": 12154, "Spurious": 5874, "Possible": 41013, "Actual": 34733, "Precision": 0.6900538388692083, "Recall": 0.7011048367296833, "F1": 0.6935395695228742}, "Partial": {"Correct": 26444, "Incorrect": 0, "Partial": 2415, "Missed": 12154, "Spurious": 5874, "Possible": 41013, "Actual": 34733, "Precision": 0.6673605801269685, "Recall": 0.6736864718880432, "F1": 0.6694005822314194}, "Strict": {"Correct": 26437, "Incorrect": 2422, "Partial": 0, "Missed": 12154, "Spurious": 5874, "Possible": 41013, "Actual": 34733, "Precision": 0.6443358703658237, "Recall": 0.6456052050085932, "F1": 0.6448196602480913}, "Exact": {"Correct": 26444, "Incorrect": 2415, "Partial": 0, "Missed": 12154, "Spurious": 5874, "Possible": 41013, "Actual": 34733, "Precision": 0.6444218021114657, "Recall": 0.6457770684998773, "F1": 0.6449342359089474}}, "Objects": {"Ent_type": {"Correct": 30572, "Incorrect": 918, "Partial": 0, "Missed": 9607, "Spurious": 4998, "Possible": 41097, "Actual": 36488, "Precision": 0.7207478907730565, "Recall": 0.7415664129634176, "F1": 0.7266383731526133}, "Partial": {"Correct": 27797, "Incorrect": 0, "Partial": 3693, "Missed": 9607, "Spurious": 4998, "Possible": 41097, "Actual": 36488, "Precision": 0.7078131209094258, "Recall": 0.7208261723545298, "F1": 0.7116417443415356}, "Strict": {"Correct": 26960, "Incorrect": 4530, "Partial": 0, "Missed": 9607, "Spurious": 4998, "Possible": 41097, "Actual": 36488, "Precision": 0.6556607391299265, "Recall": 0.657402406088878, "F1": 0.6562989333551573}, "Exact": {"Correct": 27797, "Incorrect": 3693, "Partial": 0, "Missed": 9607, "Spurious": 4998, "Possible": 41097, "Actual": 36488, "Precision": 0.6745391252499036, "Recall": 0.6778173336606924, "F1": 0.6756761327986469}}}, "Exact_match": {"Precision": 0.23019142619638433, "Recall": 0.13675586949422264, "F1": 0.16120452349823475}}