{"Total_scores": {"Ent_type": {"Correct": 21091, "Incorrect": 117, "Partial": 0, "Missed": 6689, "Spurious": 6648, "Possible": 27897, "Actual": 27856, "Precision": 0.7396437376342749, "Recall": 0.7531197882677109, "F1": 0.7450359824353733}, "Partial": {"Correct": 19813, "Incorrect": 0, "Partial": 1395, "Missed": 6689, "Spurious": 6648, "Possible": 27897, "Actual": 27856, "Precision": 0.7227078089230036, "Recall": 0.7354796606482489, "F1": 0.7276646558188868}, "Strict": {"Correct": 19700, "Incorrect": 1508, "Partial": 0, "Missed": 6689, "Spurious": 6648, "Possible": 27897, "Actual": 27856, "Precision": 0.6979968820245087, "Recall": 0.705983975056196, "F1": 0.7012436038811936}, "Exact": {"Correct": 19813, "Incorrect": 1395, "Partial": 0, "Missed": 6689, "Spurious": 6648, "Possible": 27897, "Actual": 27856, "Precision": 0.7018164020013052, "Recall": 0.7118211152200711, "F1": 0.7056912940587076}}, "Scores_per_tag": {"Subjects": {"Ent_type": {"Correct": 7573, "Incorrect": 27, "Partial": 0, "Missed": 1716, "Spurious": 1664, "Possible": 9316, "Actual": 9264, "Precision": 0.7926908853600174, "Recall": 0.8011746791385687, "F1": 0.7960191429192952}, "Partial": {"Correct": 7360, "Incorrect": 0, "Partial": 240, "Missed": 1716, "Spurious": 1664, "Possible": 9316, "Actual": 9264, "Precision": 0.7898629541005003, "Recall": 0.7966880574287579, "F1": 0.7925132332680734}, "Strict": {"Correct": 7333, "Incorrect": 267, "Partial": 0, "Missed": 1716, "Spurious": 1664, "Possible": 9316, "Actual": 9264, "Precision": 0.7825755927778987, "Recall": 0.786328040026104, "F1": 0.7840765716771808}, "Exact": {"Correct": 7360, "Incorrect": 240, "Partial": 0, "Missed": 1716, "Spurious": 1664, "Possible": 9316, "Actual": 9264, "Precision": 0.7848053078094409, "Recall": 0.7892647378725256, "F1": 0.7865419476470161}}, "Predicates": {"Ent_type": {"Correct": 7045, "Incorrect": 2, "Partial": 0, "Missed": 2261, "Spurious": 2271, "Possible": 9308, "Actual": 9318, "Precision": 0.7413893118700602, "Recall": 0.7538612138351098, "F1": 0.7454390544558045}, "Partial": {"Correct": 6525, "Incorrect": 0, "Partial": 522, "Missed": 2261, "Spurious": 2271, "Possible": 9308, "Actual": 9318, "Precision": 0.7214079834674788, "Recall": 0.728790515553622, "F1": 0.72387245304909}, "Strict": {"Correct": 6525, "Incorrect": 522, "Partial": 0, "Missed": 2261, "Spurious": 2271, "Possible": 9308, "Actual": 9318, "Precision": 0.7012635051845406, "Recall": 0.703502284098325, "F1": 0.7021245739975346}, "Exact": {"Correct": 6525, "Incorrect": 522, "Partial": 0, "Missed": 2261, "Spurious": 2271, "Possible": 9308, "Actual": 9318, "Precision": 0.7012635051845406, "Recall": 0.703502284098325, "F1": 0.7021245739975346}}, "Objects": {"Ent_type": {"Correct": 6473, "Incorrect": 88, "Partial": 0, "Missed": 2712, "Spurious": 2713, "Possible": 9273, "Actual": 9274, "Precision": 0.6863062867087231, "Recall": 0.6940395910376332, "F1": 0.6887996312294767}, "Partial": {"Correct": 5928, "Incorrect": 0, "Partial": 633, "Missed": 2712, "Spurious": 2713, "Possible": 9273, "Actual": 9274, "Precision": 0.6621990791095642, "Recall": 0.6716880574287579, "F1": 0.6653492961248019}, "Strict": {"Correct": 5842, "Incorrect": 719, "Partial": 0, "Missed": 2712, "Spurious": 2713, "Possible": 9273, "Actual": 9274, "Precision": 0.6283572619824523, "Recall": 0.630411137698499, "F1": 0.6291007592943638}, "Exact": {"Correct": 5928, "Incorrect": 633, "Partial": 0, "Missed": 2712, "Spurious": 2713, "Possible": 9273, "Actual": 9274, "Precision": 0.6331429918062504, "Recall": 0.6397650641722863, "F1": 0.635409221334825}}}, "Exact_match": {"Precision": 0.2089445613096997, "Recall": 0.165368349815087, "F1": 0.1755799178118213}}