{"Total_scores": {"Ent_type": {"Correct": 22223, "Incorrect": 144, "Partial": 0, "Missed": 8546, "Spurious": 8410, "Possible": 30913, "Actual": 30777, "Precision": 0.6979127194644436, "Recall": 0.7164030520352359, "F1": 0.7052338749656757}, "Partial": {"Correct": 20516, "Incorrect": 0, "Partial": 1851, "Missed": 8546, "Spurious": 8410, "Possible": 30913, "Actual": 30777, "Precision": 0.676966330462499, "Recall": 0.6942094835772996, "F1": 0.6836223447334558}, "Strict": {"Correct": 20374, "Incorrect": 1993, "Partial": 0, "Missed": 8546, "Spurious": 8410, "Possible": 30913, "Actual": 30777, "Precision": 0.6483341832000836, "Recall": 0.6583603497396601, "F1": 0.6524645497825574}, "Exact": {"Correct": 20516, "Incorrect": 1851, "Partial": 0, "Missed": 8546, "Spurious": 8410, "Possible": 30913, "Actual": 30777, "Precision": 0.652136128381339, "Recall": 0.6651553852703278, "F1": 0.6572016602667944}}, "Scores_per_tag": {"Subjects": {"Ent_type": {"Correct": 7608, "Incorrect": 57, "Partial": 0, "Missed": 2681, "Spurious": 2590, "Possible": 10346, "Actual": 10255, "Precision": 0.7121688443527524, "Recall": 0.722860791826309, "F1": 0.716278612830337}, "Partial": {"Correct": 7345, "Incorrect": 0, "Partial": 320, "Missed": 2681, "Spurious": 2590, "Possible": 10346, "Actual": 10255, "Precision": 0.709082424599666, "Recall": 0.7188820119854603, "F1": 0.7127582932180633}, "Strict": {"Correct": 7289, "Incorrect": 376, "Partial": 0, "Missed": 2681, "Spurious": 2590, "Possible": 10346, "Actual": 10255, "Precision": 0.699708550283263, "Recall": 0.7038019451812555, "F1": 0.70134590824246}, "Exact": {"Correct": 7345, "Incorrect": 320, "Partial": 0, "Missed": 2681, "Spurious": 2590, "Possible": 10346, "Actual": 10255, "Precision": 0.7028031568261454, "Recall": 0.7093034679241575, "F1": 0.7052428201853489}}, "Predicates": {"Ent_type": {"Correct": 7484, "Incorrect": 1, "Partial": 0, "Missed": 2772, "Spurious": 2754, "Possible": 10257, "Actual": 10239, "Precision": 0.7108327602580476, "Recall": 0.7275763827487965, "F1": 0.7158599170093423}, "Partial": {"Correct": 6669, "Incorrect": 0, "Partial": 816, "Missed": 2772, "Spurious": 2754, "Possible": 10257, "Actual": 10239, "Precision": 0.6804540393620854, "Recall": 0.6895078101974653, "F1": 0.6832346240392217}, "Strict": {"Correct": 6669, "Incorrect": 816, "Partial": 0, "Missed": 2772, "Spurious": 2754, "Possible": 10257, "Actual": 10239, "Precision": 0.6500261977273472, "Recall": 0.6513409961685823, "F1": 0.6505438367507334}, "Exact": {"Correct": 6669, "Incorrect": 816, "Partial": 0, "Missed": 2772, "Spurious": 2754, "Possible": 10257, "Actual": 10239, "Precision": 0.6500261977273472, "Recall": 0.6513409961685823, "F1": 0.6505438367507334}}, "Objects": {"Ent_type": {"Correct": 7131, "Incorrect": 86, "Partial": 0, "Missed": 3093, "Spurious": 3066, "Possible": 10310, "Actual": 10283, "Precision": 0.6713176989039058, "Recall": 0.6829747519402691, "F1": 0.6751516895195057}, "Partial": {"Correct": 6502, "Incorrect": 0, "Partial": 715, "Missed": 3093, "Spurious": 3066, "Possible": 10310, "Actual": 10283, "Precision": 0.6491187505555321, "Recall": 0.6606984969053935, "F1": 0.6530226797468177}, "Strict": {"Correct": 6416, "Incorrect": 801, "Partial": 0, "Missed": 3093, "Spurious": 3066, "Possible": 10310, "Actual": 10283, "Precision": 0.6181763107050463, "Recall": 0.6215247077316043, "F1": 0.6194321642597505}, "Exact": {"Correct": 6502, "Incorrect": 715, "Partial": 0, "Missed": 3093, "Spurious": 3066, "Possible": 10310, "Actual": 10283, "Precision": 0.6225480564561024, "Recall": 0.629973474801061, "F1": 0.62516291711694}}}, "Exact_match": {"Precision": 0.2004927609618646, "Recall": 0.15064397792239406, "F1": 0.16150854934399253}}