{"Total_scores": {"Ent_type": {"Correct": 20287, "Incorrect": 185, "Partial": 0, "Missed": 8567, "Spurious": 8332, "Possible": 29039, "Actual": 28804, "Precision": 0.6740777422312584, "Recall": 0.6940334170503697, "F1": 0.6822366084452731}, "Partial": {"Correct": 18724, "Incorrect": 0, "Partial": 1748, "Missed": 8567, "Spurious": 8332, "Possible": 29039, "Actual": 28804, "Precision": 0.6559602086613912, "Recall": 0.6747061183200781, "F1": 0.6634086069388497}, "Strict": {"Correct": 18546, "Incorrect": 1926, "Partial": 0, "Missed": 8567, "Spurious": 8332, "Possible": 29039, "Actual": 28804, "Precision": 0.6257316104898776, "Recall": 0.6372750104646295, "F1": 0.6305353284685641}, "Exact": {"Correct": 18724, "Incorrect": 1748, "Partial": 0, "Missed": 8567, "Spurious": 8332, "Possible": 29039, "Actual": 28804, "Precision": 0.631654590816374, "Recall": 0.6461873866331799, "F1": 0.6374262870286311}}, "Scores_per_tag": {"Subjects": {"Ent_type": {"Correct": 7225, "Incorrect": 37, "Partial": 0, "Missed": 2325, "Spurious": 2168, "Possible": 9587, "Actual": 9430, "Precision": 0.7256522952420817, "Recall": 0.7383842611971536, "F1": 0.7301730152085949}, "Partial": {"Correct": 6949, "Incorrect": 0, "Partial": 313, "Missed": 2325, "Spurious": 2168, "Possible": 9587, "Actual": 9430, "Precision": 0.7215187665689968, "Recall": 0.7303003348681457, "F1": 0.7246825729035858}, "Strict": {"Correct": 6916, "Incorrect": 346, "Partial": 0, "Missed": 2325, "Spurious": 2168, "Possible": 9587, "Actual": 9430, "Precision": 0.7119436305288126, "Recall": 0.714891167852658, "F1": 0.7131226454583508}, "Exact": {"Correct": 6949, "Incorrect": 313, "Partial": 0, "Missed": 2325, "Spurious": 2168, "Possible": 9587, "Actual": 9430, "Precision": 0.7145074647690806, "Recall": 0.7183444956048556, "F1": 0.7159829775359285}}, "Predicates": {"Ent_type": {"Correct": 7366, "Incorrect": 7, "Partial": 0, "Missed": 2510, "Spurious": 2629, "Possible": 9883, "Actual": 10002, "Precision": 0.7117151527835914, "Recall": 0.7367099204688154, "F1": 0.72038210847336}, "Partial": {"Correct": 6330, "Incorrect": 0, "Partial": 1043, "Missed": 2510, "Spurious": 2629, "Possible": 9883, "Actual": 10002, "Precision": 0.6757630459048416, "Recall": 0.6913195897865215, "F1": 0.6813026968845303}, "Strict": {"Correct": 6326, "Incorrect": 1047, "Partial": 0, "Missed": 2510, "Spurious": 2629, "Possible": 9883, "Actual": 10002, "Precision": 0.639183061252965, "Recall": 0.6449351192967769, "F1": 0.6414698319679484}, "Exact": {"Correct": 6330, "Incorrect": 1043, "Partial": 0, "Missed": 2510, "Spurious": 2629, "Possible": 9883, "Actual": 10002, "Precision": 0.6394272359425143, "Recall": 0.6453013813311009, "F1": 0.6417558651757062}}, "Objects": {"Ent_type": {"Correct": 5696, "Incorrect": 141, "Partial": 0, "Missed": 3732, "Spurious": 3535, "Possible": 9569, "Actual": 9372, "Precision": 0.5859051406246886, "Recall": 0.5926119715362076, "F1": 0.5879240666547071}, "Partial": {"Correct": 5445, "Incorrect": 0, "Partial": 392, "Missed": 3732, "Spurious": 3535, "Possible": 9569, "Actual": 9372, "Precision": 0.5767489635033587, "Recall": 0.5877197572205944, "F1": 0.5803091799716956}, "Strict": {"Correct": 5304, "Incorrect": 533, "Partial": 0, "Missed": 3732, "Spurious": 3535, "Possible": 9569, "Actual": 9372, "Precision": 0.5526283661225059, "Recall": 0.5533172875680201, "F1": 0.552881261336682}, "Exact": {"Correct": 5445, "Incorrect": 392, "Partial": 0, "Missed": 3732, "Spurious": 3535, "Possible": 9569, "Actual": 9372, "Precision": 0.5601105762522673, "Recall": 0.5680724152365006, "F1": 0.5627877773126831}}}, "Exact_match": {"Precision": 0.17933200032941235, "Recall": 0.12703400445733676, "F1": 0.13861913125281272}}