{"Total_scores": {"Ent_type": {"Correct": 19079, "Incorrect": 122, "Partial": 0, "Missed": 6708, "Spurious": 6142, "Possible": 25909, "Actual": 25343, "Precision": 0.719693419254052, "Recall": 0.7336418668228861, "F1": 0.7254430572356758}, "Partial": {"Correct": 17948, "Incorrect": 0, "Partial": 1253, "Missed": 6708, "Spurious": 6142, "Possible": 25909, "Actual": 25343, "Precision": 0.7049814489357548, "Recall": 0.7168043350908025, "F1": 0.7097516296110321}, "Strict": {"Correct": 17834, "Incorrect": 1367, "Partial": 0, "Missed": 6708, "Spurious": 6142, "Possible": 25909, "Actual": 25343, "Precision": 0.6800800624877953, "Recall": 0.6887190001952743, "F1": 0.6836704901555517}, "Exact": {"Correct": 17948, "Incorrect": 1253, "Partial": 0, "Missed": 6708, "Spurious": 6142, "Possible": 25909, "Actual": 25343, "Precision": 0.6849794961921499, "Recall": 0.6941476274165203, "F1": 0.6886778826849126}}, "Scores_per_tag": {"Subjects": {"Ent_type": {"Correct": 6780, "Incorrect": 80, "Partial": 0, "Missed": 1880, "Spurious": 1761, "Possible": 8740, "Actual": 8621, "Precision": 0.756082796328842, "Recall": 0.7678968951376685, "F1": 0.7606092560046865}, "Partial": {"Correct": 6547, "Incorrect": 0, "Partial": 313, "Missed": 1880, "Spurious": 1761, "Possible": 8740, "Actual": 8621, "Precision": 0.7555067369654365, "Recall": 0.7655536028119508, "F1": 0.7592970123022847}, "Strict": {"Correct": 6475, "Incorrect": 385, "Partial": 0, "Missed": 1880, "Spurious": 1761, "Possible": 8740, "Actual": 8621, "Precision": 0.740988088264011, "Recall": 0.7454012888107792, "F1": 0.7427533684827182}, "Exact": {"Correct": 6547, "Incorrect": 313, "Partial": 0, "Missed": 1880, "Spurious": 1761, "Possible": 8740, "Actual": 8621, "Precision": 0.7476078890841632, "Recall": 0.7538371411833626, "F1": 0.7499785198203476}}, "Predicates": {"Ent_type": {"Correct": 6398, "Incorrect": 1, "Partial": 0, "Missed": 2237, "Spurious": 2101, "Possible": 8636, "Actual": 8500, "Precision": 0.7233645772310096, "Recall": 0.7377855887521968, "F1": 0.7279945323179067}, "Partial": {"Correct": 5706, "Incorrect": 0, "Partial": 693, "Missed": 2237, "Spurious": 2101, "Possible": 8636, "Actual": 8500, "Precision": 0.6920035149384886, "Recall": 0.7002636203866432, "F1": 0.6947334504979497}, "Strict": {"Correct": 5705, "Incorrect": 694, "Partial": 0, "Missed": 2237, "Spurious": 2101, "Possible": 8636, "Actual": 8500, "Precision": 0.6605252880296817, "Recall": 0.6625073227885179, "F1": 0.6613161491896115}, "Exact": {"Correct": 5706, "Incorrect": 693, "Partial": 0, "Missed": 2237, "Spurious": 2101, "Possible": 8636, "Actual": 8500, "Precision": 0.6605838703378246, "Recall": 0.6626244874048037, "F1": 0.661394258933802}}, "Objects": {"Ent_type": {"Correct": 5901, "Incorrect": 41, "Partial": 0, "Missed": 2591, "Spurious": 2280, "Possible": 8533, "Actual": 8222, "Precision": 0.6831985940246046, "Recall": 0.6877562975981254, "F1": 0.6846770998967836}, "Partial": {"Correct": 5695, "Incorrect": 0, "Partial": 247, "Missed": 2591, "Spurious": 2280, "Possible": 8533, "Actual": 8222, "Precision": 0.6746865846514353, "Recall": 0.6789982425307557, "F1": 0.6761176667503557}, "Strict": {"Correct": 5654, "Incorrect": 288, "Partial": 0, "Missed": 2591, "Spurious": 2280, "Possible": 8533, "Actual": 8222, "Precision": 0.6599648506151142, "Recall": 0.6606326889279438, "F1": 0.6602159176500125}, "Exact": {"Correct": 5695, "Incorrect": 247, "Partial": 0, "Missed": 2591, "Spurious": 2280, "Possible": 8533, "Actual": 8222, "Precision": 0.6630697129466901, "Recall": 0.6654364381956649, "F1": 0.6638870756269701}}}, "Exact_match": {"Precision": 0.20207418430307622, "Recall": 0.1612079241183082, "F1": 0.16878761203222797}}