{"Total_scores": {"Ent_type": {"Correct": 22964, "Incorrect": 772, "Partial": 0, "Missed": 6139, "Spurious": 7611, "Possible": 29875, "Actual": 31347, "Precision": 0.7161124888880095, "Recall": 0.7666294227188082, "F1": 0.7351179512885962}, "Partial": {"Correct": 20463, "Incorrect": 0, "Partial": 3273, "Missed": 6139, "Spurious": 7611, "Possible": 29875, "Actual": 31347, "Precision": 0.7002529851222081, "Recall": 0.7394853563568647, "F1": 0.7150920249548995}, "Strict": {"Correct": 19926, "Incorrect": 3810, "Partial": 0, "Missed": 6139, "Spurious": 7611, "Possible": 29875, "Actual": 31347, "Precision": 0.6407029447049761, "Recall": 0.6680717792449636, "F1": 0.651144681738892}, "Exact": {"Correct": 20463, "Incorrect": 3273, "Partial": 0, "Missed": 6139, "Spurious": 7611, "Possible": 29875, "Actual": 31347, "Precision": 0.658783188483544, "Recall": 0.6862451328931776, "F1": 0.6692568489013385}}, "Scores_per_tag": {"Subjects": {"Ent_type": {"Correct": 8420, "Incorrect": 221, "Partial": 0, "Missed": 1295, "Spurious": 2656, "Possible": 9936, "Actual": 11297, "Precision": 0.7749221262908413, "Recall": 0.8460132046724226, "F1": 0.7933423621691779}, "Partial": {"Correct": 6951, "Incorrect": 0, "Partial": 1690, "Missed": 1295, "Spurious": 2656, "Possible": 9936, "Actual": 11297, "Precision": 0.746987895716946, "Recall": 0.7849415947181311, "F1": 0.7570224592291631}, "Strict": {"Correct": 6899, "Incorrect": 1742, "Partial": 0, "Missed": 1295, "Spurious": 2656, "Possible": 9936, "Actual": 11297, "Precision": 0.6942187235483325, "Recall": 0.6961401726764855, "F1": 0.6949026578635518}, "Exact": {"Correct": 6951, "Incorrect": 1690, "Partial": 0, "Missed": 1295, "Spurious": 2656, "Possible": 9936, "Actual": 11297, "Precision": 0.6990435077027256, "Recall": 0.7014220416455054, "F1": 0.6998798036228204}}, "Predicates": {"Ent_type": {"Correct": 6706, "Incorrect": 4, "Partial": 0, "Missed": 3199, "Spurious": 2962, "Possible": 9909, "Actual": 9672, "Precision": 0.6596868122566446, "Recall": 0.6746571863890299, "F1": 0.6644421872354833}, "Partial": {"Correct": 5883, "Incorrect": 0, "Partial": 827, "Missed": 3199, "Spurious": 2962, "Possible": 9909, "Actual": 9672, "Precision": 0.6264406636194346, "Recall": 0.6346876587100051, "F1": 0.629102759437955}, "Strict": {"Correct": 5880, "Incorrect": 830, "Partial": 0, "Missed": 3199, "Spurious": 2962, "Possible": 9909, "Actual": 9672, "Precision": 0.5928390045708481, "Recall": 0.5940071102082275, "F1": 0.5932893177585915}, "Exact": {"Correct": 5883, "Incorrect": 827, "Partial": 0, "Missed": 3199, "Spurious": 2962, "Possible": 9909, "Actual": 9672, "Precision": 0.5929913661757237, "Recall": 0.5943118334179787, "F1": 0.5934924665650922}}, "Objects": {"Ent_type": {"Correct": 7838, "Incorrect": 547, "Partial": 0, "Missed": 1645, "Spurious": 1993, "Possible": 10030, "Actual": 10378, "Precision": 0.7575839802655445, "Recall": 0.7774504824784154, "F1": 0.7637971897748435}, "Partial": {"Correct": 7629, "Incorrect": 0, "Partial": 756, "Missed": 1645, "Spurious": 1993, "Possible": 10030, "Actual": 10378, "Precision": 0.7700269655856248, "Recall": 0.799060436769934, "F1": 0.7795801591332318}, "Strict": {"Correct": 7147, "Incorrect": 1238, "Partial": 0, "Missed": 1645, "Spurious": 1993, "Possible": 10030, "Actual": 10378, "Precision": 0.7132977822921956, "Recall": 0.7166074149314373, "F1": 0.7145810055865922}, "Exact": {"Correct": 7629, "Incorrect": 756, "Partial": 0, "Missed": 1645, "Spurious": 1993, "Possible": 10030, "Actual": 10378, "Precision": 0.7453191129168782, "Recall": 0.7654139156932454, "F1": 0.7521872354833249}}}, "Exact_match": {"Precision": 0.19958092457242407, "Recall": 0.13803316592290737, "F1": 0.15211678025516503}}