{"Total_scores": {"Ent_type": {"Correct": 21067, "Incorrect": 102, "Partial": 0, "Missed": 9264, "Spurious": 8596, "Possible": 30433, "Actual": 29765, "Precision": 0.6739357990230286, "Recall": 0.6894543581563819, "F1": 0.6794902103844382}, "Partial": {"Correct": 19412, "Incorrect": 0, "Partial": 1757, "Missed": 9264, "Spurious": 8596, "Possible": 30433, "Actual": 29765, "Precision": 0.6538048715648157, "Recall": 0.6663509786329046, "F1": 0.6582175937798508}, "Strict": {"Correct": 19317, "Incorrect": 1852, "Partial": 0, "Missed": 9264, "Spurious": 8596, "Possible": 30433, "Actual": 29765, "Precision": 0.6259761406307115, "Recall": 0.6352058618283322, "F1": 0.6294672058853098}, "Exact": {"Correct": 19412, "Incorrect": 1757, "Partial": 0, "Missed": 9264, "Spurious": 8596, "Possible": 30433, "Actual": 29765, "Precision": 0.6296713521416941, "Recall": 0.6390771940318346, "F1": 0.6330556056555459}}, "Scores_per_tag": {"Subjects": {"Ent_type": {"Correct": 7490, "Incorrect": 57, "Partial": 0, "Missed": 2680, "Spurious": 2550, "Possible": 10227, "Actual": 10097, "Precision": 0.7099990030904197, "Recall": 0.7237563552985744, "F1": 0.7149503206725817}, "Partial": {"Correct": 7174, "Incorrect": 0, "Partial": 373, "Missed": 2680, "Spurious": 2550, "Possible": 10227, "Actual": 10097, "Precision": 0.7070913501478749, "Recall": 0.7165786063204067, "F1": 0.7105639185192569}, "Strict": {"Correct": 7118, "Incorrect": 429, "Partial": 0, "Missed": 2680, "Spurious": 2550, "Possible": 10227, "Actual": 10097, "Precision": 0.6943142923603496, "Recall": 0.698135779084837, "F1": 0.6958428870501445}, "Exact": {"Correct": 7174, "Incorrect": 373, "Partial": 0, "Missed": 2680, "Spurious": 2550, "Possible": 10227, "Actual": 10097, "Precision": 0.6991991493038248, "Recall": 0.7037184727345229, "F1": 0.7009603562290233}}, "Predicates": {"Ent_type": {"Correct": 6848, "Incorrect": 8, "Partial": 0, "Missed": 3240, "Spurious": 2985, "Possible": 10096, "Actual": 9841, "Precision": 0.6603811517628685, "Recall": 0.6762037683182135, "F1": 0.6653607151164723}, "Partial": {"Correct": 5959, "Incorrect": 0, "Partial": 897, "Missed": 3240, "Spurious": 2985, "Possible": 10096, "Actual": 9841, "Precision": 0.625167813112684, "Recall": 0.6339098793739408, "F1": 0.6279649752434121}, "Strict": {"Correct": 5955, "Incorrect": 901, "Partial": 0, "Missed": 3240, "Spurious": 2985, "Possible": 10096, "Actual": 9841, "Precision": 0.5892566377562889, "Recall": 0.5904196989333067, "F1": 0.5897052470674243}, "Exact": {"Correct": 5959, "Incorrect": 897, "Partial": 0, "Missed": 3240, "Spurious": 2985, "Possible": 10096, "Actual": 9841, "Precision": 0.5894560196723491, "Recall": 0.5908184627654272, "F1": 0.5899710896221713}}, "Objects": {"Ent_type": {"Correct": 6729, "Incorrect": 37, "Partial": 0, "Missed": 3344, "Spurious": 3061, "Possible": 10110, "Actual": 9827, "Precision": 0.6530380819459675, "Recall": 0.6616488884458179, "F1": 0.6556022362422522}, "Partial": {"Correct": 6279, "Incorrect": 0, "Partial": 487, "Missed": 3344, "Spurious": 3061, "Possible": 10110, "Actual": 9827, "Precision": 0.6363460771608015, "Recall": 0.6433555976472934, "F1": 0.638534985987882}, "Strict": {"Correct": 6244, "Incorrect": 522, "Partial": 0, "Missed": 3344, "Spurious": 3061, "Possible": 10110, "Actual": 9827, "Precision": 0.6157162795334463, "Recall": 0.6178845578706011, "F1": 0.6164499575126631}, "Exact": {"Correct": 6279, "Incorrect": 487, "Partial": 0, "Missed": 3344, "Spurious": 3061, "Possible": 10110, "Actual": 9827, "Precision": 0.6176104077360184, "Recall": 0.6213737414016549, "F1": 0.618875770824729}}}, "Exact_match": {"Precision": 0.18347068691077512, "Recall": 0.12612514970716698, "F1": 0.13921312760204937}}