{"Total_scores": {"Ent_type": {"Correct": 23520, "Incorrect": 104, "Partial": 0, "Missed": 11285, "Spurious": 11922, "Possible": 34909, "Actual": 35546, "Precision": 0.6397718420642641, "Recall": 0.667892828720488, "F1": 0.650803360972253}, "Partial": {"Correct": 20863, "Incorrect": 0, "Partial": 2761, "Missed": 11285, "Spurious": 11922, "Possible": 34909, "Actual": 35546, "Precision": 0.6135576103875688, "Recall": 0.6351593126418487, "F1": 0.6219710176050259}, "Strict": {"Correct": 20766, "Incorrect": 2858, "Partial": 0, "Missed": 11285, "Spurious": 11922, "Possible": 34909, "Actual": 35546, "Precision": 0.5798685061904622, "Recall": 0.5955728475845197, "F1": 0.5862420741145651}, "Exact": {"Correct": 20863, "Incorrect": 2761, "Partial": 0, "Missed": 11285, "Spurious": 11922, "Possible": 34909, "Actual": 35546, "Precision": 0.5834880422531851, "Recall": 0.5988887906387244, "F1": 0.5895783689885732}}, "Scores_per_tag": {"Subjects": {"Ent_type": {"Correct": 8617, "Incorrect": 79, "Partial": 0, "Missed": 3316, "Spurious": 3669, "Possible": 12012, "Actual": 12365, "Precision": 0.6743301795030506, "Recall": 0.6985586700857724, "F1": 0.6838152503905444}, "Partial": {"Correct": 7826, "Incorrect": 0, "Partial": 870, "Missed": 3316, "Spurious": 3669, "Possible": 12012, "Actual": 12365, "Precision": 0.6646034132107171, "Recall": 0.6829295251569546, "F1": 0.6717687977127361}, "Strict": {"Correct": 7749, "Incorrect": 947, "Partial": 0, "Missed": 3316, "Spurious": 3669, "Possible": 12012, "Actual": 12365, "Precision": 0.642939251923247, "Recall": 0.6535060571226456, "F1": 0.6471659740030065}, "Exact": {"Correct": 7826, "Incorrect": 870, "Partial": 0, "Missed": 3316, "Spurious": 3669, "Possible": 12012, "Actual": 12365, "Precision": 0.6488195242727032, "Recall": 0.6603147935272792, "F1": 0.653355734370855}}, "Predicates": {"Ent_type": {"Correct": 8126, "Incorrect": 6, "Partial": 0, "Missed": 3394, "Spurious": 3652, "Possible": 11526, "Actual": 11784, "Precision": 0.6711763492203849, "Recall": 0.6993544964187814, "F1": 0.6800630766056533}, "Partial": {"Correct": 6911, "Incorrect": 0, "Partial": 1221, "Missed": 3394, "Spurious": 3652, "Possible": 11526, "Actual": 11784, "Precision": 0.6348446664898164, "Recall": 0.6506985586700857, "F1": 0.6399814307188965}, "Strict": {"Correct": 6910, "Incorrect": 1222, "Partial": 0, "Missed": 3394, "Spurious": 3652, "Possible": 11526, "Actual": 11784, "Precision": 0.5982034957408554, "Recall": 0.6014236448846052, "F1": 0.5994871341409497}, "Exact": {"Correct": 6911, "Incorrect": 1221, "Partial": 0, "Missed": 3394, "Spurious": 3652, "Possible": 11526, "Actual": 11784, "Precision": 0.5982477083149115, "Recall": 0.6015120700327173, "F1": 0.5995460842396911}}, "Objects": {"Ent_type": {"Correct": 6777, "Incorrect": 19, "Partial": 0, "Missed": 4575, "Spurious": 4601, "Possible": 11371, "Actual": 11397, "Precision": 0.5760449957682251, "Recall": 0.5920947917587762, "F1": 0.5804877278526585}, "Partial": {"Correct": 6126, "Incorrect": 0, "Partial": 670, "Missed": 4575, "Spurious": 4601, "Possible": 11371, "Actual": 11397, "Precision": 0.5566138852746864, "Recall": 0.5659430542046158, "F1": 0.5593039046018974}, "Strict": {"Correct": 6107, "Incorrect": 689, "Partial": 0, "Missed": 4575, "Spurious": 4601, "Possible": 11371, "Actual": 11397, "Precision": 0.5351489963745689, "Recall": 0.5364311610221947, "F1": 0.5356441772039968}, "Exact": {"Correct": 6126, "Incorrect": 670, "Partial": 0, "Missed": 4575, "Spurious": 4601, "Possible": 11371, "Actual": 11397, "Precision": 0.5361658855778584, "Recall": 0.5381112388363251, "F1": 0.5368821292775665}}}, "Exact_match": {"Precision": 0.17041757878827812, "Recall": 0.12608118994510778, "F1": 0.136798866053951}}