{"Total_scores": {"Ent_type": {"Correct": 21313, "Incorrect": 716, "Partial": 0, "Missed": 6775, "Spurious": 6344, "Possible": 28804, "Actual": 28373, "Precision": 0.7021140988621519, "Recall": 0.7377271451624219, "F1": 0.7158020894655287}, "Partial": {"Correct": 19033, "Incorrect": 0, "Partial": 2996, "Missed": 6775, "Spurious": 6344, "Possible": 28804, "Actual": 28373, "Precision": 0.6829410979931922, "Recall": 0.7121684908440329, "F1": 0.6942256362641545}, "Strict": {"Correct": 18506, "Incorrect": 3523, "Partial": 0, "Missed": 6775, "Spurious": 6344, "Possible": 28804, "Actual": 28373, "Precision": 0.6240829681789479, "Recall": 0.6430663719918613, "F1": 0.6315143707061198}, "Exact": {"Correct": 19033, "Incorrect": 2996, "Partial": 0, "Missed": 6775, "Spurious": 6344, "Possible": 28804, "Actual": 28373, "Precision": 0.641390853235728, "Recall": 0.6615361678243177, "F1": 0.6492509951518581}}, "Scores_per_tag": {"Subjects": {"Ent_type": {"Correct": 7794, "Incorrect": 195, "Partial": 0, "Missed": 1577, "Spurious": 1649, "Possible": 9566, "Actual": 9638, "Precision": 0.7696476180453238, "Recall": 0.813512944643233, "F1": 0.7815185107228887}, "Partial": {"Correct": 6763, "Incorrect": 0, "Partial": 1226, "Missed": 1577, "Spurious": 1649, "Possible": 9566, "Actual": 9638, "Precision": 0.7474404511330948, "Recall": 0.7712060618817091, "F1": 0.7540082204915924}, "Strict": {"Correct": 6730, "Incorrect": 1259, "Partial": 0, "Missed": 1577, "Spurious": 1649, "Possible": 9566, "Actual": 9638, "Precision": 0.7036062583315793, "Recall": 0.7049042306882761, "F1": 0.704081596856802}, "Exact": {"Correct": 6763, "Incorrect": 1226, "Partial": 0, "Missed": 1577, "Spurious": 1649, "Possible": 9566, "Actual": 9638, "Precision": 0.706921349891251, "Recall": 0.7083771837507893, "F1": 0.7074493089174209}}, "Predicates": {"Ent_type": {"Correct": 6291, "Incorrect": 4, "Partial": 0, "Missed": 3272, "Spurious": 2617, "Possible": 9567, "Actual": 8912, "Precision": 0.6424559741808742, "Recall": 0.6552304777941486, "F1": 0.6466954325405178}, "Partial": {"Correct": 5592, "Incorrect": 0, "Partial": 703, "Missed": 3272, "Spurious": 2617, "Possible": 9567, "Actual": 8912, "Precision": 0.6131840665123132, "Recall": 0.6203693959166491, "F1": 0.6156019785308356}, "Strict": {"Correct": 5589, "Incorrect": 706, "Partial": 0, "Missed": 3272, "Spurious": 2617, "Possible": 9567, "Actual": 8912, "Precision": 0.583543815337122, "Recall": 0.5847716270258893, "F1": 0.5840173998456465}, "Exact": {"Correct": 5592, "Incorrect": 703, "Partial": 0, "Missed": 3272, "Spurious": 2617, "Possible": 9567, "Actual": 8912, "Precision": 0.5837016768399635, "Recall": 0.5850873500315723, "F1": 0.5842278818494352}}, "Objects": {"Ent_type": {"Correct": 7228, "Incorrect": 517, "Partial": 0, "Missed": 1926, "Spurious": 2078, "Possible": 9671, "Actual": 9823, "Precision": 0.7230931332752002, "Recall": 0.7431067143759209, "F1": 0.7292903248438926}, "Partial": {"Correct": 6678, "Incorrect": 0, "Partial": 1067, "Missed": 1926, "Spurious": 2078, "Possible": 9671, "Actual": 9823, "Precision": 0.7101486153291037, "Recall": 0.7456061881709114, "F1": 0.7213288430505859}, "Strict": {"Correct": 6187, "Incorrect": 1558, "Partial": 0, "Missed": 1926, "Spurious": 2078, "Possible": 9671, "Actual": 9823, "Precision": 0.6392075352557356, "Recall": 0.6423384550620922, "F1": 0.6404178067775205}, "Exact": {"Correct": 6678, "Incorrect": 1067, "Partial": 0, "Missed": 1926, "Spurious": 2078, "Possible": 9671, "Actual": 9823, "Precision": 0.6670262400898056, "Recall": 0.6939065459903179, "F1": 0.6756700343787273}}}, "Exact_match": {"Precision": 0.2100130963104325, "Recall": 0.14794354699720122, "F1": 0.16251708085664632}}