{"Total_scores": {"Ent_type": {"Correct": 193589, "Incorrect": 3397, "Partial": 0, "Missed": 133746, "Spurious": 142405, "Possible": 330732, "Actual": 339391, "Precision": 0.5671936344134753, "Recall": 0.5791046716905162, "F1": 0.5713705107367919}, "Partial": {"Correct": 181752, "Incorrect": 0, "Partial": 15234, "Missed": 133746, "Spurious": 142405, "Possible": 330732, "Actual": 339391, "Precision": 0.5601302983300652, "Recall": 0.571302942409306, "F1": 0.5636682301591818}, "Strict": {"Correct": 178876, "Incorrect": 18110, "Partial": 0, "Missed": 133746, "Spurious": 142405, "Possible": 330732, "Actual": 339391, "Precision": 0.5324933937093979, "Recall": 0.5381173108636921, "F1": 0.5342326136840091}, "Exact": {"Correct": 181752, "Incorrect": 15234, "Partial": 0, "Missed": 133746, "Spurious": 142405, "Possible": 330732, "Actual": 339391, "Precision": 0.5420995936659516, "Recall": 0.5496213755312216, "F1": 0.5442581525327372}}, "Scores_per_tag": {"Subjects": {"Ent_type": {"Correct": 77437, "Incorrect": 293, "Partial": 0, "Missed": 30676, "Spurious": 32131, "Possible": 108406, "Actual": 109861, "Precision": 0.691608457935204, "Recall": 0.6978714420773403, "F1": 0.6939227330720442}, "Partial": {"Correct": 75592, "Incorrect": 0, "Partial": 2138, "Missed": 30676, "Spurious": 32131, "Possible": 108406, "Actual": 109861, "Precision": 0.6891485462350194, "Recall": 0.6939750520895481, "F1": 0.6909423848293207}, "Strict": {"Correct": 75350, "Incorrect": 2380, "Partial": 0, "Missed": 30676, "Spurious": 32131, "Possible": 108406, "Actual": 109861, "Precision": 0.6830171245345596, "Recall": 0.6851680174763876, "F1": 0.6838774817112908}, "Exact": {"Correct": 75592, "Incorrect": 2138, "Partial": 0, "Missed": 30676, "Spurious": 32131, "Possible": 108406, "Actual": 109861, "Precision": 0.6847335554596884, "Recall": 0.6873892810265542, "F1": 0.6857621901780988}}, "Predicates": {"Ent_type": {"Correct": 67587, "Incorrect": 666, "Partial": 0, "Missed": 44910, "Spurious": 50969, "Possible": 113163, "Actual": 119222, "Precision": 0.5598160879449029, "Recall": 0.5816681505686251, "F1": 0.5675295152251838}, "Partial": {"Correct": 58010, "Incorrect": 0, "Partial": 10243, "Missed": 44910, "Spurious": 50969, "Possible": 113163, "Actual": 119222, "Precision": 0.5340798737000559, "Recall": 0.5504465474037835, "F1": 0.5399533281145441}, "Strict": {"Correct": 57732, "Incorrect": 10521, "Partial": 0, "Missed": 44910, "Spurious": 50969, "Possible": 113163, "Actual": 119222, "Precision": 0.50395620500488, "Recall": 0.510560180638292, "F1": 0.5065639168368018}, "Exact": {"Correct": 58010, "Incorrect": 10243, "Partial": 0, "Missed": 44910, "Spurious": 50969, "Possible": 113163, "Actual": 119222, "Precision": 0.505236644117476, "Recall": 0.5131118800884834, "F1": 0.508268109395263}}, "Objects": {"Ent_type": {"Correct": 48565, "Incorrect": 2438, "Partial": 0, "Missed": 58160, "Spurious": 59305, "Possible": 109163, "Actual": 110308, "Precision": 0.43560380233602075, "Recall": 0.44131550203309866, "F1": 0.43731831250900155}, "Partial": {"Correct": 48150, "Incorrect": 0, "Partial": 2853, "Missed": 58160, "Spurious": 59305, "Possible": 109163, "Actual": 110308, "Precision": 0.44052644112363515, "Recall": 0.45171275941512845, "F1": 0.44416948689852026}, "Strict": {"Correct": 45794, "Incorrect": 5209, "Partial": 0, "Missed": 58160, "Spurious": 59305, "Possible": 109163, "Actual": 110308, "Precision": 0.41721516800913205, "Recall": 0.418106969443858, "F1": 0.4175303709021939}, "Exact": {"Correct": 48150, "Incorrect": 2853, "Partial": 0, "Missed": 58160, "Spurious": 59305, "Possible": 109163, "Actual": 110308, "Precision": 0.43100168806016603, "Recall": 0.43973216334547993, "F1": 0.4339297822367572}}}, "Exact_match": {"Precision": 0.059842715589679546, "Recall": 0.05422229851316476, "F1": 0.052409828864304245}}