{"Total_scores": {"Ent_type": {"Correct": 23788, "Incorrect": 449, "Partial": 0, "Missed": 10872, "Spurious": 11087, "Possible": 35109, "Actual": 35324, "Precision": 0.6449321110438467, "Recall": 0.6694341145608118, "F1": 0.6542912035258313}, "Partial": {"Correct": 21560, "Incorrect": 0, "Partial": 2677, "Missed": 10872, "Spurious": 11087, "Possible": 35109, "Actual": 35324, "Precision": 0.6265485559440416, "Recall": 0.6523357548502408, "F1": 0.6362665446251021}, "Strict": {"Correct": 21122, "Incorrect": 3115, "Partial": 0, "Missed": 10872, "Spurious": 11087, "Possible": 35109, "Actual": 35324, "Precision": 0.5847944799298254, "Recall": 0.5980209864798639, "F1": 0.5902120038762778}, "Exact": {"Correct": 21560, "Incorrect": 2677, "Partial": 0, "Missed": 10872, "Spurious": 11087, "Possible": 35109, "Actual": 35324, "Precision": 0.5963067748936468, "Recall": 0.616427397734152, "F1": 0.6040422423627474}}, "Scores_per_tag": {"Subjects": {"Ent_type": {"Correct": 8529, "Incorrect": 56, "Partial": 0, "Missed": 2853, "Spurious": 2522, "Possible": 11438, "Actual": 11107, "Precision": 0.70951886765257, "Recall": 0.7175473493038139, "F1": 0.7126408948081524}, "Partial": {"Correct": 8294, "Incorrect": 0, "Partial": 291, "Missed": 2853, "Spurious": 2522, "Possible": 11438, "Actual": 11107, "Precision": 0.707753178240941, "Recall": 0.7148231427830148, "F1": 0.7104442330421747}, "Strict": {"Correct": 8240, "Incorrect": 345, "Partial": 0, "Missed": 2853, "Spurious": 2522, "Possible": 11438, "Actual": 11107, "Precision": 0.6992418345873331, "Recall": 0.7025858341260919, "F1": 0.7005794344028367}, "Exact": {"Correct": 8294, "Incorrect": 291, "Partial": 0, "Missed": 2853, "Spurious": 2522, "Possible": 11438, "Actual": 11107, "Precision": 0.7025714203349765, "Recall": 0.7072559024474617, "F1": 0.7043558476750555}}, "Predicates": {"Ent_type": {"Correct": 7698, "Incorrect": 30, "Partial": 0, "Missed": 4143, "Spurious": 4347, "Possible": 11871, "Actual": 12075, "Precision": 0.6100420882700568, "Recall": 0.6391939808008302, "F1": 0.6196229352244227}, "Partial": {"Correct": 6328, "Incorrect": 0, "Partial": 1400, "Missed": 4143, "Spurious": 4347, "Possible": 11871, "Actual": 12075, "Precision": 0.5699789558649716, "Recall": 0.5878232292657615, "F1": 0.5760024791720718}, "Strict": {"Correct": 6306, "Incorrect": 1422, "Partial": 0, "Missed": 4143, "Spurious": 4347, "Possible": 11871, "Actual": 12075, "Precision": 0.5275807892992015, "Recall": 0.5320850990227449, "F1": 0.529366658018392}, "Exact": {"Correct": 6328, "Incorrect": 1400, "Partial": 0, "Missed": 4143, "Spurious": 4347, "Possible": 11871, "Actual": 12075, "Precision": 0.5285176857216985, "Recall": 0.5339444780766237, "F1": 0.5306120095707573}}, "Objects": {"Ent_type": {"Correct": 7561, "Incorrect": 363, "Partial": 0, "Missed": 3876, "Spurious": 4218, "Possible": 11800, "Actual": 12142, "Precision": 0.612883767188446, "Recall": 0.6289890166911701, "F1": 0.6179945262536286}, "Partial": {"Correct": 6938, "Incorrect": 0, "Partial": 986, "Missed": 3876, "Spurious": 4218, "Possible": 11800, "Actual": 12142, "Precision": 0.5977265847963331, "Recall": 0.6239730173830321, "F1": 0.6063768359020456}, "Strict": {"Correct": 6576, "Incorrect": 1348, "Partial": 0, "Missed": 3876, "Spurious": 4218, "Possible": 11800, "Actual": 12142, "Precision": 0.5504843033814754, "Recall": 0.5562570267231687, "F1": 0.5524690824180576}, "Exact": {"Correct": 6938, "Incorrect": 986, "Partial": 0, "Missed": 3876, "Spurious": 4218, "Possible": 11800, "Actual": 12142, "Precision": 0.5664836115195019, "Recall": 0.5875637810256854, "F1": 0.5735708726109141}}}, "Exact_match": {"Precision": 0.16732949622028023, "Recall": 0.11003253131681001, "F1": 0.12292919353984298}}