{"Total_scores": {"Ent_type": {"Correct": 8, "Incorrect": 0, "Partial": 0, "Missed": 20827, "Spurious": 5, "Possible": 20835, "Actual": 13, "Precision": 0.0002663786897048236, "Recall": 0.0003839692824574034, "F1": 0.0003136891905790394}, "Partial": {"Correct": 5, "Incorrect": 0, "Partial": 3, "Missed": 20827, "Spurious": 5, "Possible": 20835, "Actual": 13, "Precision": 0.00021598272138228941, "Recall": 0.0003119750419966403, "F1": 0.0002545510644862697}, "Strict": {"Correct": 5, "Incorrect": 3, "Partial": 0, "Missed": 20827, "Spurious": 5, "Possible": 20835, "Actual": 13, "Precision": 0.00016558675305975522, "Recall": 0.00023998080153587713, "F1": 0.00019541293839349995}, "Exact": {"Correct": 5, "Incorrect": 3, "Partial": 0, "Missed": 20827, "Spurious": 5, "Possible": 20835, "Actual": 13, "Precision": 0.00016558675305975522, "Recall": 0.00023998080153587713, "F1": 0.00019541293839349995}}, "Scores_per_tag": {"Subjects": {"Ent_type": {"Correct": 2, "Incorrect": 0, "Partial": 0, "Missed": 6943, "Spurious": 1, "Possible": 6945, "Actual": 3, "Precision": 0.00028797696184305253, "Recall": 0.00028797696184305253, "F1": 0.00028797696184305253}, "Partial": {"Correct": 2, "Incorrect": 0, "Partial": 0, "Missed": 6943, "Spurious": 1, "Possible": 6945, "Actual": 3, "Precision": 0.00028797696184305253, "Recall": 0.00028797696184305253, "F1": 0.00028797696184305253}, "Strict": {"Correct": 2, "Incorrect": 0, "Partial": 0, "Missed": 6943, "Spurious": 1, "Possible": 6945, "Actual": 3, "Precision": 0.00028797696184305253, "Recall": 0.00028797696184305253, "F1": 0.00028797696184305253}, "Exact": {"Correct": 2, "Incorrect": 0, "Partial": 0, "Missed": 6943, "Spurious": 1, "Possible": 6945, "Actual": 3, "Precision": 0.00028797696184305253, "Recall": 0.00028797696184305253, "F1": 0.00028797696184305253}}, "Predicates": {"Ent_type": {"Correct": 3, "Incorrect": 0, "Partial": 0, "Missed": 6942, "Spurious": 0, "Possible": 6945, "Actual": 3, "Precision": 0.00043196544276457883, "Recall": 0.00043196544276457883, "F1": 0.00043196544276457883}, "Partial": {"Correct": 3, "Incorrect": 0, "Partial": 0, "Missed": 6942, "Spurious": 0, "Possible": 6945, "Actual": 3, "Precision": 0.00043196544276457883, "Recall": 0.00043196544276457883, "F1": 0.00043196544276457883}, "Strict": {"Correct": 3, "Incorrect": 0, "Partial": 0, "Missed": 6942, "Spurious": 0, "Possible": 6945, "Actual": 3, "Precision": 0.00043196544276457883, "Recall": 0.00043196544276457883, "F1": 0.00043196544276457883}, "Exact": {"Correct": 3, "Incorrect": 0, "Partial": 0, "Missed": 6942, "Spurious": 0, "Possible": 6945, "Actual": 3, "Precision": 0.00043196544276457883, "Recall": 0.00043196544276457883, "F1": 0.00043196544276457883}}, "Objects": {"Ent_type": {"Correct": 3, "Incorrect": 0, "Partial": 0, "Missed": 6942, "Spurious": 4, "Possible": 6945, "Actual": 7, "Precision": 0.0001919846412287017, "Recall": 0.00043196544276457883, "F1": 0.0002639788816894648}, "Partial": {"Correct": 0, "Incorrect": 0, "Partial": 3, "Missed": 6942, "Spurious": 4, "Possible": 6945, "Actual": 7, "Precision": 9.599232061435085e-05, "Recall": 0.00021598272138228941, "F1": 0.0001319894408447324}, "Strict": {"Correct": 0, "Incorrect": 3, "Partial": 0, "Missed": 6942, "Spurious": 4, "Possible": 6945, "Actual": 7, "Precision": 0.0, "Recall": 0.0, "F1": 0}, "Exact": {"Correct": 0, "Incorrect": 3, "Partial": 0, "Missed": 6942, "Spurious": 4, "Possible": 6945, "Actual": 7, "Precision": 0.0, "Recall": 0.0, "F1": 0}}}, "Exact_match": {"Precision": 0.0, "Recall": 0.0, "F1": 0.0}}