{"Total_scores": {"Ent_type": {"Correct": 18008, "Incorrect": 72, "Partial": 0, "Missed": 7633, "Spurious": 7602, "Possible": 25713, "Actual": 25682, "Precision": 0.6810853454256273, "Recall": 0.6979707055154171, "F1": 0.6874842484163816}, "Partial": {"Correct": 16688, "Incorrect": 0, "Partial": 1392, "Missed": 7633, "Spurious": 7602, "Possible": 25713, "Actual": 25682, "Precision": 0.6623676465335235, "Recall": 0.6765042046665877, "F1": 0.6677642570097858}, "Strict": {"Correct": 16625, "Incorrect": 1455, "Partial": 0, "Missed": 7633, "Spurious": 7602, "Possible": 25713, "Actual": 25682, "Precision": 0.6380516216119675, "Recall": 0.6478522642030874, "F1": 0.6419264898182344}, "Exact": {"Correct": 16688, "Incorrect": 1392, "Partial": 0, "Missed": 7633, "Spurious": 7602, "Possible": 25713, "Actual": 25682, "Precision": 0.6406435123301166, "Recall": 0.6512475818232066, "F1": 0.6447860015016239}}, "Scores_per_tag": {"Subjects": {"Ent_type": {"Correct": 6624, "Incorrect": 31, "Partial": 0, "Missed": 1975, "Spurious": 2018, "Possible": 8630, "Actual": 8673, "Precision": 0.7452031268506455, "Recall": 0.7594456946582968, "F1": 0.7501677918591338}, "Partial": {"Correct": 6335, "Incorrect": 0, "Partial": 320, "Missed": 1975, "Spurious": 2018, "Possible": 8630, "Actual": 8673, "Precision": 0.7399275533972917, "Recall": 0.7504441549212365, "F1": 0.7436811559872083}, "Strict": {"Correct": 6305, "Incorrect": 350, "Partial": 0, "Missed": 1975, "Spurious": 2018, "Possible": 8630, "Actual": 8673, "Precision": 0.7300327687630779, "Recall": 0.734217695132062, "F1": 0.7317067393106715}, "Exact": {"Correct": 6335, "Incorrect": 320, "Partial": 0, "Missed": 1975, "Spurious": 2018, "Possible": 8630, "Actual": 8673, "Precision": 0.732283153697343, "Recall": 0.7377709345019543, "F1": 0.7343914090568123}}, "Predicates": {"Ent_type": {"Correct": 5872, "Incorrect": 10, "Partial": 0, "Missed": 2700, "Spurious": 2713, "Possible": 8582, "Actual": 8595, "Precision": 0.6619566504796873, "Recall": 0.6790240435864029, "F1": 0.6675510284653954}, "Partial": {"Correct": 5242, "Incorrect": 0, "Partial": 640, "Missed": 2700, "Spurious": 2713, "Possible": 8582, "Actual": 8595, "Precision": 0.6362065221682657, "Recall": 0.6464230723676418, "F1": 0.6396541513679972}, "Strict": {"Correct": 5240, "Incorrect": 642, "Partial": 0, "Missed": 2700, "Spurious": 2713, "Possible": 8582, "Actual": 8595, "Precision": 0.6096273046705357, "Recall": 0.6124008054009239, "F1": 0.6107307828970745}, "Exact": {"Correct": 5242, "Incorrect": 640, "Partial": 0, "Missed": 2700, "Spurious": 2713, "Possible": 8582, "Actual": 8595, "Precision": 0.6097457459828655, "Recall": 0.6126376880255833, "F1": 0.6108887046468475}}, "Objects": {"Ent_type": {"Correct": 5512, "Incorrect": 31, "Partial": 0, "Missed": 2958, "Spurious": 2871, "Possible": 8501, "Actual": 8414, "Precision": 0.6336246425610396, "Recall": 0.6432547672628213, "F1": 0.6365591670755711}, "Partial": {"Correct": 5111, "Incorrect": 0, "Partial": 432, "Missed": 2958, "Spurious": 2871, "Possible": 8501, "Actual": 8414, "Precision": 0.6164491012560419, "Recall": 0.6237415610564965, "F1": 0.6187612448745932}, "Strict": {"Correct": 5080, "Incorrect": 463, "Partial": 0, "Missed": 2958, "Spurious": 2871, "Possible": 8501, "Actual": 8414, "Precision": 0.5947727900825142, "Recall": 0.5968849934857279, "F1": 0.5955150223064472}, "Exact": {"Correct": 5111, "Incorrect": 432, "Partial": 0, "Missed": 2958, "Spurious": 2871, "Possible": 8501, "Actual": 8414, "Precision": 0.5970231750167792, "Recall": 0.6005566741679498, "F1": 0.5982391724900312}}}, "Exact_match": {"Precision": 0.16815469691104454, "Recall": 0.12756288454697787, "F1": 0.1366197926936834}}