{"Total_scores": {"Ent_type": {"Correct": 20137, "Incorrect": 109, "Partial": 0, "Missed": 13507, "Spurious": 14134, "Possible": 33753, "Actual": 34380, "Precision": 0.5727267424527202, "Recall": 0.5901778423010616, "F1": 0.58017114905782}, "Partial": {"Correct": 18116, "Incorrect": 0, "Partial": 2130, "Missed": 13507, "Spurious": 14134, "Possible": 33753, "Actual": 34380, "Precision": 0.550334534503394, "Recall": 0.5656496688140822, "F1": 0.5567947580854758}, "Strict": {"Correct": 18017, "Incorrect": 2229, "Partial": 0, "Missed": 13507, "Spurious": 14134, "Possible": 33753, "Actual": 34380, "Precision": 0.5213670006610756, "Recall": 0.5323654840758552, "F1": 0.5260766831994488}, "Exact": {"Correct": 18116, "Incorrect": 2130, "Partial": 0, "Missed": 13507, "Spurious": 14134, "Possible": 33753, "Actual": 34380, "Precision": 0.5244429465824983, "Recall": 0.5365393339987297, "F1": 0.529543369453541}}, "Scores_per_tag": {"Subjects": {"Ent_type": {"Correct": 6740, "Incorrect": 30, "Partial": 0, "Missed": 4702, "Spurious": 5165, "Possible": 11472, "Actual": 11935, "Precision": 0.5463357832017663, "Recall": 0.5665547590962707, "F1": 0.5540755527326618}, "Partial": {"Correct": 6113, "Incorrect": 0, "Partial": 657, "Missed": 4702, "Spurious": 5165, "Possible": 11472, "Actual": 11935, "Precision": 0.536203611287542, "Recall": 0.5507213501497141, "F1": 0.5417929407494783}, "Strict": {"Correct": 6087, "Incorrect": 683, "Partial": 0, "Missed": 4702, "Spurious": 5165, "Possible": 11472, "Actual": 11935, "Precision": 0.5223059008559416, "Recall": 0.5298067326013973, "F1": 0.525306233554124}, "Exact": {"Correct": 6113, "Incorrect": 657, "Partial": 0, "Missed": 4702, "Spurious": 5165, "Possible": 11472, "Actual": 11935, "Precision": 0.5240298823458246, "Recall": 0.5321658651665003, "F1": 0.5272419320690802}}, "Predicates": {"Ent_type": {"Correct": 7258, "Incorrect": 34, "Partial": 0, "Missed": 3904, "Spurious": 4114, "Possible": 11196, "Actual": 11406, "Precision": 0.6294558872455615, "Recall": 0.6426821522547863, "F1": 0.6339274372302228}, "Partial": {"Correct": 6197, "Incorrect": 0, "Partial": 1095, "Missed": 3904, "Spurious": 4114, "Possible": 11196, "Actual": 11406, "Precision": 0.5906942806157941, "Recall": 0.6000589783141276, "F1": 0.5939314987404998}, "Strict": {"Correct": 6169, "Incorrect": 1123, "Partial": 0, "Missed": 3904, "Spurious": 4114, "Possible": 11196, "Actual": 11406, "Precision": 0.5491198620814808, "Recall": 0.5518101805643771, "F1": 0.5501851443780489}, "Exact": {"Correct": 6197, "Incorrect": 1095, "Partial": 0, "Missed": 3904, "Spurious": 4114, "Possible": 11196, "Actual": 11406, "Precision": 0.5503901642319209, "Recall": 0.5543507848652572, "F1": 0.5518788805786355}}, "Objects": {"Ent_type": {"Correct": 6139, "Incorrect": 45, "Partial": 0, "Missed": 4901, "Spurious": 4855, "Possible": 11085, "Actual": 11039, "Precision": 0.5426519069654901, "Recall": 0.5475002268396697, "F1": 0.5444216884648787}, "Partial": {"Correct": 5806, "Incorrect": 0, "Partial": 378, "Missed": 4901, "Spurious": 4855, "Possible": 11085, "Actual": 11039, "Precision": 0.5316335480748874, "Recall": 0.5368160783957898, "F1": 0.5334826154397881}, "Strict": {"Correct": 5761, "Incorrect": 423, "Partial": 0, "Missed": 4901, "Spurious": 4855, "Possible": 11085, "Actual": 11039, "Precision": 0.5162598675256329, "Recall": 0.5179657018419381, "F1": 0.5169179186056058}, "Exact": {"Correct": 5806, "Incorrect": 378, "Partial": 0, "Missed": 4901, "Spurious": 4855, "Possible": 11085, "Actual": 11039, "Precision": 0.5184375283549587, "Recall": 0.5220488158969241, "F1": 0.5197307305101516}}}, "Exact_match": {"Precision": 0.167347356537767, "Recall": 0.13608941297335753, "F1": 0.14216018961128946}}