{"Total_scores": {"Ent_type": {"Correct": 16909, "Incorrect": 113, "Partial": 0, "Missed": 7787, "Spurious": 5955, "Possible": 24809, "Actual": 22977, "Precision": 0.6634886330034266, "Recall": 0.6795547708916758, "F1": 0.6700857606616769}, "Partial": {"Correct": 15598, "Incorrect": 0, "Partial": 1424, "Missed": 7787, "Spurious": 5955, "Possible": 24809, "Actual": 22977, "Precision": 0.6442527960898228, "Recall": 0.6572598319737002, "F1": 0.6494206890286277}, "Strict": {"Correct": 15509, "Incorrect": 1513, "Partial": 0, "Missed": 7787, "Spurious": 5955, "Possible": 24809, "Actual": 22977, "Precision": 0.6152357180544201, "Recall": 0.6249604285888226, "F1": 0.6192199219533933}, "Exact": {"Correct": 15598, "Incorrect": 1424, "Partial": 0, "Missed": 7787, "Spurious": 5955, "Possible": 24809, "Actual": 22977, "Precision": 0.6194444927611858, "Recall": 0.6294654815536345, "F1": 0.6234205794476098}}, "Scores_per_tag": {"Subjects": {"Ent_type": {"Correct": 6155, "Incorrect": 66, "Partial": 0, "Missed": 2100, "Spurious": 1536, "Possible": 8321, "Actual": 7757, "Precision": 0.7190835667031942, "Recall": 0.7323755022525265, "F1": 0.7237915499817362}, "Partial": {"Correct": 5923, "Incorrect": 0, "Partial": 298, "Missed": 2100, "Spurious": 1536, "Possible": 8321, "Actual": 7757, "Precision": 0.7175818823815902, "Recall": 0.7265311092170949, "F1": 0.7207983278542148}, "Strict": {"Correct": 5878, "Incorrect": 343, "Partial": 0, "Missed": 2100, "Spurious": 1536, "Possible": 8321, "Actual": 7757, "Precision": 0.7043305328950038, "Recall": 0.7071715572872276, "F1": 0.7054669426518934}, "Exact": {"Correct": 5923, "Incorrect": 298, "Partial": 0, "Missed": 2100, "Spurious": 1536, "Possible": 8321, "Actual": 7757, "Precision": 0.7089573440480539, "Recall": 0.7126506757579447, "F1": 0.7103778562441657}}, "Predicates": {"Ent_type": {"Correct": 5494, "Incorrect": 3, "Partial": 0, "Missed": 2779, "Spurious": 2183, "Possible": 8276, "Actual": 7680, "Precision": 0.6463005803806973, "Recall": 0.6613904785096798, "F1": 0.6511593118922961}, "Partial": {"Correct": 4751, "Incorrect": 0, "Partial": 746, "Missed": 2779, "Spurious": 2183, "Possible": 8276, "Actual": 7680, "Precision": 0.6098471934737612, "Recall": 0.6181358821380738, "F1": 0.612560806619007}, "Strict": {"Correct": 4750, "Incorrect": 747, "Partial": 0, "Missed": 2779, "Spurious": 2183, "Possible": 8276, "Actual": 7680, "Precision": 0.5732111692844677, "Recall": 0.5745768902958724, "F1": 0.57373501939434}, "Exact": {"Correct": 4751, "Incorrect": 746, "Partial": 0, "Missed": 2779, "Spurious": 2183, "Possible": 8276, "Actual": 7680, "Precision": 0.5732517553472137, "Recall": 0.5746377693899914, "F1": 0.5737837226696353}}, "Objects": {"Ent_type": {"Correct": 5260, "Incorrect": 44, "Partial": 0, "Missed": 2908, "Spurious": 2236, "Possible": 8212, "Actual": 7540, "Precision": 0.6326464142213564, "Recall": 0.6387434554973822, "F1": 0.6344297543980972}, "Partial": {"Correct": 4924, "Incorrect": 0, "Partial": 380, "Missed": 2908, "Spurious": 2236, "Possible": 8212, "Actual": 7540, "Precision": 0.6160715735216526, "Recall": 0.6213929136734445, "F1": 0.6177262615896489}, "Strict": {"Correct": 4881, "Incorrect": 423, "Partial": 0, "Missed": 2908, "Spurious": 2236, "Possible": 8212, "Actual": 7540, "Precision": 0.5931044279394456, "Recall": 0.593449409472787, "F1": 0.5932302447339584}, "Exact": {"Correct": 4924, "Incorrect": 380, "Partial": 0, "Missed": 2908, "Spurious": 2236, "Possible": 8212, "Actual": 7540, "Precision": 0.5962701408336377, "Recall": 0.5986850115670279, "F1": 0.5970859206948333}}}, "Exact_match": {"Precision": 0.13516864021770922, "Recall": 0.07734000210954088, "F1": 0.09069091517528977}}