{"Total_scores": {"Ent_type": {"Correct": 23516, "Incorrect": 232, "Partial": 0, "Missed": 11233, "Spurious": 11704, "Possible": 34981, "Actual": 35452, "Precision": 0.6494008071212354, "Recall": 0.6658238314909913, "F1": 0.6561820777070145}, "Partial": {"Correct": 21542, "Incorrect": 0, "Partial": 2206, "Missed": 11233, "Spurious": 11704, "Possible": 34981, "Actual": 35452, "Precision": 0.6302700512705735, "Recall": 0.6462746975367742, "F1": 0.6367645094144354}, "Strict": {"Correct": 21319, "Incorrect": 2429, "Partial": 0, "Missed": 11233, "Spurious": 11704, "Possible": 34981, "Actual": 35452, "Precision": 0.5976191166982359, "Recall": 0.6077653987872458, "F1": 0.6017813276364934}, "Exact": {"Correct": 21542, "Incorrect": 2206, "Partial": 0, "Missed": 11233, "Spurious": 11704, "Possible": 34981, "Actual": 35452, "Precision": 0.6042196331342471, "Recall": 0.6170859082600748, "F1": 0.6094103641061601}}, "Scores_per_tag": {"Subjects": {"Ent_type": {"Correct": 8801, "Incorrect": 40, "Partial": 0, "Missed": 2812, "Spurious": 2945, "Possible": 11653, "Actual": 11786, "Precision": 0.724403052194853, "Recall": 0.7360953955957873, "F1": 0.7289465285635536}, "Partial": {"Correct": 8431, "Incorrect": 0, "Partial": 410, "Missed": 2812, "Spurious": 2945, "Possible": 11653, "Actual": 11786, "Precision": 0.7201163431688281, "Recall": 0.7292192531987118, "F1": 0.7236400034815911}, "Strict": {"Correct": 8396, "Incorrect": 445, "Partial": 0, "Missed": 2812, "Spurious": 2945, "Possible": 11653, "Actual": 11786, "Precision": 0.7108248469550584, "Recall": 0.7158151275132736, "F1": 0.7128209591783445}, "Exact": {"Correct": 8431, "Incorrect": 410, "Partial": 0, "Missed": 2812, "Spurious": 2945, "Possible": 11653, "Actual": 11786, "Precision": 0.71313140105028, "Recall": 0.7188615197145095, "F1": 0.7153741259755708}}, "Predicates": {"Ent_type": {"Correct": 8398, "Incorrect": 7, "Partial": 0, "Missed": 3416, "Spurious": 3719, "Possible": 11821, "Actual": 12124, "Precision": 0.6816911828705718, "Recall": 0.7020628427191227, "F1": 0.6889413890719487}, "Partial": {"Correct": 7101, "Incorrect": 0, "Partial": 1304, "Missed": 3416, "Spurious": 3719, "Possible": 11821, "Actual": 12124, "Precision": 0.6402849102039632, "Recall": 0.6531464879449909, "F1": 0.6449548014871368}, "Strict": {"Correct": 7098, "Incorrect": 1307, "Partial": 0, "Missed": 3416, "Spurious": 3719, "Possible": 11821, "Actual": 12124, "Precision": 0.5984434386514638, "Recall": 0.6033597353990774, "F1": 0.600387948721137}, "Exact": {"Correct": 7101, "Incorrect": 1304, "Partial": 0, "Missed": 3416, "Spurious": 3719, "Possible": 11821, "Actual": 12124, "Precision": 0.598573998317231, "Recall": 0.6036208547306119, "F1": 0.6005620282754933}}, "Objects": {"Ent_type": {"Correct": 6317, "Incorrect": 185, "Partial": 0, "Missed": 5005, "Spurious": 5040, "Possible": 11507, "Actual": 11542, "Precision": 0.5418458235413584, "Recall": 0.546435721124554, "F1": 0.5431353938273601}, "Partial": {"Correct": 6010, "Incorrect": 0, "Partial": 492, "Missed": 5005, "Spurious": 5040, "Possible": 11507, "Actual": 11542, "Precision": 0.5314148315780312, "Recall": 0.5419749325441727, "F1": 0.5348195029890565}, "Strict": {"Correct": 5825, "Incorrect": 677, "Partial": 0, "Missed": 5005, "Spurious": 5040, "Possible": 11507, "Actual": 11542, "Precision": 0.5045333217280297, "Recall": 0.5053094264078684, "F1": 0.5048016943743291}, "Exact": {"Correct": 6010, "Incorrect": 492, "Partial": 0, "Missed": 5005, "Spurious": 5040, "Possible": 11507, "Actual": 11542, "Precision": 0.5127585806713668, "Recall": 0.52141178518583, "F1": 0.515652653262541}}}, "Exact_match": {"Precision": 0.17533622812771124, "Recall": 0.13131025271522415, "F1": 0.1416361239533238}}