{"Total_scores": {"Ent_type": {"Correct": 23554, "Incorrect": 320, "Partial": 0, "Missed": 11920, "Spurious": 12606, "Possible": 35794, "Actual": 36480, "Precision": 0.6307879996605279, "Recall": 0.65293360491103, "F1": 0.6392765748872004}, "Partial": {"Correct": 21845, "Incorrect": 0, "Partial": 2029, "Missed": 11920, "Spurious": 12606, "Possible": 35794, "Actual": 36480, "Precision": 0.6195498390875205, "Recall": 0.6374218506888455, "F1": 0.625771051583663}, "Strict": {"Correct": 21532, "Incorrect": 2342, "Partial": 0, "Missed": 11920, "Spurious": 12606, "Possible": 35794, "Actual": 36480, "Precision": 0.5891244313505197, "Recall": 0.599250332399785, "F1": 0.5931936612238742}, "Exact": {"Correct": 21845, "Incorrect": 2029, "Partial": 0, "Missed": 11920, "Spurious": 12606, "Possible": 35794, "Actual": 36480, "Precision": 0.5986084337268246, "Recall": 0.6104670570596056, "F1": 0.602621286980109}}, "Scores_per_tag": {"Subjects": {"Ent_type": {"Correct": 7904, "Incorrect": 159, "Partial": 0, "Missed": 3736, "Spurious": 3604, "Possible": 11799, "Actual": 11667, "Precision": 0.6503861495374692, "Recall": 0.6565390817279131, "F1": 0.6527539675804125}, "Partial": {"Correct": 7841, "Incorrect": 0, "Partial": 222, "Missed": 3736, "Spurious": 3604, "Possible": 11799, "Actual": 11667, "Precision": 0.6592548586947297, "Recall": 0.6641772044470848, "F1": 0.6611332710967779}, "Strict": {"Correct": 7685, "Incorrect": 378, "Partial": 0, "Missed": 3736, "Spurious": 3604, "Possible": 11799, "Actual": 11667, "Precision": 0.6427055928031911, "Recall": 0.6450818976491556, "F1": 0.6436561147415768}, "Exact": {"Correct": 7841, "Incorrect": 222, "Partial": 0, "Missed": 3736, "Spurious": 3604, "Possible": 11799, "Actual": 11667, "Precision": 0.6553084952898244, "Recall": 0.6583213103623865, "F1": 0.6564711873037427}}, "Predicates": {"Ent_type": {"Correct": 8347, "Incorrect": 4, "Partial": 0, "Missed": 3643, "Spurious": 4251, "Possible": 11994, "Actual": 12602, "Precision": 0.6548700104670571, "Recall": 0.6904862938131205, "F1": 0.6656482503041105}, "Partial": {"Correct": 7198, "Incorrect": 0, "Partial": 1153, "Missed": 3643, "Spurious": 4251, "Possible": 11994, "Actual": 12602, "Precision": 0.6269661093666016, "Recall": 0.6463761351099041, "F1": 0.6329882033438003}, "Strict": {"Correct": 7197, "Incorrect": 1154, "Partial": 0, "Missed": 3643, "Spurious": 4251, "Possible": 11994, "Actual": 12602, "Precision": 0.5988500381906136, "Recall": 0.6018416362556225, "F1": 0.6000452629494469}, "Exact": {"Correct": 7198, "Incorrect": 1153, "Partial": 0, "Missed": 3643, "Spurious": 4251, "Possible": 11994, "Actual": 12602, "Precision": 0.5988924722057201, "Recall": 0.6019265042858355, "F1": 0.6001018416362556}}, "Objects": {"Ent_type": {"Correct": 7303, "Incorrect": 157, "Partial": 0, "Missed": 4541, "Spurious": 4751, "Possible": 12001, "Actual": 12211, "Precision": 0.5873236462538848, "Recall": 0.5998472375456165, "F1": 0.5915419578111593}, "Partial": {"Correct": 6806, "Incorrect": 0, "Partial": 654, "Missed": 4541, "Spurious": 4751, "Possible": 12001, "Actual": 12211, "Precision": 0.5759003588705277, "Recall": 0.5904056691844183, "F1": 0.5808499667936993}, "Strict": {"Correct": 6650, "Incorrect": 810, "Partial": 0, "Missed": 4541, "Spurious": 4751, "Possible": 12001, "Actual": 12211, "Precision": 0.5508133186228747, "Recall": 0.5544004073665451, "F1": 0.5521942427144837}, "Exact": {"Correct": 6806, "Incorrect": 654, "Partial": 0, "Missed": 4541, "Spurious": 4751, "Possible": 12001, "Actual": 12211, "Precision": 0.5576027610399162, "Recall": 0.567639820079776, "F1": 0.561133675230255}}}, "Exact_match": {"Precision": 0.16612213958946162, "Recall": 0.12223168665049683, "F1": 0.13201584817996612}}