{"Total_scores": {"Ent_type": {"Correct": 27819, "Incorrect": 367, "Partial": 0, "Missed": 13475, "Spurious": 14286, "Possible": 41661, "Actual": 42472, "Precision": 0.6398175190041219, "Recall": 0.663126480112126, "F1": 0.6483600530251248}, "Partial": {"Correct": 25156, "Incorrect": 0, "Partial": 3030, "Missed": 13475, "Spurious": 14286, "Possible": 41661, "Actual": 42472, "Precision": 0.6181390977443609, "Recall": 0.6402904644531439, "F1": 0.6261495969031854}, "Strict": {"Correct": 24813, "Incorrect": 3373, "Partial": 0, "Missed": 13475, "Spurious": 14286, "Possible": 41661, "Actual": 42472, "Precision": 0.5812632476508075, "Recall": 0.592854381131893, "F1": 0.5858458128793057}, "Exact": {"Correct": 25156, "Incorrect": 3030, "Partial": 0, "Missed": 13475, "Spurious": 14286, "Possible": 41661, "Actual": 42472, "Precision": 0.5885055269026561, "Recall": 0.6047919385239959, "F1": 0.5945360416652282}}, "Scores_per_tag": {"Subjects": {"Ent_type": {"Correct": 9885, "Incorrect": 49, "Partial": 0, "Missed": 3737, "Spurious": 3488, "Possible": 13671, "Actual": 13422, "Precision": 0.6982504470542749, "Recall": 0.7039292445991011, "F1": 0.7004253056884636}, "Partial": {"Correct": 9682, "Incorrect": 0, "Partial": 252, "Missed": 3737, "Spurious": 3488, "Possible": 13671, "Actual": 13422, "Precision": 0.6968972016818907, "Recall": 0.7015187762795418, "F1": 0.6986491711372094}, "Strict": {"Correct": 9635, "Incorrect": 299, "Partial": 0, "Missed": 3737, "Spurious": 3488, "Possible": 13671, "Actual": 13422, "Precision": 0.6900343144362283, "Recall": 0.6921487603305785, "F1": 0.6908800927939684}, "Exact": {"Correct": 9682, "Incorrect": 252, "Partial": 0, "Missed": 3737, "Spurious": 3488, "Possible": 13671, "Actual": 13422, "Precision": 0.6927166400850612, "Recall": 0.6955560388574743, "F1": 0.6938040694021556}}, "Predicates": {"Ent_type": {"Correct": 9583, "Incorrect": 27, "Partial": 0, "Missed": 4423, "Spurious": 5028, "Possible": 14033, "Actual": 14638, "Precision": 0.6464646464646464, "Recall": 0.677395969261998, "F1": 0.6557730414189744}, "Partial": {"Correct": 7946, "Incorrect": 0, "Partial": 1664, "Missed": 4423, "Spurious": 5028, "Possible": 14033, "Actual": 14638, "Precision": 0.605891450389058, "Recall": 0.6233688560243584, "F1": 0.6112971823498139}, "Strict": {"Correct": 7941, "Incorrect": 1669, "Partial": 0, "Missed": 4423, "Spurious": 5028, "Possible": 14033, "Actual": 14638, "Precision": 0.5639045962012469, "Recall": 0.5670218935769175, "F1": 0.5651056014692378}, "Exact": {"Correct": 7946, "Incorrect": 1664, "Partial": 0, "Missed": 4423, "Spurious": 5028, "Possible": 14033, "Actual": 14638, "Precision": 0.5640858344207627, "Recall": 0.567384370015949, "F1": 0.5653472524285922}}, "Objects": {"Ent_type": {"Correct": 8351, "Incorrect": 291, "Partial": 0, "Missed": 5315, "Spurious": 5770, "Possible": 13957, "Actual": 14412, "Precision": 0.5730680005799623, "Recall": 0.5923589966652167, "F1": 0.5790728072372265}, "Partial": {"Correct": 7528, "Incorrect": 0, "Partial": 1114, "Missed": 5315, "Spurious": 5770, "Possible": 13957, "Actual": 14412, "Precision": 0.5550444637765212, "Recall": 0.5763375380600261, "F1": 0.5619712786850672}, "Strict": {"Correct": 7237, "Incorrect": 1405, "Partial": 0, "Missed": 5315, "Spurious": 5770, "Possible": 13957, "Actual": 14412, "Precision": 0.5154898264946112, "Recall": 0.5181238219515731, "F1": 0.5164515973128413}, "Exact": {"Correct": 7528, "Incorrect": 1114, "Partial": 0, "Missed": 5315, "Spurious": 5770, "Possible": 13957, "Actual": 14412, "Precision": 0.5262553767338456, "Recall": 0.5392199507032043, "F1": 0.5306606737228747}}}, "Exact_match": {"Precision": 0.14186965822299002, "Recall": 0.09399636533026715, "F1": 0.10468001105407732}}