{"Total_scores": {"Ent_type": {"Correct": 25175, "Incorrect": 555, "Partial": 0, "Missed": 5850, "Spurious": 8730, "Possible": 31580, "Actual": 34460, "Precision": 0.7264774261234822, "Recall": 0.7967286269222126, "F1": 0.7524223732328327}, "Partial": {"Correct": 21642, "Incorrect": 0, "Partial": 4088, "Missed": 5850, "Spurious": 8730, "Possible": 31580, "Actual": 34460, "Precision": 0.696295964487961, "Recall": 0.7504117307136666, "F1": 0.7162297121051816}, "Strict": {"Correct": 21308, "Incorrect": 4422, "Partial": 0, "Missed": 5850, "Spurious": 8730, "Possible": 31580, "Actual": 34460, "Precision": 0.6382050996613262, "Recall": 0.676710327779383, "F1": 0.6526497925009915}, "Exact": {"Correct": 21642, "Incorrect": 4088, "Partial": 0, "Missed": 5850, "Spurious": 8730, "Possible": 31580, "Actual": 34460, "Precision": 0.6483996484429885, "Recall": 0.6870156345308035, "F1": 0.6628340222171485}}, "Scores_per_tag": {"Subjects": {"Ent_type": {"Correct": 9270, "Incorrect": 202, "Partial": 0, "Missed": 1059, "Spurious": 3622, "Possible": 10531, "Actual": 13094, "Precision": 0.7795711167063377, "Recall": 0.8785514783781181, "F1": 0.8056560708973306}, "Partial": {"Correct": 7357, "Incorrect": 0, "Partial": 2115, "Missed": 1059, "Spurious": 3622, "Possible": 10531, "Actual": 13094, "Precision": 0.7468137592126324, "Recall": 0.7997206972936531, "F1": 0.7608772505117493}, "Strict": {"Correct": 7275, "Incorrect": 2197, "Partial": 0, "Missed": 1059, "Spurious": 3622, "Possible": 10531, "Actual": 13094, "Precision": 0.6896414927330847, "Recall": 0.6935375132428008, "F1": 0.6907043564801438}, "Exact": {"Correct": 7357, "Incorrect": 2115, "Partial": 0, "Missed": 1059, "Spurious": 3622, "Possible": 10531, "Actual": 13094, "Precision": 0.696238815279555, "Recall": 0.7014350380429548, "F1": 0.697735079777842}}, "Predicates": {"Ent_type": {"Correct": 7361, "Incorrect": 14, "Partial": 0, "Missed": 3074, "Spurious": 2959, "Possible": 10449, "Actual": 10334, "Precision": 0.6831872612282899, "Recall": 0.7025907733795628, "F1": 0.6888246813701885}, "Partial": {"Correct": 6427, "Incorrect": 0, "Partial": 948, "Missed": 3074, "Spurious": 2959, "Possible": 10449, "Actual": 10334, "Precision": 0.649159684099008, "Recall": 0.6598767215640952, "F1": 0.6523387588686635}, "Strict": {"Correct": 6425, "Incorrect": 950, "Partial": 0, "Missed": 3074, "Spurious": 2959, "Possible": 10449, "Actual": 10334, "Precision": 0.6143616167453209, "Recall": 0.615621689299817, "F1": 0.6148255160679316}, "Exact": {"Correct": 6427, "Incorrect": 948, "Partial": 0, "Missed": 3074, "Spurious": 2959, "Possible": 10449, "Actual": 10334, "Precision": 0.6144579280233715, "Recall": 0.6158143118559183, "F1": 0.6149539311053325}}, "Objects": {"Ent_type": {"Correct": 8544, "Incorrect": 339, "Partial": 0, "Missed": 1717, "Spurious": 2149, "Possible": 10600, "Actual": 11032, "Precision": 0.7791035483826585, "Recall": 0.8054512183376673, "F1": 0.7864752976859305}, "Partial": {"Correct": 7858, "Incorrect": 0, "Partial": 1025, "Missed": 1717, "Spurious": 2149, "Possible": 10600, "Actual": 11032, "Precision": 0.770109737528836, "Recall": 0.7902821920446884, "F1": 0.7761937630039335}, "Strict": {"Correct": 7608, "Incorrect": 1275, "Partial": 0, "Missed": 1717, "Spurious": 2149, "Possible": 10600, "Actual": 11032, "Precision": 0.7204725673376352, "Recall": 0.7240200327458345, "F1": 0.721763138463514}, "Exact": {"Correct": 7858, "Incorrect": 1025, "Partial": 0, "Missed": 1717, "Spurious": 2149, "Possible": 10600, "Actual": 11032, "Precision": 0.7376962342290282, "Recall": 0.7462197823365117, "F1": 0.7406465697133134}}}, "Exact_match": {"Precision": 0.18499592473702278, "Recall": 0.1260044815012528, "F1": 0.1398207802214855}}