{"Total_scores": {"Ent_type": {"Correct": 22578, "Incorrect": 232, "Partial": 0, "Missed": 9203, "Spurious": 8799, "Possible": 32013, "Actual": 31609, "Precision": 0.6823470796849009, "Recall": 0.7021466905187835, "F1": 0.6892517378111955}, "Partial": {"Correct": 20729, "Incorrect": 0, "Partial": 2081, "Missed": 9203, "Spurious": 8799, "Possible": 32013, "Actual": 31609, "Precision": 0.6609990427768886, "Recall": 0.6803031729592317, "F1": 0.6676366933028264}, "Strict": {"Correct": 20518, "Incorrect": 2292, "Partial": 0, "Missed": 9203, "Spurious": 8799, "Possible": 32013, "Actual": 31609, "Precision": 0.628278881461256, "Recall": 0.6386561215202586, "F1": 0.6322129768462506}, "Exact": {"Correct": 20729, "Incorrect": 2081, "Partial": 0, "Missed": 9203, "Spurious": 8799, "Possible": 32013, "Actual": 31609, "Precision": 0.6335687160656561, "Recall": 0.648165583906098, "F1": 0.6387256807885751}}, "Scores_per_tag": {"Subjects": {"Ent_type": {"Correct": 7777, "Incorrect": 33, "Partial": 0, "Missed": 2815, "Spurious": 2536, "Possible": 10625, "Actual": 10346, "Precision": 0.7047986693029533, "Recall": 0.7150927407965352, "F1": 0.7085899005115651}, "Partial": {"Correct": 7493, "Incorrect": 0, "Partial": 317, "Missed": 2815, "Spurious": 2536, "Possible": 10625, "Actual": 10346, "Precision": 0.7002793208423563, "Recall": 0.7075604933622069, "F1": 0.7029815146094216}, "Strict": {"Correct": 7462, "Incorrect": 348, "Partial": 0, "Missed": 2815, "Spurious": 2536, "Possible": 10625, "Actual": 10346, "Precision": 0.6911464708282333, "Recall": 0.6940024479804161, "F1": 0.6922888616891065}, "Exact": {"Correct": 7493, "Incorrect": 317, "Partial": 0, "Missed": 2815, "Spurious": 2536, "Possible": 10625, "Actual": 10346, "Precision": 0.6933590685120673, "Recall": 0.6969211938612183, "F1": 0.6947368421052632}}, "Predicates": {"Ent_type": {"Correct": 7576, "Incorrect": 20, "Partial": 0, "Missed": 3095, "Spurious": 3104, "Possible": 10691, "Actual": 10700, "Precision": 0.6833349025515488, "Recall": 0.706713115525845, "F1": 0.6900103568402222}, "Partial": {"Correct": 6525, "Incorrect": 0, "Partial": 1071, "Missed": 3095, "Spurious": 3104, "Possible": 10691, "Actual": 10700, "Precision": 0.6471118538743997, "Recall": 0.6598248752471518, "F1": 0.6508144242538367}, "Strict": {"Correct": 6523, "Incorrect": 1073, "Partial": 0, "Missed": 3095, "Spurious": 3104, "Possible": 10691, "Actual": 10700, "Precision": 0.6095706618962433, "Recall": 0.6108652669240184, "F1": 0.6100492734519662}, "Exact": {"Correct": 6525, "Incorrect": 1071, "Partial": 0, "Missed": 3095, "Spurious": 3104, "Possible": 10691, "Actual": 10700, "Precision": 0.6096648149891724, "Recall": 0.6110535731098766, "F1": 0.610174810909205}}, "Objects": {"Ent_type": {"Correct": 7225, "Incorrect": 179, "Partial": 0, "Missed": 3293, "Spurious": 3159, "Possible": 10697, "Actual": 10563, "Precision": 0.6602446411197941, "Recall": 0.6717823180491479, "F1": 0.6636199921389639}, "Partial": {"Correct": 6711, "Incorrect": 0, "Partial": 693, "Missed": 3293, "Spurious": 3159, "Possible": 10697, "Actual": 10563, "Precision": 0.6433068920064025, "Recall": 0.658130119574428, "F1": 0.6480388508540283}, "Strict": {"Correct": 6533, "Incorrect": 871, "Partial": 0, "Missed": 3293, "Spurious": 3159, "Possible": 10697, "Actual": 10563, "Precision": 0.6091391268869849, "Recall": 0.6108652669240184, "F1": 0.6097668141731789}, "Exact": {"Correct": 6711, "Incorrect": 693, "Partial": 0, "Missed": 3293, "Spurious": 3159, "Possible": 10697, "Actual": 10563, "Precision": 0.6177070583435332, "Recall": 0.6276245174653987, "F1": 0.6210651853246713}}}, "Exact_match": {"Precision": 0.16746500724853527, "Recall": 0.11375910567504365, "F1": 0.1262087369348194}}