{"Total_scores": {"Ent_type": {"Correct": 17396, "Incorrect": 115, "Partial": 0, "Missed": 6923, "Spurious": 6483, "Possible": 24434, "Actual": 23994, "Precision": 0.6928051717842715, "Recall": 0.7095082034792646, "F1": 0.6990721757973798}, "Partial": {"Correct": 16248, "Incorrect": 0, "Partial": 1263, "Missed": 6923, "Spurious": 6483, "Possible": 24434, "Actual": 23994, "Precision": 0.6751010712224539, "Recall": 0.6908803281391706, "F1": 0.6808900528663081}, "Strict": {"Correct": 16145, "Incorrect": 1366, "Partial": 0, "Missed": 6923, "Spurious": 6483, "Possible": 24434, "Actual": 23994, "Precision": 0.6504879097322828, "Recall": 0.6594319399785638, "F1": 0.654115182918052}, "Exact": {"Correct": 16248, "Incorrect": 1263, "Partial": 0, "Missed": 6923, "Spurious": 6483, "Possible": 24434, "Actual": 23994, "Precision": 0.6536435697207401, "Recall": 0.6655124082776815, "F1": 0.6581044412481464}}, "Scores_per_tag": {"Subjects": {"Ent_type": {"Correct": 6266, "Incorrect": 17, "Partial": 0, "Missed": 1832, "Spurious": 1570, "Possible": 8115, "Actual": 7853, "Precision": 0.7525146343474318, "Recall": 0.7605738313133812, "F1": 0.7554786049962899}, "Partial": {"Correct": 6091, "Incorrect": 0, "Partial": 192, "Missed": 1832, "Spurious": 1570, "Possible": 8115, "Actual": 7853, "Precision": 0.7486705416769726, "Recall": 0.7543903042295326, "F1": 0.7507956138181219}, "Strict": {"Correct": 6078, "Incorrect": 205, "Partial": 0, "Missed": 1832, "Spurious": 1570, "Possible": 8115, "Actual": 7853, "Precision": 0.7421056970896199, "Recall": 0.7444966608953747, "F1": 0.7430620826119219}, "Exact": {"Correct": 6091, "Incorrect": 192, "Partial": 0, "Missed": 1832, "Spurious": 1570, "Possible": 8115, "Actual": 7853, "Precision": 0.7432805672355511, "Recall": 0.7461043779371753, "F1": 0.7443812350564762}}, "Predicates": {"Ent_type": {"Correct": 5696, "Incorrect": 8, "Partial": 0, "Missed": 2477, "Spurious": 2452, "Possible": 8181, "Actual": 8156, "Precision": 0.672250391623382, "Recall": 0.6926787039327232, "F1": 0.6785808510888897}, "Partial": {"Correct": 5038, "Incorrect": 0, "Partial": 666, "Missed": 2477, "Spurious": 2452, "Possible": 8181, "Actual": 8156, "Precision": 0.6439896116744991, "Recall": 0.6554229532525353, "F1": 0.6476146308139877}, "Strict": {"Correct": 5037, "Incorrect": 667, "Partial": 0, "Missed": 2477, "Spurious": 2452, "Possible": 8181, "Actual": 8156, "Precision": 0.614924973204716, "Recall": 0.6170541676972545, "F1": 0.6157414932334546}, "Exact": {"Correct": 5038, "Incorrect": 666, "Partial": 0, "Missed": 2477, "Spurious": 2452, "Possible": 8181, "Actual": 8156, "Precision": 0.6149868084755544, "Recall": 0.6171778382389315, "F1": 0.6158239402612393}}, "Objects": {"Ent_type": {"Correct": 5434, "Incorrect": 90, "Partial": 0, "Missed": 2614, "Spurious": 2461, "Possible": 8138, "Actual": 7985, "Precision": 0.6557393437216589, "Recall": 0.6644818204303735, "F1": 0.6583157642643174}, "Partial": {"Correct": 5119, "Incorrect": 0, "Partial": 405, "Missed": 2614, "Spurious": 2461, "Possible": 8138, "Actual": 7985, "Precision": 0.6420237653557589, "Recall": 0.6524548602522879, "F1": 0.6453546007404528}, "Strict": {"Correct": 5030, "Incorrect": 494, "Partial": 0, "Missed": 2614, "Spurious": 2461, "Possible": 8138, "Actual": 7985, "Precision": 0.616744991343062, "Recall": 0.6182908731140242, "F1": 0.6173056311319977}, "Exact": {"Correct": 5119, "Incorrect": 405, "Partial": 0, "Missed": 2614, "Spurious": 2461, "Possible": 8138, "Actual": 7985, "Precision": 0.6224956715310414, "Recall": 0.6292975513232748, "F1": 0.6248083106604007}}}, "Exact_match": {"Precision": 0.1723565757430291, "Recall": 0.1272743142154767, "F1": 0.13738184379235974}}