{"Total_scores": {"Ent_type": {"Correct": 22324, "Incorrect": 232, "Partial": 0, "Missed": 9304, "Spurious": 8670, "Possible": 31860, "Actual": 31226, "Precision": 0.6784394911628954, "Recall": 0.6976910953506698, "F1": 0.685495065480881}, "Partial": {"Correct": 20580, "Incorrect": 0, "Partial": 1976, "Missed": 9304, "Spurious": 8670, "Possible": 31860, "Actual": 31226, "Precision": 0.6587773274794552, "Recall": 0.6773404255319149, "F1": 0.6652888663739728}, "Strict": {"Correct": 20365, "Incorrect": 2191, "Partial": 0, "Missed": 9304, "Spurious": 8670, "Possible": 31860, "Actual": 31226, "Precision": 0.6276809636384104, "Recall": 0.6369109535066981, "F1": 0.6311436826897819}, "Exact": {"Correct": 20580, "Incorrect": 1976, "Partial": 0, "Missed": 9304, "Spurious": 8670, "Possible": 31860, "Actual": 31226, "Precision": 0.6330946752223348, "Recall": 0.6466509062253742, "F1": 0.6378144020413524}}, "Scores_per_tag": {"Subjects": {"Ent_type": {"Correct": 7674, "Incorrect": 33, "Partial": 0, "Missed": 2872, "Spurious": 2531, "Possible": 10579, "Actual": 10238, "Precision": 0.6981717888100867, "Recall": 0.7084633569739953, "F1": 0.7019637509850276}, "Partial": {"Correct": 7413, "Incorrect": 0, "Partial": 294, "Missed": 2872, "Spurious": 2531, "Possible": 10579, "Actual": 10238, "Precision": 0.6946966115051222, "Recall": 0.7019858156028369, "F1": 0.6974026792750198}, "Strict": {"Correct": 7382, "Incorrect": 325, "Partial": 0, "Missed": 2872, "Spurious": 2531, "Possible": 10579, "Actual": 10238, "Precision": 0.6865878644602049, "Recall": 0.6894562647754137, "F1": 0.6877352245862884}, "Exact": {"Correct": 7413, "Incorrect": 294, "Partial": 0, "Missed": 2872, "Spurious": 2531, "Possible": 10579, "Actual": 10238, "Precision": 0.6888100866824272, "Recall": 0.692387706855792, "F1": 0.690193853427896}}, "Predicates": {"Ent_type": {"Correct": 7521, "Incorrect": 16, "Partial": 0, "Missed": 3107, "Spurious": 3088, "Possible": 10644, "Actual": 10625, "Precision": 0.6812955082742317, "Recall": 0.7046808510638298, "F1": 0.6879558707643814}, "Partial": {"Correct": 6471, "Incorrect": 0, "Partial": 1066, "Missed": 3107, "Spurious": 3088, "Possible": 10644, "Actual": 10625, "Precision": 0.6447336485421592, "Recall": 0.6574231678486998, "F1": 0.6484192277383767}, "Strict": {"Correct": 6469, "Incorrect": 1068, "Partial": 0, "Missed": 3107, "Spurious": 3088, "Possible": 10644, "Actual": 10625, "Precision": 0.6071788810086682, "Recall": 0.6084633569739952, "F1": 0.6076532702915681}, "Exact": {"Correct": 6471, "Incorrect": 1066, "Partial": 0, "Missed": 3107, "Spurious": 3088, "Possible": 10644, "Actual": 10625, "Precision": 0.6072734436564223, "Recall": 0.6086524822695035, "F1": 0.6077793538219071}}, "Objects": {"Ent_type": {"Correct": 7129, "Incorrect": 183, "Partial": 0, "Missed": 3325, "Spurious": 3051, "Possible": 10637, "Actual": 10363, "Precision": 0.6578707643814027, "Recall": 0.6669503546099291, "F1": 0.6605862884160757}, "Partial": {"Correct": 6696, "Incorrect": 0, "Partial": 616, "Missed": 3325, "Spurious": 3051, "Possible": 10637, "Actual": 10363, "Precision": 0.643214342001576, "Recall": 0.6569267139479905, "F1": 0.6476485421591804}, "Strict": {"Correct": 6514, "Incorrect": 798, "Partial": 0, "Missed": 3325, "Spurious": 3051, "Possible": 10637, "Actual": 10363, "Precision": 0.6108747044917258, "Recall": 0.6123877068557919, "F1": 0.6114168636721828}, "Exact": {"Correct": 6696, "Incorrect": 616, "Partial": 0, "Missed": 3325, "Spurious": 3051, "Possible": 10637, "Actual": 10363, "Precision": 0.6196690307328605, "Recall": 0.6295981087470449, "F1": 0.623016548463357}}}, "Exact_match": {"Precision": 0.17240457907429343, "Recall": 0.11742826024724083, "F1": 0.13030418261478752}}